high,low,last,instrument_name,bid_price,ask_price,open_interest,mark_price,interest_rate,creation_timestamp,estimated_delivery_price,price_change,volume,mark_iv,underlying_price,underlying_index,base_currency,quote_currency,volume_usd,mid_price,expiration_timestamp,option_type,strike,is_active,state,snapshot_time,expiry,time_to_expiry,implied_volatility,forward,log_forward_moneyness,quoted_price_unit,valid_svi_quote,calibration_forward,quote_selection,market_total_variance,svi_total_variance,svi_implied_volatility,svi_iv_residual
0.0003,0.0001,0.0003,BTC-9OCT26-65000-P,0.0001,0.0002,240.9,0.00017738,0.0,1790791239357,84037.31,200.0,10.6,67.12,84132.52,BTC-9OCT26,BTC,BTC,163.26,0.00015,1791532800000,put,65000.0,True,open,2026-09-30 18:00:39.948245+00:00,2026-10-09 08:00:00+00:00,0.023514714984620752,0.6712,84132.52,-0.25800328993596827,BTC,True,84132.3,otm,0.010593601079481105,0.01054854142314389,0.6697710113925277,-0.0014289886074723146
0.0003,0.0002,0.0003,BTC-9OCT26-68000-P,0.0002,0.0003,756.7,0.00024173,0.0,1790791239354,84037.31,50.0,48.0,58.62,84132.3,BTC-9OCT26,BTC,BTC,1057.68,0.00025,1791532800000,put,68000.0,True,open,2026-09-30 18:00:39.948245+00:00,2026-10-09 08:00:00+00:00,0.023514714984620752,0.5861999999999999,84132.3,-0.21288285465549858,BTC,True,84132.3,otm,0.008080371856639821,0.0083656178015319,0.596457013997009,0.010257013997009068
0.0005,0.0003,0.0005,BTC-9OCT26-70000-P,0.0004,0.0005,128.8,0.00042843,0.0,1790791239354,84037.31,25.0,2.1,55.59,84132.52,BTC-9OCT26,BTC,BTC,72.47,0.00045,1791532800000,put,70000.0,True,open,2026-09-30 18:00:39.948245+00:00,2026-10-09 08:00:00+00:00,0.023514714984620752,0.5559000000000001,84132.52,-0.18389531778224627,BTC,True,84132.3,otm,0.007266630330326583,0.0070507097182224785,0.5475787144893783,-0.008321285510621723
0.0005,0.0005,0.0005,BTC-9OCT26-72000-P,0.0005,0.0007,97.7,0.00058295,0.0,1790791239355,84037.31,0.0,1.0,50.4,84132.3,BTC-9OCT26,BTC,BTC,41.87,0.0006,1791532800000,put,72000.0,True,open,2026-09-30 18:00:39.948245+00:00,2026-10-09 08:00:00+00:00,0.023514714984620752,0.504,84132.3,-0.1557244408155501,BTC,True,84132.3,otm,0.005973113841533426,0.0058627268316639,0.499321159084003,-0.004678840915997018
,,0.0007,BTC-9OCT26-73000-P,0.0006,0.0008,200.6,0.00068172,0.0,1790791239357,84037.31,,0.0,47.75,84132.52,BTC-9OCT26,BTC,BTC,0.0,0.0007,1791532800000,put,73000.0,True,open,2026-09-30 18:00:39.948245+00:00,2026-10-09 08:00:00+00:00,0.023514714984620752,0.4775,84132.52,-0.14193111868321417,BTC,True,84132.3,otm,0.005361501983462185,0.005321266946925774,0.4757049423728881,-0.0017950576271119068
0.0008,0.0008,0.0008,BTC-9OCT26-74000-P,0.0007,0.001,513.5,0.00085807,0.0,1790791239357,84037.31,0.0,0.5,45.62,84132.3,BTC-9OCT26,BTC,BTC,33.36,0.00085,1791532800000,put,74000.0,True,open,2026-09-30 18:00:39.948245+00:00,2026-10-09 08:00:00+00:00,0.023514714984620752,0.4562,84132.3,-0.12832546662743563,BTC,True,84132.3,otm,0.0048938457996438945,0.0048177913457067515,0.4526412547479509,-0.003558745252049078
0.0013,0.0007,0.0007,BTC-9OCT26-75000-P,0.0009,0.0012,1184.3,0.0010291,0.0,1790791239365,84037.31,-46.1538,7.4,43.03,84132.52,BTC-9OCT26,BTC,BTC,529.92,0.00105,1791532800000,put,75000.0,True,open,2026-09-30 18:00:39.948245+00:00,2026-10-09 08:00:00+00:00,0.023514714984620752,0.4303,84132.52,-0.11490244629529486,BTC,True,84132.3,otm,0.0043539397134467585,0.004354635210574038,0.43033436662920205,3.4366629202031707e-05
0.0019,0.001,0.0012,BTC-9OCT26-76000-P,0.0012,0.0014,913.7,0.00127671,0.0,1790791239365,84037.31,-20.0,218.8,40.63,84132.3,BTC-9OCT26,BTC,BTC,26466.5,0.0013,1791532800000,put,76000.0,True,open,2026-09-30 18:00:39.948245+00:00,2026-10-09 08:00:00+00:00,0.023514714984620752,0.40630000000000005,84132.3,-0.10165721954527428,BTC,True,84132.3,otm,0.003881801860099549,0.0039341161720627404,0.4090286516433974,0.0027286516433973618
0.0023,0.0012,0.0016,BTC-9OCT26-77000-P,0.0015,0.0018,183.1,0.00163344,0.0,1790791239367,84037.31,-27.2727,23.8,38.4,84132.24,BTC-9OCT26,BTC,BTC,3288.64,0.00165,1791532800000,put,77000.0,True,open,2026-09-30 18:00:39.948245+00:00,2026-10-09 08:00:00+00:00,0.023514714984620752,0.384,84132.24,-0.08858513797792145,BTC,True,84132.3,otm,0.003467385812772238,0.003558410998308269,0.38900769691030945,0.005007696910309445
0.0032,0.0019,0.0021,BTC-9OCT26-78000-P,0.0021,0.0024,986.7,0.00220432,0.0,1790791239363,84037.31,-25.0,13.7,36.55,84132.24,BTC-9OCT26,BTC,BTC,2731.95,0.00225,1791532800000,put,78000.0,True,open,2026-09-30 18:00:39.948245+00:00,2026-10-09 08:00:00+00:00,0.023514714984620752,0.3655,84132.24,-0.07568173314201361,BTC,True,84132.3,otm,0.0031413366534742324,0.003229408741280219,0.370588252862707,0.005088252862707032
0.0045,0.0024,0.003,BTC-9OCT26-79000-P,0.0029,0.0033,373.9,0.00306944,0.0,1790791239357,84037.31,-25.0,13.0,34.95,84132.24,BTC-9OCT26,BTC,BTC,3570.73,0.0031,1791532800000,put,79000.0,True,open,2026-09-30 18:00:39.948245+00:00,2026-10-09 08:00:00+00:00,0.023514714984620752,0.34950000000000003,84132.24,-0.0629427073645838,BTC,True,84132.3,otm,0.0028723283140501717,0.0029485525695026396,0.3541070538339786,0.0046070538339785805
0.007,0.0035,0.0046,BTC-9OCT26-80000-P,0.0043,0.0046,993.4,0.00442574,0.0,1790791239357,84037.31,-29.2308,329.9,33.76,84132.24,BTC-9OCT26,BTC,BTC,161476.59,0.00445,1791532800000,put,80000.0,True,open,2026-09-30 18:00:39.948245+00:00,2026-10-09 08:00:00+00:00,0.023514714984620752,0.33759999999999996,84132.24,-0.05036392515772373,BTC,True,84132.3,otm,0.0026800604821255684,0.0027166893674690946,0.339899191801593,0.002299191801593048
0.0098,0.0042,0.006,BTC-9OCT26-81000-P,0.006,0.007,478.4,0.00636761,0.0,1790791239367,84037.31,-36.8421,482.8,32.68,84132.52,BTC-9OCT26,BTC,BTC,324908.42,0.0065,1791532800000,put,81000.0,True,open,2026-09-30 18:00:39.948245+00:00,2026-10-09 08:00:00+00:00,0.023514714984620752,0.3268,84132.52,-0.03794140515916662,BTC,True,84132.3,otm,0.002511330174459123,0.0025339502505915667,0.3282684786646494,0.0014684786646494419
0.015,0.007,0.0085,BTC-9OCT26-82000-P,0.009,0.0095,276.4,0.00926495,0.0,1790791239357,84037.31,-29.1667,11.9,32.05,84132.24,BTC-9OCT26,BTC,BTC,11548.74,0.00925,1791532800000,put,82000.0,True,open,2026-09-30 18:00:39.948245+00:00,2026-10-09 08:00:00+00:00,0.023514714984620752,0.32049999999999995,84132.24,-0.025671312567352212,BTC,True,84132.3,otm,0.0024154374018989892,0.0023996838484026776,0.3194531350922581,-0.0010468649077418624
0.019,0.0085,0.0155,BTC-9OCT26-83000-P,0.013,0.0135,457.0,0.01318248,0.0,1790791239358,84037.31,-8.8235,28.7,31.54,84132.3,BTC-9OCT26,BTC,BTC,37095.49,0.01325,1791532800000,put,83000.0,True,open,2026-09-30 18:00:39.948245+00:00,2026-10-09 08:00:00+00:00,0.023514714984620752,0.3154,84132.3,-0.013549952035007452,BTC,True,84132.3,otm,0.0023391770648795163,0.002312456512116613,0.31359340990983026,-0.0018065900901697574
0.026,0.0125,0.017,BTC-9OCT26-84000-P,0.018,0.019,108.9,0.01838064,0.0,1790791239364,84037.31,-26.087,17.8,31.34,84132.24,BTC-9OCT26,BTC,BTC,28144.4,0.0185,1791532800000,put,84000.0,True,open,2026-09-30 18:00:39.948245+00:00,2026-10-09 08:00:00+00:00,0.023514714984620752,0.3134,84132.24,-0.0015737609882916996,BTC,True,84132.3,otm,0.0023096049593148574,0.002270121122756666,0.3107095881219785,-0.0026904118780214925
0.0214,0.0125,0.015,BTC-9OCT26-85000-C,0.014,0.015,523.7,0.01461817,0.0,1790791239367,84037.31,7.1429,137.7,31.45,84132.24,BTC-9OCT26,BTC,BTC,211648.97,0.0145,1791532800000,call,85000.0,True,open,2026-09-30 18:00:39.948245+00:00,2026-10-09 08:00:00+00:00,0.023514714984620752,0.3145,84132.24,0.0102606966587112,BTC,True,84132.3,otm,0.0023258463378075848,0.002269942865778021,0.31069738894036325,-0.0038026110596367513
0.014,0.0081,0.0106,BTC-9OCT26-86000-C,0.01,0.011,872.1,0.01045581,0.0,1790791239354,84037.31,0.0,699.1,31.67,84132.24,BTC-9OCT26,BTC,BTC,577890.18,0.0105,1791532800000,call,86000.0,True,open,2026-09-30 18:00:39.948245+00:00,2026-10-09 08:00:00+00:00,0.023514714984620752,0.31670000000000004,84132.24,0.02195673642190232,BTC,True,84132.3,otm,0.0023584998116238294,0.0023087606419000366,0.3133427102751264,-0.0033572897248736466
0.0135,0.0055,0.0064,BTC-9OCT26-87000-C,0.007,0.008,792.8,0.00743281,0.0,1790791239358,84037.31,-14.6667,311.4,32.2,84132.3,BTC-9OCT26,BTC,BTC,200260.99,0.0075,1791532800000,call,87000.0,True,open,2026-09-30 18:00:39.948245+00:00,2026-10-09 08:00:00+00:00,0.023514714984620752,0.322,84132.3,0.03351755882297836,BTC,True,84132.3,otm,0.0024380997084654183,0.0023831594246571464,0.3183513445528325,-0.003648655447167526
0.0096,0.0042,0.0045,BTC-9OCT26-88000-C,0.005,0.0055,586.7,0.00527235,0.0,1790791239355,84037.31,-10.0,148.8,32.91,84132.3,BTC-9OCT26,BTC,BTC,105433.7,0.00525,1791532800000,call,88000.0,True,open,2026-09-30 18:00:39.948245+00:00,2026-10-09 08:00:00+00:00,0.023514714984620752,0.32909999999999995,84132.3,0.04494625464660118,BTC,True,84132.3,otm,0.002546803768043472,0.0024896317731253875,0.32538512808096676,-0.0037148719190331914
0.0065,0.0031,0.0031,BTC-9OCT26-89000-C,0.0034,0.0038,217.1,0.00367611,0.0,1790791239354,84037.31,-13.8889,6.2,33.54,84132.24,BTC-9OCT26,BTC,BTC,2136.94,0.0036,1791532800000,call,89000.0,True,open,2026-09-30 18:00:39.948245+00:00,2026-10-09 08:00:00+00:00,0.023514714984620752,0.3354,84132.24,0.0562458099005346,BTC,True,84132.3,otm,0.0026452445951193394,0.002624713573364159,0.33409586381314477,-0.0013041361868552093
0.0055,0.0019,0.0024,BTC-9OCT26-90000-C,0.0024,0.0028,1527.5,0.00258645,0.0,1790791239354,84037.31,-11.1111,208.8,34.35,84132.3,BTC-9OCT26,BTC,BTC,44502.59,0.0026,1791532800000,call,90000.0,True,open,2026-09-30 18:00:39.948245+00:00,2026-10-09 08:00:00+00:00,0.023514714984620752,0.3435,84132.3,0.06741911049865967,BTC,True,84132.3,otm,0.0027745541291441184,0.002785086958891004,0.3441513839055671,0.0006513839055670712
0.0027,0.0012,0.0019,BTC-9OCT26-92000-C,0.0012,0.0015,812.7,0.00137026,0.0,1790791239354,84037.31,35.7143,6.6,36.51,84132.52,BTC-9OCT26,BTC,BTC,1169.94,0.00135,1791532800000,call,92000.0,True,open,2026-09-30 18:00:39.948245+00:00,2026-10-09 08:00:00+00:00,0.023514714984620752,0.3651,84132.52,0.08939801721743504,BTC,True,84132.3,otm,0.003134464713167127,0.0031695569572313554,0.36713807009862226,0.00203807009862228
0.0011,0.0007,0.0011,BTC-9OCT26-94000-C,0.0007,0.0008,278.1,0.0007461,0.0,1790791239357,84037.31,57.1429,5.4,38.65,84132.3,BTC-9OCT26,BTC,BTC,353.08,0.00075,1791532800000,call,94000.0,True,open,2026-09-30 18:00:39.948245+00:00,2026-10-09 08:00:00+00:00,0.023514714984620752,0.3865,84132.3,0.11090422243839852,BTC,True,84132.3,otm,0.003512681032511363,0.0036213859784876897,0.3924348324186726,0.005934832418672598
0.0009,0.0005,0.0007,BTC-9OCT26-95000-C,0.0005,0.0007,1062.6,0.00058312,0.0,1790791239357,84037.31,40.0,14.7,40.01,84132.3,BTC-9OCT26,BTC,BTC,653.47,0.0006,1791532800000,call,95000.0,True,open,2026-09-30 18:00:39.948245+00:00,2026-10-09 08:00:00+00:00,0.023514714984620752,0.40009999999999996,84132.3,0.12148633176893552,BTC,True,84132.3,otm,0.003764235809885239,0.0038669709527660873,0.405523097357131,0.005423097357131035
0.0003,0.0001,0.0002,BTC-9OCT26-100000-C,0.0002,0.0003,243.6,0.00023879,0.0,1790791239354,84037.31,100.0,124.8,47.6,84132.3,BTC-9OCT26,BTC,BTC,1576.07,0.00025,1791532800000,call,100000.0,True,open,2026-09-30 18:00:39.948245+00:00,2026-10-09 08:00:00+00:00,0.023514714984620752,0.47600000000000003,84132.3,0.17277962615648612,BTC,True,84132.3,otm,0.005327870062355432,0.005225879310664082,0.471421980722617,-0.00457801927738305
0.0011,0.0009,0.0009,BTC-16OCT26-70000-P,0.001,0.0013,56.8,0.00112769,0.0,1790791239365,84037.31,-18.1818,9.0,48.26,84222.49,BTC-16OCT26,BTC,BTC,705.07,0.00115,1792137600000,put,70000.0,True,open,2026-09-30 18:00:39.948245+00:00,2026-10-16 08:00:00+00:00,0.04269279717640157,0.4826,84222.49,-0.18497042639157393,BTC,True,84222.8,otm,0.009943270294504132,0.009936467739488059,0.4824348895968886,-0.00016511040311134595
0.0029,0.0027,0.0027,BTC-16OCT26-75000-P,0.0025,0.0028,70.7,0.00261884,0.0,1790791239367,84037.31,-3.5714,0.7,39.23,84222.49,BTC-16OCT26,BTC,BTC,162.73,0.00265,1792137600000,put,75000.0,True,open,2026-09-30 18:00:39.948245+00:00,2026-10-16 08:00:00+00:00,0.04269279717640157,0.3923,84222.49,-0.11597755490462239,BTC,True,84222.8,otm,0.006570391173562206,0.006542218540696476,0.3914580412475313,-0.0008419587524686745
0.0036,0.0033,0.0033,BTC-16OCT26-76000-P,0.0031,0.0035,592.6,0.00326757,0.0,1790791239354,84037.31,-8.3333,1.2,37.8,84222.8,BTC-16OCT26,BTC,BTC,336.68,0.0033,1792137600000,put,76000.0,True,open,2026-09-30 18:00:39.948245+00:00,2026-10-16 08:00:00+00:00,0.04269279717640157,0.37799999999999995,84222.8,-0.1027323281546018,BTC,True,84222.8,otm,0.00610011763175296,0.006107814226708391,0.37823838850068525,0.00023838850068530482
0.0065,0.0047,0.0055,BTC-16OCT26-78000-P,0.005,0.006,559.2,0.00540029,0.0,1790791239363,84037.31,-8.3333,15.1,35.55,84222.49,BTC-16OCT26,BTC,BTC,7413.66,0.0055,1792137600000,put,78000.0,True,open,2026-09-30 18:00:39.948245+00:00,2026-10-16 08:00:00+00:00,0.04269279717640157,0.3555,84222.49,-0.07675684175134113,BTC,True,84222.8,otm,0.005395526380352925,0.005430075138537216,0.3566363566904514,0.0011363566904514233
0.009,0.005,0.005,BTC-16OCT26-79000-P,0.0065,0.0075,161.5,0.00697905,0.0,1790791239355,84037.31,-38.2716,11.0,34.55,84222.49,BTC-16OCT26,BTC,BTC,6231.93,0.007,1792137600000,put,79000.0,True,open,2026-09-30 18:00:39.948245+00:00,2026-10-16 08:00:00+00:00,0.04269279717640157,0.3455,84222.49,-0.06401781597391143,BTC,True,84222.8,otm,0.005096249872146349,0.005176267793102596,0.3482018411133878,0.0027018411133878373
0.012,0.0075,0.0095,BTC-16OCT26-80000-P,0.009,0.0095,84.7,0.00930282,0.0,1790791239357,84037.31,-20.8333,8.7,34.08,84222.8,BTC-16OCT26,BTC,BTC,6183.75,0.00925,1792137600000,put,80000.0,True,open,2026-09-30 18:00:39.948245+00:00,2026-10-16 08:00:00+00:00,0.04269279717640157,0.3408,84222.8,-0.05143903376705124,BTC,True,84222.8,otm,0.004958539558646177,0.004973013977233737,0.34129705030690927,0.0004970503069092747
0.0155,0.011,0.0115,BTC-16OCT26-81000-P,0.012,0.0125,61.2,0.01217916,0.0,1790791239365,84037.31,-23.3333,57.8,33.56,84222.8,BTC-16OCT26,BTC,BTC,55177.78,0.01225,1792137600000,put,81000.0,True,open,2026-09-30 18:00:39.948245+00:00,2026-10-16 08:00:00+00:00,0.04269279717640157,0.3356,84222.8,-0.03901651376849414,BTC,True,84222.8,otm,0.0048083770369935636,0.004816236202699192,0.3358741527052271,0.0002741527052270709
0.014,0.0125,0.0125,BTC-16OCT26-82000-P,0.0155,0.016,69.4,0.01584952,0.0,1790791239354,84037.31,-10.7143,11.9,33.23,84222.49,BTC-16OCT26,BTC,BTC,13564.97,0.01575,1792137600000,put,82000.0,True,open,2026-09-30 18:00:39.948245+00:00,2026-10-16 08:00:00+00:00,0.04269279717640157,0.3323,84222.49,-0.026746421176679722,BTC,True,84222.8,otm,0.004714279123520971,0.0047022317707849925,0.3318751316250117,-0.00042486837498828534
0.024,0.0155,0.0205,BTC-16OCT26-83000-P,0.02,0.021,447.8,0.02038838,0.0,1790791239364,84037.31,-8.8889,41.6,33.04,84222.8,BTC-16OCT26,BTC,BTC,69922.36,0.0205,1792137600000,put,83000.0,True,open,2026-09-30 18:00:39.948245+00:00,2026-10-16 08:00:00+00:00,0.04269279717640157,0.33039999999999997,84222.8,-0.014625060644334964,BTC,True,84222.8,otm,0.004660523341812248,0.0046276328030885605,0.3292320759248581,-0.0011679240751418796
0.031,0.0195,0.0255,BTC-16OCT26-84000-P,0.0255,0.026,81.8,0.02577428,0.0,1790791239365,84037.31,-17.7419,35.9,32.9,84222.8,BTC-16OCT26,BTC,BTC,78793.07,0.02575,1792137600000,put,84000.0,True,open,2026-09-30 18:00:39.948245+00:00,2026-10-16 08:00:00+00:00,0.04269279717640157,0.32899999999999996,84222.8,-0.0026488695976192083,BTC,True,84222.8,otm,0.0046211110591708815,0.004589371110273827,0.32786819037761195,-0.0011318096223880136
0.0285,0.0205,0.0225,BTC-16OCT26-85000-C,0.0225,0.0235,66.4,0.02291573,0.0,1790791239355,84037.31,2.2727,35.3,32.95,84222.49,BTC-16OCT26,BTC,BTC,66464.78,0.023,1792137600000,call,85000.0,True,open,2026-09-30 18:00:39.948245+00:00,2026-10-16 08:00:00+00:00,0.04269279717640157,0.3295,84222.49,0.009185588049383582,BTC,True,84222.8,otm,0.004635167662641213,0.004584647249361168,0.32769940881203785,-0.0018005911879621639
0.0255,0.015,0.017,BTC-16OCT26-86000-C,0.018,0.0185,164.6,0.01826278,0.0,1790791239357,84037.31,13.3333,72.3,33.06,84222.8,BTC-16OCT26,BTC,BTC,109121.76,0.01825,1792137600000,call,86000.0,True,open,2026-09-30 18:00:39.948245+00:00,2026-10-16 08:00:00+00:00,0.04269279717640157,0.3306,84222.8,0.02088162781257492,BTC,True,84222.8,otm,0.00466616732959897,0.004610903214828405,0.32863642537171733,-0.0019635746282826716
0.0195,0.011,0.014,BTC-16OCT26-87000-C,0.014,0.015,284.6,0.01437184,0.0,1790791239366,84037.31,7.6923,247.2,33.19,84222.8,BTC-16OCT26,BTC,BTC,351762.45,0.0145,1792137600000,call,87000.0,True,open,2026-09-30 18:00:39.948245+00:00,2026-10-16 08:00:00+00:00,0.04269279717640157,0.3319,84222.8,0.032442450213650754,BTC,True,84222.8,otm,0.004702936501167145,0.004665798288789463,0.33058692638996845,-0.0013130736100315232
0.0155,0.009,0.0115,BTC-16OCT26-88000-C,0.011,0.0115,65.4,0.01120084,0.0,1790791239365,84037.31,9.5238,19.6,33.37,84222.49,BTC-16OCT26,BTC,BTC,22346.88,0.01125,1792137600000,call,88000.0,True,open,2026-09-30 18:00:39.948245+00:00,2026-10-16 08:00:00+00:00,0.04269279717640157,0.3337,84222.49,0.043871146037273566,BTC,True,84222.8,otm,0.004754085887608248,0.004747187643159789,0.33345781045278905,-0.000242189547210947
0.013,0.007,0.009,BTC-16OCT26-89000-C,0.0085,0.009,363.2,0.00871385,0.0,1790791239364,84037.31,5.8824,75.7,33.69,84222.8,BTC-16OCT26,BTC,BTC,57015.4,0.00875,1792137600000,call,89000.0,True,open,2026-09-30 18:00:39.948245+00:00,2026-10-16 08:00:00+00:00,0.04269279717640157,0.3369,84222.8,0.05517070129120699,BTC,True,84222.8,otm,0.004845701214925032,0.004853103344047066,0.3371572203242523,0.00025722032425234964
0.01,0.0055,0.0075,BTC-16OCT26-90000-C,0.0065,0.007,317.5,0.00679544,0.0,1790791239367,84037.31,25.0,69.5,34.14,84222.49,BTC-16OCT26,BTC,BTC,46647.55,0.00675,1792137600000,call,90000.0,True,open,2026-09-30 18:00:39.948245+00:00,2026-10-16 08:00:00+00:00,0.04269279717640157,0.3414,84222.49,0.06634400188933227,BTC,True,84222.8,otm,0.004976014574386421,0.0049817374572479756,0.34159626457494546,0.00019626457494548166
0.006,0.0039,0.006,BTC-16OCT26-92000-C,0.0039,0.0043,32.3,0.00408593,0.0,1790791239355,84037.31,50.0,7.8,35.07,84222.49,BTC-16OCT26,BTC,BTC,3589.61,0.0041,1792137600000,call,92000.0,True,open,2026-09-30 18:00:39.948245+00:00,2026-10-16 08:00:00+00:00,0.04269279717640157,0.3507,84222.49,0.08832290860810743,BTC,True,84222.8,otm,0.005250808044196246,0.005300640480214974,0.35236021748532226,0.0016602174853222462
0.0025,0.0021,0.0021,BTC-16OCT26-94000-C,0.0023,0.0027,1.1,0.00252995,0.0,1790791239357,84037.31,-16.0,0.7,36.34,84222.8,BTC-16OCT26,BTC,BTC,136.17,0.0025,1792137600000,call,94000.0,True,open,2026-09-30 18:00:39.948245+00:00,2026-10-16 08:00:00+00:00,0.04269279717640157,0.36340000000000006,84222.8,0.10982911382907093,BTC,True,84222.8,otm,0.005637992010284836,0.005692100104210812,0.3651396202326263,0.0017396202326262489
0.0025,0.0017,0.0025,BTC-16OCT26-95000-C,0.0018,0.0022,129.1,0.0019944,0.0,1790791239357,84037.31,31.5789,26.7,36.98,84222.8,BTC-16OCT26,BTC,BTC,4456.54,0.002,1792137600000,call,95000.0,True,open,2026-09-30 18:00:39.948245+00:00,2026-10-16 08:00:00+00:00,0.04269279717640157,0.36979999999999996,84222.8,0.12041122315960792,BTC,True,84222.8,otm,0.0058383271071791535,0.005911838836380828,0.37212083604346374,0.002320836043463781
0.0009,0.0007,0.0009,BTC-16OCT26-100000-C,0.0007,0.0009,43.9,0.00076431,0.0,1790791239367,84037.31,28.5714,30.2,41.3,84222.8,BTC-16OCT26,BTC,BTC,1767.84,0.0008,1792137600000,call,100000.0,True,open,2026-09-30 18:00:39.948245+00:00,2026-10-16 08:00:00+00:00,0.04269279717640157,0.413,84222.8,0.17170451754715854,BTC,True,84222.8,otm,0.007282067721581639,0.007208367605587684,0.41090474658891807,-0.00209525341108191
0.0001,0.0001,0.0001,BTC-30OCT26-40000-P,,0.0001,207.6,5.042e-05,0.0,1790791239354,84037.31,0.0,12.8,85.55,84396.48,BTC-30OCT26,BTC,BTC,109.15,,1793347200000,put,40000.0,True,open,2026-09-30 18:00:39.948245+00:00,2026-10-30 08:00:00+00:00,0.08104896155996322,0.8554999999999999,84396.48,-0.7466462404571116,BTC,True,84396.48,otm,0.05931813424874626,0.061197084954933145,0.8689437030507408,0.01344370305074083
,,0.0003,BTC-30OCT26-45000-P,0.0001,0.0002,290.7,0.00014232,0.0,1790791239356,84037.31,,0.0,79.95,84396.48,BTC-30OCT26,BTC,BTC,0.0,0.00015,1793347200000,put,45000.0,True,open,2026-09-30 18:00:39.948245+00:00,2026-10-30 08:00:00+00:00,0.08104896155996322,0.7995,84396.48,-0.6288632048007281,BTC,True,84396.48,otm,0.05180651649136888,0.051156875251567965,0.7944714172385272,-0.005028582761472777
0.0003,0.0001,0.0003,BTC-30OCT26-48000-P,0.0001,0.0003,202.0,0.00021165,0.0,1790791239355,84037.31,200.0,2.6,75.28,84396.48,BTC-30OCT26,BTC,BTC,60.71,0.0002,1793347200000,put,48000.0,True,open,2026-09-30 18:00:39.948245+00:00,2026-10-30 08:00:00+00:00,0.08104896155996322,0.7528,84396.48,-0.5643246836631568,BTC,True,84396.48,otm,0.04593108193988979,0.04569297206491944,0.7508461811443164,-0.0019538188556835756
0.0003,0.0002,0.0002,BTC-30OCT26-50000-P,0.0002,0.0004,429.1,0.00028534,0.0,1790791239364,84037.31,0.0,2.8,72.57,84396.48,BTC-30OCT26,BTC,BTC,57.55,0.0003,1793347200000,put,50000.0,True,open,2026-09-30 18:00:39.948245+00:00,2026-10-30 08:00:00+00:00,0.08104896155996322,0.7256999999999999,84396.48,-0.5235026891429017,BTC,True,84396.48,otm,0.04268366482993018,0.042256628329092855,0.7220606756188964,-0.0036393243811034814
0.0005,0.0005,0.0005,BTC-30OCT26-52000-P,0.0003,0.0005,125.9,0.00038153,0.0,1790791239357,84037.31,0.0,11.7,69.88,84396.48,BTC-30OCT26,BTC,BTC,496.03,0.0004,1793347200000,put,52000.0,True,open,2026-09-30 18:00:39.948245+00:00,2026-10-30 08:00:00+00:00,0.08104896155996322,0.6988,84396.48,-0.4842819759896204,BTC,True,84396.48,otm,0.03957794561946588,0.038973781901678745,0.693445841090987,-0.005354158909013029
0.0005,0.0004,0.0005,BTC-30OCT26-54000-P,0.0004,0.0006,179.7,0.00048846,0.0,1790791239354,84037.31,25.0,14.0,66.92,84396.48,BTC-30OCT26,BTC,BTC,585.61,0.0005,1793347200000,put,54000.0,True,open,2026-09-30 18:00:39.948245+00:00,2026-10-30 08:00:00+00:00,0.08104896155996322,0.6692,84396.48,-0.44654164800677343,BTC,True,84396.48,otm,0.03629604622881061,0.03583671505688768,0.6649521114231163,-0.0042478885768837404
0.0007,0.0005,0.0005,BTC-30OCT26-55000-P,0.0005,0.0006,325.3,0.00056731,0.0,1790791239358,84037.31,-28.5714,23.7,65.68,84396.48,BTC-30OCT26,BTC,BTC,1403.29,0.00055,1793347200000,put,55000.0,True,open,2026-09-30 18:00:39.948245+00:00,2026-10-30 08:00:00+00:00,0.08104896155996322,0.6568,84396.48,-0.4281925093385769,BTC,True,84396.48,otm,0.03496340678325707,0.03432094849490869,0.6507376181315229,-0.006062381868477185
0.0007,0.0006,0.0006,BTC-30OCT26-56000-P,0.0005,0.0007,467.7,0.00062758,0.0,1790791239367,84037.31,-14.2857,5.0,64.05,84396.48,BTC-30OCT26,BTC,BTC,288.0,0.0006,1793347200000,put,56000.0,True,open,2026-09-30 18:00:39.948245+00:00,2026-10-30 08:00:00+00:00,0.08104896155996322,0.6405,84396.48,-0.4101740038358986,BTC,True,84396.48,otm,0.033249546252599696,0.03283958450896152,0.6365391200885905,-0.003960879911409476
0.0008,0.0008,0.0008,BTC-30OCT26-57000-P,0.0006,0.0008,207.6,0.00069007,0.0,1790791239357,84037.31,0.0,1.0,62.37,84396.48,BTC-30OCT26,BTC,BTC,67.11,0.0007,1793347200000,put,57000.0,True,open,2026-09-30 18:00:39.948245+00:00,2026-10-30 08:00:00+00:00,0.08104896155996322,0.6236999999999999,84396.48,-0.3924744267364977,BTC,True,84396.48,otm,0.03152818301957072,0.031392197158789076,0.6223534899042836,-0.0013465100957162912
0.0008,0.0007,0.0008,BTC-30OCT26-58000-P,0.0007,0.0009,328.7,0.00078919,0.0,1790791239365,84037.31,14.2857,2.9,61.04,84396.48,BTC-30OCT26,BTC,BTC,186.78,0.0008,1793347200000,put,58000.0,True,open,2026-09-30 18:00:39.948245+00:00,2026-10-30 08:00:00+00:00,0.08104896155996322,0.6103999999999999,84396.48,-0.3750826840246285,BTC,True,84396.48,otm,0.03019788345753742,0.02997849237182833,0.6081786450524763,-0.002221354947523624
0.0009,0.0009,0.0009,BTC-30OCT26-59000-P,0.0008,0.001,301.2,0.00088841,0.0,1790791239364,84037.31,0.0,2.4,59.58,84396.48,BTC-30OCT26,BTC,BTC,181.25,0.0009,1793347200000,put,59000.0,True,open,2026-09-30 18:00:39.948245+00:00,2026-10-30 08:00:00+00:00,0.08104896155996322,0.5958,84396.48,-0.3579882506653284,BTC,True,84396.48,otm,0.02877056909900646,0.028598316487630487,0.5940137618035916,-0.0017862381964084406
0.0011,0.001,0.0011,BTC-30OCT26-60000-P,0.0009,0.0011,1288.6,0.00099918,0.0,1790791239357,84037.31,10.0,1.3,58.12,84396.48,BTC-30OCT26,BTC,BTC,119.5,0.001,1793347200000,put,60000.0,True,open,2026-09-30 18:00:39.948245+00:00,2026-10-30 08:00:00+00:00,0.08104896155996322,0.5811999999999999,84396.48,-0.34118113234894715,BTC,True,84396.48,otm,0.027377807533767735,0.027251667066197773,0.5798595442289226,-0.0013404557710773313
0.0011,0.0011,0.0011,BTC-30OCT26-61000-P,0.001,0.0012,274.1,0.00113839,0.0,1790791239358,84037.31,0.0,0.1,56.78,84396.48,BTC-30OCT26,BTC,BTC,9.17,0.0011,1793347200000,put,61000.0,True,open,2026-09-30 18:00:39.948245+00:00,2026-10-30 08:00:00+00:00,0.08104896155996322,0.5678,84396.48,-0.3246518303977366,BTC,True,84396.48,otm,0.026129929092213608,0.02593870618387938,0.5657185603245146,-0.0020814396754853526
0.0014,0.0011,0.0012,BTC-30OCT26-62000-P,0.0012,0.0014,1261.4,0.00128515,0.0,1790791239356,84037.31,0.0,6.8,55.37,84396.48,BTC-30OCT26,BTC,BTC,713.27,0.0013,1793347200000,put,62000.0,True,open,2026-09-30 18:00:39.948245+00:00,2026-10-30 08:00:00+00:00,0.08104896155996322,0.5537,84396.48,-0.3083913095259563,BTC,True,84396.48,otm,0.024848289705721678,0.024659776427886217,0.5515956594422937,-0.0021043405577062524
0.0016,0.0014,0.0016,BTC-30OCT26-63000-P,0.0013,0.0015,650.5,0.00142275,0.0,1790791239357,84037.31,14.2857,1.8,53.78,84396.48,BTC-30OCT26,BTC,BTC,218.19,0.0014,1793347200000,put,63000.0,True,open,2026-09-30 18:00:39.948245+00:00,2026-10-30 08:00:00+00:00,0.08104896155996322,0.5378000000000001,84396.48,-0.29239096817951515,BTC,True,84396.48,otm,0.023441697135192754,0.023415419749438397,0.5374984872603027,-0.0003015127396973627
,,0.0015,BTC-30OCT26-64000-P,0.0015,0.0017,559.2,0.00159011,0.0,1790791239354,84037.31,,0.0,52.28,84396.48,BTC-30OCT26,BTC,BTC,0.0,0.0016,1793347200000,put,64000.0,True,open,2026-09-30 18:00:39.948245+00:00,2026-10-30 08:00:00+00:00,0.08104896155996322,0.5228,84396.48,-0.276642611211376,BTC,True,84396.48,otm,0.0221522892057353,0.022206399221823384,0.5234381160529968,0.0006381160529967955
0.0017,0.0015,0.0017,BTC-30OCT26-65000-P,0.0016,0.0019,643.0,0.00175232,0.0,1790791239364,84037.31,13.3333,31.2,50.64,84396.48,BTC-30OCT26,BTC,BTC,4419.06,0.00175,1793347200000,put,65000.0,True,open,2026-09-30 18:00:39.948245+00:00,2026-10-30 08:00:00+00:00,0.08104896155996322,0.5064,84396.48,-0.26113842467541076,BTC,True,84396.48,otm,0.02078427350944006,0.02103372353772616,0.5094298082943747,0.003029808294374714
,,0.0017,BTC-30OCT26-66000-P,0.0018,0.0021,508.1,0.0019367,0.0,1790791239354,84037.31,,0.0,49.03,84396.48,BTC-30OCT26,BTC,BTC,0.0,0.00195,1793347200000,put,66000.0,True,open,2026-09-30 18:00:39.948245+00:00,2026-10-30 08:00:00+00:00,0.08104896155996322,0.4903,84396.48,-0.24587095254462235,BTC,True,84396.48,otm,0.01948369135965234,0.01989867372027052,0.49549392940653325,0.0051939294065332375
0.002,0.002,0.002,BTC-30OCT26-67000-P,0.002,0.0024,690.8,0.00222312,0.0,1790791239356,84037.31,0.0,6.1,47.76,84396.48,BTC-30OCT26,BTC,BTC,1034.45,0.0022,1793347200000,put,67000.0,True,open,2026-09-30 18:00:39.948245+00:00,2026-10-30 08:00:00+00:00,0.08104896155996322,0.47759999999999997,84396.48,-0.2308330751800817,BTC,True,84396.48,otm,0.018487410777999952,0.01880283094828366,0.48165701881170553,0.0040570188117055594
0.0028,0.0022,0.0023,BTC-30OCT26-68000-P,0.0023,0.0027,1397.7,0.00247547,0.0,1790791239355,84037.31,-4.1667,157.9,46.19,84396.48,BTC-30OCT26,BTC,BTC,31966.35,0.0025,1793347200000,put,68000.0,True,open,2026-09-30 18:00:39.948245+00:00,2026-10-30 08:00:00+00:00,0.08104896155996322,0.4619,84396.48,-0.21601798939494107,BTC,True,84396.48,otm,0.017291926437646262,0.017748103528446316,0.46795301448326615,0.0060530144832661725
0.003,0.0028,0.003,BTC-30OCT26-69000-P,0.0027,0.003,1603.6,0.00281543,0.0,1790791239356,84037.31,7.1429,3.8,44.82,84396.48,BTC-30OCT26,BTC,BTC,912.26,0.00285,1793347200000,put,69000.0,True,open,2026-09-30 18:00:39.948245+00:00,2026-10-30 08:00:00+00:00,0.08104896155996322,0.4482,84396.48,-0.20141918997378838,BTC,True,84396.48,otm,0.016281377996800864,0.016736749803181062,0.4544246009921023,0.006224600992102314
0.0035,0.003,0.003,BTC-30OCT26-70000-P,0.0031,0.0034,2093.0,0.00321279,0.0,1790791239357,84037.31,0.0,17.7,43.47,84396.48,BTC-30OCT26,BTC,BTC,4797.13,0.00325,1793347200000,put,70000.0,True,open,2026-09-30 18:00:39.948245+00:00,2026-10-30 08:00:00+00:00,0.08104896155996322,0.4347,84396.48,-0.1870304525216888,BTC,True,84396.48,otm,0.015315343266623427,0.015771392109557827,0.4411246098479045,0.00642460984790455
0.0044,0.0033,0.0036,BTC-30OCT26-71000-P,0.0036,0.0038,1330.4,0.0037009,0.0,1790791239354,84037.31,-7.6923,636.5,42.19,84396.48,BTC-30OCT26,BTC,BTC,204647.94,0.0037,1793347200000,put,71000.0,True,open,2026-09-30 18:00:39.948245+00:00,2026-10-30 08:00:00+00:00,0.08104896155996322,0.4219,84396.48,-0.17284581752973235,BTC,True,84396.48,otm,0.014426683548578444,0.014855014836743452,0.4281173391688158,0.006217339168815783
0.005,0.0039,0.0042,BTC-30OCT26-72000-P,0.0041,0.0044,1204.0,0.00422942,0.0,1790791239364,84037.31,2.439,21.5,40.83,84396.48,BTC-30OCT26,BTC,BTC,7714.02,0.00425,1793347200000,put,72000.0,True,open,2026-09-30 18:00:39.948245+00:00,2026-10-30 08:00:00+00:00,0.08104896155996322,0.4083,84396.48,-0.15885957555499247,BTC,True,84396.48,otm,0.013511582417314136,0.013990937395521092,0.41547957550431386,0.007179575504313862
0.006,0.0045,0.0055,BTC-30OCT26-73000-P,0.0047,0.0055,1394.6,0.00509327,0.0,1790791239367,84037.31,10.0,331.0,40.01,84396.48,BTC-30OCT26,BTC,BTC,154770.76,0.0051,1793347200000,put,73000.0,True,open,2026-09-30 18:00:39.948245+00:00,2026-10-30 08:00:00+00:00,0.08104896155996322,0.40009999999999996,84396.48,-0.14506625342265667,BTC,True,84396.48,otm,0.012974318577008525,0.013182751074178796,0.40330099952124193,0.003200999521241976
0.0068,0.005,0.006,BTC-30OCT26-74000-P,0.0055,0.006,1212.9,0.00581696,0.0,1790791239357,84037.31,0.0,217.1,38.61,84396.48,BTC-30OCT26,BTC,BTC,113372.04,0.00575,1793347200000,put,74000.0,True,open,2026-09-30 18:00:39.948245+00:00,2026-10-30 08:00:00+00:00,0.08104896155996322,0.3861,84396.48,-0.13146060136687807,BTC,True,84396.48,otm,0.012082228866910325,0.012434208336674631,0.3916835591231532,0.0055835591231532256
0.008,0.006,0.0065,BTC-30OCT26-75000-P,0.0065,0.0075,1203.2,0.00692181,0.0,1790791239365,84037.31,-13.3333,5.9,37.67,84396.48,BTC-30OCT26,BTC,BTC,3086.52,0.007,1793347200000,put,75000.0,True,open,2026-09-30 18:00:39.948245+00:00,2026-10-30 08:00:00+00:00,0.08104896155996322,0.37670000000000003,84396.48,-0.11803758103473737,BTC,True,84396.48,otm,0.011501081876857692,0.011749055610295194,0.380739339610096,0.004039339610095949
0.0105,0.007,0.008,BTC-30OCT26-76000-P,0.008,0.0085,891.8,0.00825691,0.0,1790791239353,84037.31,-11.1111,129.2,36.78,84396.74,BTC-30OCT26,BTC,BTC,102652.66,0.00825,1793347200000,put,76000.0,True,open,2026-09-30 18:00:39.948245+00:00,2026-10-30 08:00:00+00:00,0.08104896155996322,0.3678,84396.74,-0.10479235428471674,BTC,True,84396.48,otm,0.010964047405113295,0.011130807613140009,0.37058651392295827,0.002786513922958256
0.012,0.0085,0.009,BTC-30OCT26-77000-P,0.0095,0.0105,633.9,0.00990834,0.0,1790791239365,84037.31,-21.7391,102.5,35.99,84396.48,BTC-30OCT26,BTC,BTC,95849.62,0.01,1793347200000,put,77000.0,True,open,2026-09-30 18:00:39.948245+00:00,2026-10-30 08:00:00+00:00,0.08104896155996322,0.3599,84396.48,-0.09172027271736398,BTC,True,84396.48,otm,0.01049811070342853,0.010582473602518978,0.36134318603461973,0.0014431860346197367
0.0152,0.01,0.012,BTC-30OCT26-78000-P,0.0115,0.0125,1440.1,0.01204539,0.0,1790791239364,84037.31,-7.6923,346.8,35.44,84396.48,BTC-30OCT26,BTC,BTC,396294.91,0.012,1793347200000,put,78000.0,True,open,2026-09-30 18:00:39.948245+00:00,2026-10-30 08:00:00+00:00,0.08104896155996322,0.3544,84396.48,-0.0788168678814561,BTC,True,84396.48,otm,0.010179697700595982,0.010106262255002859,0.353119381006804,-0.001280618993195981
0.0165,0.0115,0.013,BTC-30OCT26-79000-P,0.014,0.015,903.0,0.01459292,0.0,1790791239357,84037.31,-18.75,256.6,34.94,84396.39,BTC-30OCT26,BTC,BTC,313930.19,0.0145,1793347200000,put,79000.0,True,open,2026-09-30 18:00:39.948245+00:00,2026-10-30 08:00:00+00:00,0.08104896155996322,0.3494,84396.39,-0.06607784210402634,BTC,True,84396.48,otm,0.00989448640486647,0.009703307676249781,0.34600802677793546,-0.003391973222064526
0.0215,0.014,0.016,BTC-30OCT26-80000-P,0.0175,0.018,1804.3,0.01768474,0.0,1790791239355,84037.31,-21.9512,366.4,34.57,84396.39,BTC-30OCT26,BTC,BTC,490253.14,0.01775,1793347200000,put,80000.0,True,open,2026-09-30 18:00:39.948245+00:00,2026-10-30 08:00:00+00:00,0.08104896155996322,0.3457,84396.39,-0.05349905989716623,BTC,True,84396.48,otm,0.00968603901209925,0.009373467122013613,0.34007632810883787,-0.005623671891162141
0.023,0.0175,0.0211,BTC-30OCT26-81000-P,0.021,0.022,609.0,0.02127295,0.0,1790791239364,84037.31,-8.2609,310.6,34.22,84396.48,BTC-30OCT26,BTC,BTC,573313.58,0.0215,1793347200000,put,81000.0,True,open,2026-09-30 18:00:39.948245+00:00,2026-10-30 08:00:00+00:00,0.08104896155996322,0.3422,84396.48,-0.041076539898609085,BTC,True,84396.48,otm,0.009490901479799403,0.00911523480872617,0.3353591829484709,-0.006840817051529113
0.0315,0.021,0.025,BTC-30OCT26-82000-P,0.025,0.026,370.7,0.02545964,0.0,1790791239354,84037.31,-20.6349,128.7,33.94,84396.48,BTC-30OCT26,BTC,BTC,278550.96,0.0255,1793347200000,put,82000.0,True,open,2026-09-30 18:00:39.948245+00:00,2026-10-30 08:00:00+00:00,0.08104896155996322,0.3394,84396.48,-0.028806447306794745,BTC,True,84396.48,otm,0.009336221157641442,0.008925794361047767,0.331856028236663,-0.007543971763336987
0.0365,0.025,0.0295,BTC-30OCT26-83000-P,0.03,0.031,651.9,0.03030172,0.0,1790791239358,84037.31,-15.7143,34.3,33.75,84396.48,BTC-30OCT26,BTC,BTC,88320.51,0.0305,1793347200000,put,83000.0,True,open,2026-09-30 18:00:39.948245+00:00,2026-10-30 08:00:00+00:00,0.08104896155996322,0.3375,84396.48,-0.01668508677444994,BTC,True,84396.48,otm,0.009231983277689561,0.008801201482044513,0.3295317420221436,-0.007968257977856441
0.041,0.0295,0.035,BTC-30OCT26-84000-P,0.0355,0.0365,747.9,0.03574575,0.0,1790791239365,84037.31,-14.6341,222.6,33.59,84396.74,BTC-30OCT26,BTC,BTC,714826.47,0.036,1793347200000,put,84000.0,True,open,2026-09-30 18:00:39.948245+00:00,2026-10-30 08:00:00+00:00,0.08104896155996322,0.33590000000000003,84396.74,-0.004708895727734253,BTC,True,84396.48,otm,0.009144657884546395,0.008736660125423514,0.32832125042122756,-0.00757874957877247
0.044,0.0303,0.037,BTC-30OCT26-85000-C,0.0345,0.0355,2030.6,0.03486937,0.0,1790791239354,84037.31,15.625,467.5,33.65,84396.39,BTC-30OCT26,BTC,BTC,1280602.48,0.035,1793347200000,call,85000.0,True,open,2026-09-30 18:00:39.948245+00:00,2026-10-30 08:00:00+00:00,0.08104896155996322,0.33649999999999997,84396.39,0.007125561919268691,BTC,True,84396.48,otm,0.009177356277598143,0.008726840249439056,0.328136684444173,-0.008363315555826978
0.0335,0.0285,0.03,BTC-30OCT26-86000-C,0.0295,0.03,1157.6,0.02980177,0.0,1790791239354,84037.31,3.4483,17.6,33.64,84396.48,BTC-30OCT26,BTC,BTC,44956.33,0.02975,1793347200000,call,86000.0,True,open,2026-09-30 18:00:39.948245+00:00,2026-10-30 08:00:00+00:00,0.08104896155996322,0.33640000000000003,84396.48,0.018821601682459853,BTC,True,84396.48,otm,0.009171902492974776,0.008766186575381012,0.3288755803388941,-0.007524419661105952
0.032,0.0225,0.027,BTC-30OCT26-87000-C,0.025,0.0255,968.4,0.02528826,0.0,1790791239355,84037.31,10.2041,51.7,33.64,84396.48,BTC-30OCT26,BTC,BTC,114493.79,0.02525,1793347200000,call,87000.0,True,open,2026-09-30 18:00:39.948245+00:00,2026-10-30 08:00:00+00:00,0.08104896155996322,0.33640000000000003,84396.48,0.030382424083535944,BTC,True,84396.48,otm,0.009171902492974776,0.00884918149783629,0.33042874729484273,-0.005971252705157304
0.0285,0.018,0.022,BTC-30OCT26-88000-C,0.021,0.0215,1451.7,0.0213287,0.0,1790791239355,84037.31,7.3171,105.4,33.65,84396.48,BTC-30OCT26,BTC,BTC,207167.31,0.02125,1793347200000,call,88000.0,True,open,2026-09-30 18:00:39.948245+00:00,2026-10-30 08:00:00+00:00,0.08104896155996322,0.33649999999999997,84396.48,0.041811119907158585,BTC,True,84396.48,otm,0.009177356277598143,0.008970543596992633,0.3326868639425544,-0.003813136057445543
0.022,0.0155,0.0185,BTC-30OCT26-89000-C,0.0175,0.0185,973.8,0.01796137,0.0,1790791239358,84037.31,5.7143,369.2,33.76,84396.39,BTC-30OCT26,BTC,BTC,558494.07,0.018,1793347200000,call,89000.0,True,open,2026-09-30 18:00:39.948245+00:00,2026-10-30 08:00:00+00:00,0.08104896155996322,0.33759999999999996,84396.39,0.05311067516109205,BTC,True,84396.48,otm,0.00923745489308447,0.009125359319371992,0.3355453770174573,-0.0020546229825426643
0.021,0.0129,0.0156,BTC-30OCT26-90000-C,0.0145,0.0155,18089.4,0.01511294,0.0,1790791239354,84037.31,7.5862,2925.0,33.95,84396.39,BTC-30OCT26,BTC,BTC,3713601.78,0.015,1793347200000,call,90000.0,True,open,2026-09-30 18:00:39.948245+00:00,2026-10-30 08:00:00+00:00,0.08104896155996322,0.3395,84396.39,0.06428397575921717,BTC,True,84396.48,otm,0.009341723571641753,0.00930915596027389,0.3389076918768875,-0.000592308123112506
0.0175,0.0115,0.013,BTC-30OCT26-91000-C,0.012,0.013,1640.8,0.01264191,0.0,1790791239354,84037.31,4.0,212.7,34.11,84396.48,BTC-30OCT26,BTC,BTC,252528.91,0.0125,1793347200000,call,91000.0,True,open,2026-09-30 18:00:39.948245+00:00,2026-10-30 08:00:00+00:00,0.08104896155996322,0.3411,84396.48,0.07533381194580224,BTC,True,84396.48,otm,0.009429982648822088,0.009517928903902614,0.3426868983953094,0.0015868983953093996
0.015,0.009,0.0105,BTC-30OCT26-92000-C,0.0105,0.011,1775.6,0.01062027,0.0,1790791239365,84037.31,10.5263,108.2,34.39,84396.48,BTC-30OCT26,BTC,BTC,100312.3,0.01075,1793347200000,call,92000.0,True,open,2026-09-30 18:00:39.948245+00:00,2026-10-30 08:00:00+00:00,0.08104896155996322,0.3439,84396.48,0.08626288247799241,BTC,True,84396.48,otm,0.009585434557094097,0.009748136670090045,0.3468063791630997,0.002906379163099715
0.012,0.0085,0.0095,BTC-30OCT26-93000-C,0.0085,0.0095,538.3,0.00889994,0.0,1790791239358,84037.31,11.7647,3.9,34.67,84396.48,BTC-30OCT26,BTC,BTC,3074.22,0.009,1793347200000,call,93000.0,True,open,2026-09-30 18:00:39.948245+00:00,2026-10-30 08:00:00+00:00,0.08104896155996322,0.3467,84396.48,0.09707379858220813,BTC,True,84396.48,otm,0.009742157313083368,0.00999667554331387,0.35119964717313473,0.004499647173134724
0.011,0.0065,0.008,BTC-30OCT26-94000-C,0.007,0.008,1019.9,0.00755977,0.0,1790791239357,84037.31,6.6667,7.8,35.12,84396.48,BTC-30OCT26,BTC,BTC,6030.81,0.0075,1793347200000,call,94000.0,True,open,2026-09-30 18:00:39.948245+00:00,2026-10-30 08:00:00+00:00,0.08104896155996322,0.35119999999999996,84396.48,0.10776908769895598,BTC,True,84396.48,otm,0.009996695629310506,0.010260842896028506,0.3558097066618446,0.004609706661844626
0.009,0.0055,0.0065,BTC-30OCT26-95000-C,0.006,0.0065,23350.8,0.00633183,0.0,1790791239365,84037.31,18.1818,408.1,35.43,84396.48,BTC-30OCT26,BTC,BTC,258626.28,0.00625,1793347200000,call,95000.0,True,open,2026-09-30 18:00:39.948245+00:00,2026-10-30 08:00:00+00:00,0.08104896155996322,0.3543,84396.48,0.11835119702949301,BTC,True,84396.48,otm,0.010173953760690227,0.010538295663243708,0.3605881596992616,0.0062881596992616084
0.0075,0.0048,0.007,BTC-30OCT26-96000-C,0.005,0.0055,426.8,0.0053391,0.0,1790791239365,84037.31,40.0,103.3,35.81,84396.48,BTC-30OCT26,BTC,BTC,61009.56,0.00525,1793347200000,call,96000.0,True,open,2026-09-30 18:00:39.948245+00:00,2026-10-30 08:00:00+00:00,0.08104896155996322,0.35810000000000003,84396.48,0.1288224968967885,BTC,True,84396.48,otm,0.010393363025508437,0.010827008198530205,0.3654942133368842,0.00739421333688417
0.0051,0.0034,0.0043,BTC-30OCT26-98000-C,0.0037,0.0041,479.3,0.00391178,0.0,1790791239357,84037.31,16.2162,139.5,36.82,84396.48,BTC-30OCT26,BTC,BTC,51501.34,0.0039,1793347200000,call,98000.0,True,open,2026-09-30 18:00:39.948245+00:00,2026-10-30 08:00:00+00:00,0.08104896155996322,0.3682,84396.48,0.1494417840995242,BTC,True,84396.48,otm,0.010987908219396549,0.011431459077205273,0.37555807608259595,0.007358076082595921
0.0032,0.0028,0.0028,BTC-30OCT26-100000-C,0.0027,0.0031,12956.7,0.00292744,0.0,1790791239357,84037.31,-3.4483,1.5,37.95,84396.48,BTC-30OCT26,BTC,BTC,365.84,0.0029,1793347200000,call,100000.0,True,open,2026-09-30 18:00:39.948245+00:00,2026-10-30 08:00:00+00:00,0.08104896155996322,0.3795,84396.48,0.1696444914170436,BTC,True,84396.48,otm,0.011672691706106294,0.012062897053548132,0.3857909923965288,0.006290992396528805
0.0023,0.0023,0.0023,BTC-30OCT26-102000-C,0.002,0.0024,341.7,0.00221835,0.0,1790791239364,84037.31,0.0,1.0,39.08,84396.48,BTC-30OCT26,BTC,BTC,195.22,0.0022,1793347200000,call,102000.0,True,open,2026-09-30 18:00:39.948245+00:00,2026-10-30 08:00:00+00:00,0.08104896155996322,0.3908,84396.48,0.1894471187132233,BTC,True,84396.48,otm,0.01237817347661922,0.012712904740271605,0.3960487701135075,0.005248770113507495
0.0017,0.0014,0.0014,BTC-30OCT26-104000-C,0.0015,0.0018,206.3,0.00170442,0.0,1790791239364,84037.31,-17.6471,30.3,40.22,84396.48,BTC-30OCT26,BTC,BTC,3522.43,0.00165,1793347200000,call,104000.0,True,open,2026-09-30 18:00:39.948245+00:00,2026-10-30 08:00:00+00:00,0.08104896155996322,0.4022,84396.48,0.2088652045703249,BTC,True,84396.48,otm,0.0131108722989136,0.01337518802857868,0.40623395462203826,0.0040339546220382605
0.0013,0.0013,0.0013,BTC-30OCT26-105000-C,0.0014,0.0017,1194.6,0.00152574,0.0,1790791239358,84037.31,0.0,0.2,40.9,84396.48,BTC-30OCT26,BTC,BTC,21.69,0.00155,1793347200000,call,105000.0,True,open,2026-09-30 18:00:39.948245+00:00,2026-10-30 08:00:00+00:00,0.08104896155996322,0.409,84396.48,0.2184346555864755,BTC,True,84396.48,otm,0.013557951338712206,0.013709405685235104,0.41127810201815507,0.0022781020181550926
,,0.0014,BTC-30OCT26-106000-C,0.0012,0.0015,45.8,0.00135904,0.0,1790791239354,84037.31,,0.0,41.52,84396.74,BTC-30OCT26,BTC,BTC,0.0,0.00135,1793347200000,call,106000.0,True,open,2026-09-30 18:00:39.948245+00:00,2026-10-30 08:00:00+00:00,0.08104896155996322,0.4152,84396.74,0.22791339954101936,BTC,True,84396.48,otm,0.013972114774242083,0.014045016516994044,0.41628177694173213,0.0010817769417321155
0.001,0.0007,0.0007,BTC-30OCT26-110000-C,0.0008,0.001,1209.0,0.00090547,0.0,1790791239364,84037.31,-30.0,11.3,44.14,84396.48,BTC-30OCT26,BTC,BTC,836.84,0.0009,1793347200000,call,110000.0,True,open,2026-09-30 18:00:39.948245+00:00,2026-10-30 08:00:00+00:00,0.08104896155996322,0.4414,84396.48,0.2649546712213684,BTC,True,84396.48,otm,0.01579109013461541,0.015393872191630555,0.4358130301311205,-0.005586969868879521
0.0005,0.0005,0.0005,BTC-30OCT26-115000-C,0.0005,0.0006,97.8,0.00055364,0.0,1790791239367,84037.31,0.0,0.6,47.03,84396.48,BTC-30OCT26,BTC,BTC,24.97,0.00055,1793347200000,call,115000.0,True,open,2026-09-30 18:00:39.948245+00:00,2026-10-30 08:00:00+00:00,0.08104896155996322,0.4703,84396.48,0.30940643379220234,BTC,True,84396.48,otm,0.017926578710162323,0.017074604357229888,0.45898828105130224,-0.011311718948697758
0.0026,0.0023,0.0023,BTC-27NOV26-58000-P,0.0022,0.0026,270.1,0.00238684,0.0,1790791239365,84037.31,-8.0,5.1,52.68,84740.53,BTC-27NOV26,BTC,BTC,1032.57,0.0024,1795766400000,put,58000.0,True,open,2026-09-30 18:00:39.948245+00:00,2026-11-27 08:00:00+00:00,0.1577612903270865,0.5268,84740.53,-0.37915275916546626,BTC,True,84740.68,otm,0.04378163563170207,0.044110987314157496,0.5287777400731704,0.0019777400731703088
0.0033,0.0027,0.0027,BTC-27NOV26-60000-P,0.0028,0.0032,239.2,0.00293588,0.0,1790791239365,84037.31,-10.0,10.3,50.56,84740.53,BTC-27NOV26,BTC,BTC,2611.66,0.003,1795766400000,put,60000.0,True,open,2026-09-30 18:00:39.948245+00:00,2026-11-27 08:00:00+00:00,0.1577612903270865,0.5056,84740.53,-0.3452512074897851,BTC,True,84740.68,otm,0.04032873320166797,0.04013509501223331,0.5043847216547088,-0.0012152783452912264
0.0035,0.0035,0.0035,BTC-27NOV26-62000-P,0.0034,0.0038,346.5,0.00357095,0.0,1790791239356,84037.31,0.0,0.2,48.36,84740.68,BTC-27NOV26,BTC,BTC,59.05,0.0036,1795766400000,put,62000.0,True,open,2026-09-30 18:00:39.948245+00:00,2026-11-27 08:00:00+00:00,0.1577612903270865,0.4836,84740.68,-0.3124613846667942,BTC,True,84740.68,otm,0.03689546889705378,0.03664839848722093,0.48197806706140284,-0.001621932938597137
0.0044,0.0043,0.0043,BTC-27NOV26-64000-P,0.0042,0.0047,42.1,0.00440438,0.0,1790791239365,84037.31,-2.2727,0.6,46.32,84740.68,BTC-27NOV26,BTC,BTC,219.14,0.00445,1795766400000,put,64000.0,True,open,2026-09-30 18:00:39.948245+00:00,2026-11-27 08:00:00+00:00,0.1577612903270865,0.4632,84740.68,-0.28071268635221386,BTC,True,84740.68,otm,0.0338483537475474,0.033606805924875444,0.4615443024231684,-0.001655697576831594
,,0.0055,BTC-27NOV26-66000-P,0.005,0.006,174.8,0.00544086,0.0,1790791239365,84037.31,,0.0,44.33,84740.68,BTC-27NOV26,BTC,BTC,0.0,0.0055,1795766400000,put,66000.0,True,open,2026-09-30 18:00:39.948245+00:00,2026-11-27 08:00:00+00:00,0.1577612903270865,0.44329999999999997,84740.68,-0.24994102768546017,BTC,True,84740.68,otm,0.031002442614885464,0.03096975752737366,0.4430662584136762,-0.00023374158632377684
0.006,0.0055,0.0055,BTC-27NOV26-67000-P,0.0055,0.0065,181.6,0.00608551,0.0,1790791239354,84037.31,-8.3333,49.6,43.41,84740.68,BTC-27NOV26,BTC,BTC,23324.88,0.006,1795766400000,put,67000.0,True,open,2026-09-30 18:00:39.948245+00:00,2026-11-27 08:00:00+00:00,0.1577612903270865,0.4341,84740.68,-0.23490315032091966,BTC,True,84740.68,otm,0.029728980858461998,0.02979117906546258,0.43455386914268934,0.00045386914268935596
,,0.0075,BTC-27NOV26-68000-P,0.0065,0.0075,181.7,0.00694454,0.0,1790791239367,84037.31,,0.0,42.72,84740.68,BTC-27NOV26,BTC,BTC,0.0,0.007,1795766400000,put,68000.0,True,open,2026-09-30 18:00:39.948245+00:00,2026-11-27 08:00:00+00:00,0.1577612903270865,0.42719999999999997,84740.68,-0.220088064535779,BTC,True,84740.68,otm,0.02879141024288683,0.028700025843374777,0.4265214913348255,-0.0006785086651744932
0.009,0.0075,0.0075,BTC-27NOV26-69000-P,0.0075,0.0085,117.5,0.00790437,0.0,1790791239358,84037.31,-16.6667,1.0,42.02,84740.68,BTC-27NOV26,BTC,BTC,687.91,0.008,1795766400000,put,69000.0,True,open,2026-09-30 18:00:39.948245+00:00,2026-11-27 08:00:00+00:00,0.1577612903270865,0.4202,84740.68,-0.2054892651146263,BTC,True,84740.68,otm,0.027855601820924624,0.027692132573656658,0.41896522412639997,-0.001234775873600047
0.0095,0.009,0.009,BTC-27NOV26-70000-P,0.0085,0.0095,232.8,0.00892447,0.0,1790791239367,84037.31,-5.2632,1.4,41.25,84740.68,BTC-27NOV26,BTC,BTC,1085.91,0.009,1795766400000,put,70000.0,True,open,2026-09-30 18:00:39.948245+00:00,2026-11-27 08:00:00+00:00,0.1577612903270865,0.4125,84740.68,-0.19110052766252672,BTC,True,84740.68,otm,0.026844069557218308,0.02676351745167585,0.41188063213738646,-0.000619367862613518
,,0.01,BTC-27NOV26-71000-P,0.0095,0.0105,28.5,0.00993276,0.0,1790791239355,84037.31,,0.0,40.3,84740.68,BTC-27NOV26,BTC,BTC,0.0,0.01,1795766400000,put,71000.0,True,open,2026-09-30 18:00:39.948245+00:00,2026-11-27 08:00:00+00:00,0.1577612903270865,0.40299999999999997,84740.68,-0.17691589267057029,BTC,True,84740.68,otm,0.025621853400731785,0.025910375962919424,0.40526269904609075,0.002262699046090777
0.0115,0.0115,0.0115,BTC-27NOV26-72000-P,0.011,0.012,86.6,0.01141805,0.0,1790791239365,84037.31,0.0,0.5,39.79,84740.53,BTC-27NOV26,BTC,BTC,480.13,0.0115,1795766400000,put,72000.0,True,open,2026-09-30 18:00:39.948245+00:00,2026-11-27 08:00:00+00:00,0.1577612903270865,0.3979,84740.53,-0.16292965069583037,BTC,True,84740.68,otm,0.024977463211874672,0.025129074707376242,0.3991057859185469,0.00120578591854692
0.014,0.0125,0.0125,BTC-27NOV26-73000-P,0.0125,0.0135,61.3,0.01291586,0.0,1790791239366,84037.31,-10.7143,0.4,39.09,84740.53,BTC-27NOV26,BTC,BTC,432.05,0.013,1795766400000,put,73000.0,True,open,2026-09-30 18:00:39.948245+00:00,2026-11-27 08:00:00+00:00,0.1577612903270865,0.3909,84740.53,-0.14913632856349454,BTC,True,84740.68,otm,0.024106368471204637,0.024416145254522015,0.39340359577503176,0.0025035957750317306
0.016,0.0135,0.0135,BTC-27NOV26-74000-P,0.0145,0.0155,108.0,0.01489218,0.0,1790791239365,84037.31,-15.625,0.8,38.7,84740.53,BTC-27NOV26,BTC,BTC,1010.79,0.015,1795766400000,put,74000.0,True,open,2026-09-30 18:00:39.948245+00:00,2026-11-27 08:00:00+00:00,0.1577612903270865,0.387,84740.53,-0.1355306765077159,BTC,True,84740.68,otm,0.02362775069099742,0.023768278043803104,0.3881491458229819,0.0011491458229818674
,,0.0185,BTC-27NOV26-75000-P,0.0165,0.0175,1721.0,0.0168966,0.0,1790791239357,84037.31,,0.0,38.12,84740.68,BTC-27NOV26,BTC,BTC,0.0,0.017,1795766400000,put,75000.0,True,open,2026-09-30 18:00:39.948245+00:00,2026-11-27 08:00:00+00:00,0.1577612903270865,0.3812,84740.68,-0.12210765617557523,BTC,True,84740.68,otm,0.02292483579626766,0.02318231634608009,0.3833347486566494,0.002134748656649421
0.021,0.02,0.02,BTC-27NOV26-76000-P,0.019,0.02,78.9,0.01937684,0.0,1790791239364,84037.31,-4.7619,2.1,37.75,84740.68,BTC-27NOV26,BTC,BTC,3640.4,0.0195,1795766400000,put,76000.0,True,open,2026-09-30 18:00:39.948245+00:00,2026-11-27 08:00:00+00:00,0.1577612903270865,0.3775,84740.68,-0.10886242942555459,BTC,True,84740.68,otm,0.02248196987967437,0.022655250301411467,0.37895200351970415,0.001452003519704148
0.0235,0.022,0.022,BTC-27NOV26-77000-P,0.0215,0.0225,232.0,0.02216861,0.0,1790791239363,84037.31,-4.3478,0.8,37.41,84740.42,BTC-27NOV26,BTC,BTC,1539.85,0.022,1795766400000,put,77000.0,True,open,2026-09-30 18:00:39.948245+00:00,2026-11-27 08:00:00+00:00,0.1577612903270865,0.3741,84740.42,-0.09579034785820181,BTC,True,84740.68,otm,0.02207882036792092,0.022184211047980462,0.37499179845384606,0.000891798453846071
0.0275,0.0225,0.0225,BTC-27NOV26-78000-P,0.025,0.026,191.3,0.0252961,0.0,1790791239354,84037.31,-18.1818,5.2,37.1,84740.68,BTC-27NOV26,BTC,BTC,11550.06,0.0255,1795766400000,put,78000.0,True,open,2026-09-30 18:00:39.948245+00:00,2026-11-27 08:00:00+00:00,0.1577612903270865,0.371,84740.68,-0.08288694302229392,BTC,True,84740.68,otm,0.02171442176191051,0.02176646495602294,0.371444323826145,0.00044432382614501
0.032,0.0255,0.0285,BTC-27NOV26-79000-P,0.0285,0.0295,169.2,0.02877739,0.0,1790791239356,84037.31,-8.0645,4.9,36.81,84740.68,BTC-27NOV26,BTC,BTC,12526.17,0.029,1795766400000,put,79000.0,True,open,2026-09-30 18:00:39.948245+00:00,2026-11-27 08:00:00+00:00,0.1577612903270865,0.36810000000000004,84740.68,-0.07014791724486416,BTC,True,84740.68,otm,0.02137627778983634,0.02139940797940834,0.36829909735707667,0.00019909735707662746
0.038,0.0275,0.0335,BTC-27NOV26-80000-P,0.032,0.033,233.3,0.03268639,0.0,1790791239364,84037.31,-5.6338,50.2,36.59,84740.42,BTC-27NOV26,BTC,BTC,138432.55,0.0325,1795766400000,put,80000.0,True,open,2026-09-30 18:00:39.948245+00:00,2026-11-27 08:00:00+00:00,0.1577612903270865,0.36590000000000006,84740.42,-0.05756913503800404,BTC,True,84740.68,otm,0.021121524858216167,0.02108056013614759,0.36554500038077403,-0.0003549996192260263
0.042,0.0355,0.0371,BTC-27NOV26-81000-P,0.0365,0.0375,344.7,0.03697711,0.0,1790791239353,84037.31,-11.6667,304.0,36.38,84740.42,BTC-27NOV26,BTC,BTC,969206.15,0.037,1795766400000,put,81000.0,True,open,2026-09-30 18:00:39.948245+00:00,2026-11-27 08:00:00+00:00,0.1577612903270865,0.3638,84740.42,-0.04514661503944688,BTC,True,84740.68,otm,0.020879776189757643,0.020807560127630714,0.36317032468183225,-0.0006296753181677661
0.0415,0.0415,0.0415,BTC-27NOV26-82000-P,0.0415,0.0425,130.8,0.04170987,0.0,1790791239356,84037.31,0.0,19.4,36.22,84740.42,BTC-27NOV26,BTC,BTC,67816.68,0.042,1795766400000,put,82000.0,True,open,2026-09-30 18:00:39.948245+00:00,2026-11-27 08:00:00+00:00,0.1577612903270865,0.36219999999999997,84740.42,-0.03287652244763253,BTC,True,84740.68,otm,0.020696520674913694,0.0205781601048865,0.36116282889216345,-0.0010371711078365209
0.0535,0.048,0.048,BTC-27NOV26-83000-P,0.0465,0.0475,177.0,0.04688609,0.0,1790791239364,84037.31,-9.434,0.9,36.1,84740.53,BTC-27NOV26,BTC,BTC,3741.23,0.047,1795766400000,put,83000.0,True,open,2026-09-30 18:00:39.948245+00:00,2026-11-27 08:00:00+00:00,0.1577612903270865,0.361,84740.53,-0.020755161915287715,BTC,True,84740.68,otm,0.020559609116716237,0.020390220588659608,0.3595098031182075,-0.0014901968817924716
0.0575,0.049,0.052,BTC-27NOV26-84000-P,0.052,0.053,70.9,0.0524008,0.0,1790791239357,84037.31,-8.7719,11.2,35.95,84740.53,BTC-27NOV26,BTC,BTC,47387.46,0.0525,1795766400000,put,84000.0,True,open,2026-09-30 18:00:39.948245+00:00,2026-11-27 08:00:00+00:00,0.1577612903270865,0.35950000000000004,84740.53,-0.00877897086857213,BTC,True,84740.68,otm,0.020389108602195245,0.02024170554864574,0.3581981402206979,-0.0013018597793021391
0.0625,0.0545,0.0625,BTC-27NOV26-85000-C,0.0545,0.056,829.5,0.05536559,0.0,1790791239364,84037.31,11.6071,6.1,35.87,84740.68,BTC-27NOV26,BTC,BTC,28133.89,0.05525,1795766400000,call,85000.0,True,open,2026-09-30 18:00:39.948245+00:00,2026-11-27 08:00:00+00:00,0.1577612903270865,0.35869999999999996,84740.68,0.0030554867784307153,BTC,True,84740.68,otm,0.020298465275224904,0.02013067764584825,0.3572144119984873,-0.001485588001512661
0.0585,0.0465,0.0505,BTC-27NOV26-86000-C,0.0495,0.0505,179.2,0.04996486,0.0,1790791239354,84037.31,8.6022,16.0,35.79,84740.68,BTC-27NOV26,BTC,BTC,68460.62,0.05,1795766400000,call,86000.0,True,open,2026-09-30 18:00:39.948245+00:00,2026-11-27 08:00:00+00:00,0.1577612903270865,0.3579,84740.68,0.014751526541621998,BTC,True,84740.68,otm,0.020208023882706195,0.020055293640730165,0.35654494844077456,-0.0013550515592254397
0.0535,0.0432,0.0535,BTC-27NOV26-87000-C,0.0445,0.0455,201.3,0.04502022,0.0,1790791239363,84037.31,23.8426,13.0,35.76,84740.53,BTC-27NOV26,BTC,BTC,49673.77,0.045,1795766400000,call,87000.0,True,open,2026-09-30 18:00:39.948245+00:00,2026-11-27 08:00:00+00:00,0.1577612903270865,0.3576,84740.53,0.02631234894269799,BTC,True,84740.68,otm,0.020174160421737485,0.020013799968650603,0.356175918208375,-0.0014240817916249537
0.0485,0.0377,0.044,BTC-27NOV26-88000-C,0.04,0.041,1082.8,0.04052556,0.0,1790791239366,84037.31,16.7109,103.0,35.78,84740.68,BTC-27NOV26,BTC,BTC,323875.63,0.0405,1795766400000,call,88000.0,True,open,2026-09-30 18:00:39.948245+00:00,2026-11-27 08:00:00+00:00,0.1577612903270865,0.3578,84740.68,0.03774104476632075,BTC,True,84740.68,otm,0.020196732907157487,0.020004528483000383,0.35609340857858135,-0.0017065914214186573
0.037,0.0335,0.037,BTC-27NOV26-89000-C,0.0355,0.0365,510.1,0.03624479,0.0,1790791239365,84037.31,10.4478,3.2,35.71,84740.42,BTC-27NOV26,BTC,BTC,9905.3,0.036,1795766400000,call,89000.0,True,open,2026-09-30 18:00:39.948245+00:00,2026-11-27 08:00:00+00:00,0.1577612903270865,0.35710000000000003,84740.42,0.04904060002025412,BTC,True,84740.68,otm,0.020117784424639108,0.020025892365490017,0.356283503229016,-0.0008164967709840543
0.0375,0.0329,0.033,BTC-27NOV26-90000-C,0.032,0.033,1327.1,0.03244278,0.0,1790791239365,84037.31,0.0,1001.1,35.72,84740.53,BTC-27NOV26,BTC,BTC,2792974.77,0.0325,1795766400000,call,90000.0,True,open,2026-09-30 18:00:39.948245+00:00,2026-11-27 08:00:00+00:00,0.1577612903270865,0.35719999999999996,84740.53,0.060213900618379355,BTC,True,84740.68,otm,0.020129053313607165,0.020076382202192766,0.3567323564296773,-0.00046764357032264003
0.0295,0.0295,0.0295,BTC-27NOV26-91000-C,0.0285,0.0295,208.0,0.02907401,0.0,1790791239364,84037.31,0.0,2.9,35.81,84740.68,BTC-27NOV26,BTC,BTC,7170.76,0.029,1795766400000,call,91000.0,True,open,2026-09-30 18:00:39.948245+00:00,2026-11-27 08:00:00+00:00,0.1577612903270865,0.35810000000000003,84740.68,0.07126373680496433,BTC,True,84740.68,otm,0.02023061529948104,0.020154562223205774,0.357426262443303,-0.0006737375566970294
0.0285,0.0255,0.0265,BTC-27NOV26-92000-C,0.0255,0.026,402.0,0.02586969,0.0,1790791239354,84037.31,1.9231,46.3,35.81,84740.68,BTC-27NOV26,BTC,BTC,103325.9,0.02575,1795766400000,call,92000.0,True,open,2026-09-30 18:00:39.948245+00:00,2026-11-27 08:00:00+00:00,0.1577612903270865,0.35810000000000003,84740.68,0.0821928073371546,BTC,True,84740.68,otm,0.02023061529948104,0.020259066703155526,0.35835171918602304,0.0002517191860230139
0.024,0.0225,0.023,BTC-27NOV26-93000-C,0.0225,0.0235,186.4,0.02312977,0.0,1790791239355,84037.31,0.0,143.3,35.93,84740.68,BTC-27NOV26,BTC,BTC,275452.75,0.023,1795766400000,call,93000.0,True,open,2026-09-30 18:00:39.948245+00:00,2026-11-27 08:00:00+00:00,0.1577612903270865,0.3593,84740.68,0.09300372344137024,BTC,True,84740.68,otm,0.02036642883909782,0.02038859651923486,0.3594954854578548,0.00019548545785480487
0.0225,0.0215,0.0215,BTC-27NOV26-94000-C,0.02,0.0205,306.5,0.02060463,0.0,1790791239357,84037.31,-4.4444,248.6,36.02,84740.68,BTC-27NOV26,BTC,BTC,467787.34,0.02025,1795766400000,call,94000.0,True,open,2026-09-30 18:00:39.948245+00:00,2026-11-27 08:00:00+00:00,0.1577612903270865,0.3602,84740.68,0.1036990125581182,BTC,True,84740.68,otm,0.020468587162649123,0.02054191586301088,0.36084463130266486,0.0006446313026648443
0.0211,0.018,0.018,BTC-27NOV26-95000-C,0.018,0.0185,824.1,0.01848956,0.0,1790791239354,84037.31,-14.6919,200.3,36.24,84740.68,BTC-27NOV26,BTC,BTC,357571.06,0.01825,1795766400000,call,95000.0,True,open,2026-09-30 18:00:39.948245+00:00,2026-11-27 08:00:00+00:00,0.1577612903270865,0.3624,84740.68,0.11428112188865513,BTC,True,84740.68,otm,0.020719383441107898,0.020717849101880265,0.36238658128915147,-1.3418710848533966e-05
0.0205,0.016,0.017,BTC-27NOV26-96000-C,0.016,0.017,218.8,0.01657897,0.0,1790791239365,84037.31,6.25,1.2,36.46,84740.42,BTC-27NOV26,BTC,BTC,1780.51,0.0165,1795766400000,call,96000.0,True,open,2026-09-30 18:00:39.948245+00:00,2026-11-27 08:00:00+00:00,0.1577612903270865,0.36460000000000004,84740.42,0.12475242175595055,BTC,True,84740.68,otm,0.020971706848857043,0.020915277785757913,0.3641091507103915,-0.0004908492896085193
0.018,0.0143,0.018,BTC-27NOV26-97000-C,0.014,0.015,41.2,0.01466703,0.0,1790791239363,84037.31,25.8741,10.9,36.51,84740.68,BTC-27NOV26,BTC,BTC,16544.53,0.0145,1795766400000,call,97000.0,True,open,2026-09-30 18:00:39.948245+00:00,2026-11-27 08:00:00+00:00,0.1577612903270865,0.3651,84740.68,0.13511520879149713,BTC,True,84740.68,otm,0.021029266055632878,0.02113313779436532,0.366000574874706,0.0009005748747060172
0.017,0.013,0.0146,BTC-27NOV26-98000-C,0.0125,0.0135,706.7,0.01309627,0.0,1790791239354,84037.31,12.3077,49.3,36.69,84740.68,BTC-27NOV26,BTC,BTC,64254.45,0.013,1795766400000,call,98000.0,True,open,2026-09-30 18:00:39.948245+00:00,2026-11-27 08:00:00+00:00,0.1577612903270865,0.3669,84740.68,0.14537170895868623,BTC,True,84740.68,otm,0.021237132331767848,0.02137041662032535,0.3680495318027377,0.001149531802737691
,,0.0123,BTC-27NOV26-99000-C,0.0115,0.012,11.5,0.01170185,0.0,1790791239364,84037.31,,0.0,36.89,84740.68,BTC-27NOV26,BTC,BTC,0.0,0.01175,1795766400000,call,99000.0,True,open,2026-09-30 18:00:39.948245+00:00,2026-11-27 08:00:00+00:00,0.1577612903270865,0.3689,84740.68,0.15552408042270424,BTC,True,84740.68,otm,0.02146929384661319,0.0216261507831641,0.37024515875466346,0.0013451587546634558
0.011,0.01,0.011,BTC-27NOV26-100000-C,0.01,0.011,451.3,0.01056346,0.0,1790791239357,84037.31,4.7619,1.0,37.21,84740.68,BTC-27NOV26,BTC,BTC,890.94,0.0105,1795766400000,call,100000.0,True,open,2026-09-30 18:00:39.948245+00:00,2026-11-27 08:00:00+00:00,0.1577612903270865,0.3721,84740.68,0.1655744162762057,BTC,True,84740.68,otm,0.021843377418236772,0.021899423369260984,0.3725770630890593,0.00047706308905931527
0.01,0.0085,0.0085,BTC-27NOV26-102000-C,0.008,0.009,375.0,0.00854786,0.0,1790791239358,84037.31,0.0,14.4,37.75,84740.68,BTC-27NOV26,BTC,BTC,10858.78,0.0085,1795766400000,call,102000.0,True,open,2026-09-30 18:00:39.948245+00:00,2026-11-27 08:00:00+00:00,0.1577612903270865,0.3775,84740.68,0.1853770435723854,BTC,True,84740.68,otm,0.02248196987967437,0.022495135072553796,0.3776105137356229,0.0001105137356228747
0.0075,0.007,0.0075,BTC-27NOV26-104000-C,0.0065,0.0075,16.4,0.00703146,0.0,1790791239354,84037.31,7.1429,0.2,38.44,84740.68,BTC-27NOV26,BTC,BTC,121.27,0.007,1795766400000,call,104000.0,True,open,2026-09-30 18:00:39.948245+00:00,2026-11-27 08:00:00+00:00,0.1577612903270865,0.38439999999999996,84740.68,0.204795129429487,BTC,True,84740.68,otm,0.023311338336665797,0.02315106173436665,0.38307625378738214,-0.0013237462126178268
,,0.0065,BTC-27NOV26-105000-C,0.006,0.0065,20.2,0.00622039,0.0,1790791239356,84037.31,,0.0,38.53,84740.68,BTC-27NOV26,BTC,BTC,0.0,0.00625,1795766400000,call,105000.0,True,open,2026-09-30 18:00:39.948245+00:00,2026-11-27 08:00:00+00:00,0.1577612903270865,0.38530000000000003,84740.68,0.21436458044563772,BTC,True,84740.68,otm,0.023420624315314085,0.023499745196459337,0.38595027242061486,0.000650272420614828
,,0.008,BTC-27NOV26-106000-C,0.005,0.006,29.4,0.00553435,0.0,1790791239354,84037.31,,0.0,38.67,84740.53,BTC-27NOV26,BTC,BTC,0.0,0.0055,1795766400000,call,106000.0,True,open,2026-09-30 18:00:39.948245+00:00,2026-11-27 08:00:00+00:00,0.1577612903270865,0.38670000000000004,84740.53,0.22384332440018148,BTC,True,84740.68,otm,0.0235911327178996,0.02386132036340219,0.38890812009395426,0.0022081200939542134
0.005,0.005,0.005,BTC-27NOV26-108000-C,0.0044,0.0048,102.7,0.00463314,0.0,1790791239354,84037.31,0.0,1.0,39.45,84740.68,BTC-27NOV26,BTC,BTC,421.52,0.0046,1795766400000,call,108000.0,True,open,2026-09-30 18:00:39.948245+00:00,2026-11-27 08:00:00+00:00,0.1577612903270865,0.3945,84740.68,0.24253545741233404,BTC,True,84740.68,otm,0.024552429053927058,0.024620575514855858,0.3950470976071583,0.0005470976071582645
0.0038,0.0037,0.0038,BTC-27NOV26-110000-C,0.0036,0.004,258.8,0.0038331,0.0,1790791239355,84037.31,2.7027,4.1,40.07,84740.68,BTC-27NOV26,BTC,BTC,1275.42,0.0038,1795766400000,call,110000.0,True,open,2026-09-30 18:00:39.948245+00:00,2026-11-27 08:00:00+00:00,0.1577612903270865,0.4007,84740.68,0.2608845960805306,BTC,True,84740.68,otm,0.025330230077949267,0.025423985749043504,0.4014408775726303,0.0007408775726303052
0.0038,0.0032,0.0038,BTC-27NOV26-112000-C,0.003,0.0034,8.3,0.00322269,0.0,1790791239367,84037.31,18.75,0.2,40.79,84740.68,BTC-27NOV26,BTC,BTC,59.28,0.0032,1795766400000,call,112000.0,True,open,2026-09-30 18:00:39.948245+00:00,2026-11-27 08:00:00+00:00,0.1577612903270865,0.4079,84740.68,0.2789031015832089,BTC,True,84740.68,otm,0.026248703689330338,0.026267155455317548,0.4080433433284706,0.00014334332847060205
,,0.0028,BTC-27NOV26-115000-C,0.0023,0.0028,44.6,0.00256173,0.0,1790791239367,84037.31,,0.0,42.0,84740.68,BTC-27NOV26,BTC,BTC,0.0,0.00255,1795766400000,call,115000.0,True,open,2026-09-30 18:00:39.948245+00:00,2026-11-27 08:00:00+00:00,0.1577612903270865,0.42,84740.68,0.30533635865136444,BTC,True,84740.68,otm,0.027829091613698054,0.02759782449625442,0.41825120359463075,-0.001748796405369235
0.0018,0.0015,0.0016,BTC-27NOV26-120000-C,0.0015,0.0019,118.8,0.00171074,0.0,1790791239354,84037.31,-11.1111,1.3,43.63,84740.68,BTC-27NOV26,BTC,BTC,166.41,0.0017,1795766400000,call,120000.0,True,open,2026-09-30 18:00:39.948245+00:00,2026-11-27 08:00:00+00:00,0.1577612903270865,0.4363,84740.68,0.34789597307016024,BTC,True,84740.68,otm,0.030031074798083535,0.02996281367827211,0.4358038594195613,-0.0004961405804387309
,,0.0004,BTC-25DEC26-30000-P,0.0004,0.0007,2197.9,0.00050308,0.0,1790791239357,84037.31,,0.0,86.41,85060.77,BTC-25DEC26,BTC,BTC,0.0,0.00055,1798185600000,put,30000.0,True,open,2026-09-30 18:00:39.948245+00:00,2026-12-25 08:00:00+00:00,0.2344736190942098,0.8641,85060.77,-1.0421667971092576,BTC,True,85060.62,otm,0.1750741381454669,0.17679513591878807,0.8683367120046485,0.00423671200464848
0.0007,0.0007,0.0007,BTC-25DEC26-35000-P,0.0006,0.0009,2141.9,0.00077534,0.0,1790791239357,84037.31,0.0,0.8,78.3,85060.62,BTC-25DEC26,BTC,BTC,47.12,0.00075,1798185600000,put,35000.0,True,open,2026-09-30 18:00:39.948245+00:00,2026-12-25 08:00:00+00:00,0.2344736190942098,0.7829999999999999,85060.62,-0.8880161172819994,BTC,True,85060.62,otm,0.14375319665684996,0.14223030105750237,0.778841476182955,-0.004158523817044957
0.0011,0.001,0.0011,BTC-25DEC26-40000-P,0.001,0.0011,4954.9,0.0011053,0.0,1790791239354,84037.31,10.0,1.7,70.56,85060.62,BTC-25DEC26,BTC,BTC,152.68,0.00105,1798185600000,put,40000.0,True,open,2026-09-30 18:00:39.948245+00:00,2026-12-25 08:00:00+00:00,0.2344736190942098,0.7056,85060.62,-0.7544847246574766,BTC,True,85060.62,otm,0.1167376996225562,0.11481901099357608,0.699777392009115,-0.005822607990884965
0.0016,0.0014,0.0016,BTC-25DEC26-45000-P,0.0013,0.0016,2812.2,0.00143455,0.0,1790791239356,84037.31,14.2857,1.0,62.75,85060.62,BTC-25DEC26,BTC,BTC,121.8,0.00145,1798185600000,put,45000.0,True,open,2026-09-30 18:00:39.948245+00:00,2026-12-25 08:00:00+00:00,0.2344736190942098,0.6275,85060.62,-0.6367016890010934,BTC,True,85060.62,otm,0.09232545297846442,0.09305524334516532,0.6299751682292161,0.002475168229216118
0.0023,0.0021,0.0023,BTC-25DEC26-50000-P,0.002,0.0023,2215.7,0.00218021,0.0,1790791239365,84037.31,9.5238,3.7,57.02,85060.62,BTC-25DEC26,BTC,BTC,653.71,0.00215,1798185600000,put,50000.0,True,open,2026-09-30 18:00:39.948245+00:00,2026-12-25 08:00:00+00:00,0.2344736190942098,0.5702,85060.62,-0.5313411733432669,BTC,True,85060.62,otm,0.07623394820780702,0.07586594799620441,0.5688220865603529,-0.0013779134396471049
0.0026,0.0025,0.0026,BTC-25DEC26-52000-P,0.0023,0.0027,436.8,0.00253185,0.0,1790791239358,84037.31,4.0,2.2,54.69,85060.62,BTC-25DEC26,BTC,BTC,462.21,0.0025,1798185600000,put,52000.0,True,open,2026-09-30 18:00:39.948245+00:00,2026-12-25 08:00:00+00:00,0.2344736190942098,0.5468999999999999,85060.62,-0.4921204601899857,BTC,True,85060.62,otm,0.07013096802636669,0.07008233537854461,0.5467103419328913,-0.00018965806710868893
0.0031,0.003,0.0031,BTC-25DEC26-54000-P,0.0028,0.0031,1907.3,0.00301448,0.0,1790791239365,84037.31,3.3333,2.1,52.65,85060.77,BTC-25DEC26,BTC,BTC,538.39,0.00295,1798185600000,put,54000.0,True,open,2026-09-30 18:00:39.948245+00:00,2026-12-25 08:00:00+00:00,0.2344736190942098,0.5265,85060.77,-0.4543801322071385,BTC,True,85060.62,otm,0.06499661477855792,0.06485455673674795,0.5259243202387951,-0.0005756797612048725
0.0034,0.0031,0.0032,BTC-25DEC26-55000-P,0.0031,0.0034,3197.3,0.00328132,0.0,1790791239364,84037.31,0.0,17.2,51.63,85060.62,BTC-25DEC26,BTC,BTC,4605.74,0.00325,1798185600000,put,55000.0,True,open,2026-09-30 18:00:39.948245+00:00,2026-12-25 08:00:00+00:00,0.2344736190942098,0.5163,85060.62,-0.43603099353894204,BTC,True,85060.62,otm,0.0625026220606452,0.062436351899711945,0.516026216619385,-0.0002737833806150114
0.0037,0.0037,0.0037,BTC-25DEC26-56000-P,0.0034,0.0037,520.5,0.00358989,0.0,1790791239354,84037.31,0.0,0.1,50.68,85060.62,BTC-25DEC26,BTC,BTC,31.17,0.00355,1798185600000,put,56000.0,True,open,2026-09-30 18:00:39.948245+00:00,2026-12-25 08:00:00+00:00,0.2344736190942098,0.5068,85060.62,-0.41801248803626373,BTC,True,85060.62,otm,0.06022366744353999,0.06014219823584563,0.5064570902335124,-0.0003429097664876535
0.0045,0.0042,0.0044,BTC-25DEC26-58000-P,0.0041,0.0044,1835.3,0.00430484,0.0,1790791239354,84037.31,0.0,12.1,48.82,85060.62,BTC-25DEC26,BTC,BTC,4417.22,0.00425,1798185600000,put,58000.0,True,open,2026-09-30 18:00:39.948245+00:00,2026-12-25 08:00:00+00:00,0.2344736190942098,0.4882,85060.62,-0.38292116822499367,BTC,True,85060.62,otm,0.05588426417496346,0.05590790077025548,0.4883032326906887,0.00010323269068868157
0.0055,0.005,0.005,BTC-25DEC26-60000-P,0.005,0.0055,6265.1,0.00521801,0.0,1790791239365,84037.31,-9.0909,33.0,47.11,85060.62,BTC-25DEC26,BTC,BTC,14121.18,0.00525,1798185600000,put,60000.0,True,open,2026-09-30 18:00:39.948245+00:00,2026-12-25 08:00:00+00:00,0.2344736190942098,0.4711,85060.62,-0.34901961654931235,BTC,True,85060.62,otm,0.05203795189313347,0.05211700215677256,0.4714576855510499,0.0003576855510498689
0.0065,0.0065,0.0065,BTC-25DEC26-62000-P,0.006,0.007,1549.4,0.00642906,0.0,1790791239357,84037.31,0.0,4.3,45.63,85060.62,BTC-25DEC26,BTC,BTC,2325.28,0.0065,1798185600000,put,62000.0,True,open,2026-09-30 18:00:39.948245+00:00,2026-12-25 08:00:00+00:00,0.2344736190942098,0.45630000000000004,85060.62,-0.3162297937263214,BTC,True,85060.62,otm,0.04881967954478351,0.04873725445515362,0.4559146384287119,-0.0003853615712881564
0.008,0.0075,0.008,BTC-25DEC26-64000-P,0.0075,0.008,380.8,0.00770648,0.0,1790791239364,84037.31,0.0,9.4,43.9,85060.62,BTC-25DEC26,BTC,BTC,6292.14,0.00775,1798185600000,put,64000.0,True,open,2026-09-30 18:00:39.948245+00:00,2026-12-25 08:00:00+00:00,0.2344736190942098,0.439,85060.62,-0.2844810954117411,BTC,True,85060.62,otm,0.04518799034545521,0.04573859887771142,0.4416664748155806,0.0026664748155805773
0.009,0.009,0.009,BTC-25DEC26-65000-P,0.008,0.009,891.7,0.00844987,0.0,1790791239354,84037.31,0.0,2.5,43.07,85060.77,BTC-25DEC26,BTC,BTC,1871.33,0.0085,1798185600000,put,65000.0,True,open,2026-09-30 18:00:39.948245+00:00,2026-12-25 08:00:00+00:00,0.2344736190942098,0.4307,85060.77,-0.26897690887577586,BTC,True,85060.62,otm,0.04349544018128747,0.04437334049710043,0.43502485282738906,0.004324852827389036
0.01,0.01,0.01,BTC-25DEC26-66000-P,0.009,0.01,419.1,0.00944237,0.0,1790791239365,84037.31,0.0,1.2,42.47,85060.62,BTC-25DEC26,BTC,BTC,1008.18,0.0095,1798185600000,put,66000.0,True,open,2026-09-30 18:00:39.948245+00:00,2026-12-25 08:00:00+00:00,0.2344736190942098,0.42469999999999997,85060.62,-0.25370943674498747,BTC,True,85060.62,otm,0.042292027778648336,0.04309298433800238,0.4287027726713155,0.0040027726713155465
0.011,0.011,0.011,BTC-25DEC26-68000-P,0.0115,0.0125,696.7,0.01187342,0.0,1790791239355,84037.31,0.0,0.5,41.41,85060.62,BTC-25DEC26,BTC,BTC,469.03,0.012,1798185600000,put,68000.0,True,open,2026-09-30 18:00:39.948245+00:00,2026-12-25 08:00:00+00:00,0.2344736190942098,0.41409999999999997,85060.62,-0.22385647359530633,BTC,True,85060.62,otm,0.04020725717866837,0.04077421861597799,0.4170093860152297,0.00290938601522972
0.016,0.0145,0.0145,BTC-25DEC26-70000-P,0.0145,0.015,2111.7,0.01470813,0.0,1790791239354,84037.31,-6.4516,117.0,40.27,85060.62,BTC-25DEC26,BTC,BTC,154572.36,0.01475,1798185600000,put,70000.0,True,open,2026-09-30 18:00:39.948245+00:00,2026-12-25 08:00:00+00:00,0.2344736190942098,0.40270000000000006,85060.62,-0.19486893672205408,BTC,True,85060.62,otm,0.03802395138500027,0.03875784352801109,0.4065676402972072,0.0038676402972071533
0.0195,0.0165,0.0165,BTC-25DEC26-72000-P,0.018,0.019,878.0,0.01839569,0.0,1790791239356,84037.31,-15.3846,15.7,39.36,85060.77,BTC-25DEC26,BTC,BTC,22921.09,0.0185,1798185600000,put,72000.0,True,open,2026-09-30 18:00:39.948245+00:00,2026-12-25 08:00:00+00:00,0.2344736190942098,0.3936,85060.77,-0.16669805975535765,BTC,True,85060.62,otm,0.03632487816474931,0.03702102747997535,0.3973536809984814,0.00375368099848139
0.0249,0.0205,0.0205,BTC-25DEC26-74000-P,0.0225,0.0235,185.8,0.02300202,0.0,1790791239366,84037.31,-14.5833,10.6,38.6,85060.77,BTC-25DEC26,BTC,BTC,20569.98,0.023,1798185600000,put,74000.0,True,open,2026-09-30 18:00:39.948245+00:00,2026-12-25 08:00:00+00:00,0.2344736190942098,0.386,85060.77,-0.13929908556724324,BTC,True,85060.62,otm,0.03493563135056089,0.035542470415304395,0.38933801638947585,0.0033380163894758397
0.029,0.0245,0.0245,BTC-25DEC26-75000-P,0.0255,0.026,1735.0,0.02578383,0.0,1790791239364,84037.31,-12.5,4.1,38.34,85060.62,BTC-25DEC26,BTC,BTC,9126.69,0.02575,1798185600000,put,75000.0,True,open,2026-09-30 18:00:39.948245+00:00,2026-12-25 08:00:00+00:00,0.2344736190942098,0.3834,85060.62,-0.12587606523510256,BTC,True,85060.62,otm,0.03446658094398007,0.03489378013690608,0.385768725956194,0.0023687259561939733
,,0.032,BTC-25DEC26-76000-P,0.0285,0.029,474.2,0.02877701,0.0,1790791239354,84037.31,,0.0,38.05,85060.62,BTC-25DEC26,BTC,BTC,0.0,0.02875,1798185600000,put,76000.0,True,open,2026-09-30 18:00:39.948245+00:00,2026-12-25 08:00:00+00:00,0.2344736190942098,0.38049999999999995,85060.62,-0.11263083848508194,BTC,True,85060.62,otm,0.03394714919086446,0.03430231749645646,0.3824852904400211,0.001985290440021159
0.039,0.0365,0.0365,BTC-25DEC26-78000-P,0.035,0.036,1458.2,0.03572292,0.0,1790791239364,84037.31,-6.4103,4.9,37.6,85060.77,BTC-25DEC26,BTC,BTC,15171.92,0.0355,1798185600000,put,78000.0,True,open,2026-09-30 18:00:39.948245+00:00,2026-12-25 08:00:00+00:00,0.2344736190942098,0.376,85060.77,-0.08665535208182132,BTC,True,85060.62,otm,0.033148942373063005,0.0332820789177555,0.3767543103098789,0.0007543103098788806
0.05,0.0385,0.043,BTC-25DEC26-80000-P,0.0435,0.0445,1921.7,0.04408254,0.0,1790791239357,84037.31,-7.5269,89.4,37.32,85060.62,BTC-25DEC26,BTC,BTC,335412.16,0.044,1798185600000,put,80000.0,True,open,2026-09-30 18:00:39.948245+00:00,2026-12-25 08:00:00+00:00,0.2344736190942098,0.3732,85060.62,-0.06133754409753135,BTC,True,85060.62,otm,0.03265707299387193,0.03246455407629992,0.37209833570798845,-0.0011016642920115283
0.0575,0.047,0.047,BTC-25DEC26-82000-P,0.053,0.054,804.1,0.05358897,0.0,1790791239357,84037.31,-18.2609,5.0,37.02,85060.62,BTC-25DEC26,BTC,BTC,22942.3,0.0535,1798185600000,put,82000.0,True,open,2026-09-30 18:00:39.948245+00:00,2026-12-25 08:00:00+00:00,0.2344736190942098,0.37020000000000003,85060.62,-0.036644931507159875,BTC,True,85060.62,otm,0.03213414992856803,0.03183375895939841,0.36846561702783925,-0.001734382972160775
0.07,0.0575,0.0575,BTC-25DEC26-84000-P,0.064,0.065,149.3,0.06449656,0.0,1790791239354,84037.31,-17.2662,6.5,36.8,85060.62,BTC-25DEC26,BTC,BTC,36671.71,0.0645,1798185600000,put,84000.0,True,open,2026-09-30 18:00:39.948245+00:00,2026-12-25 08:00:00+00:00,0.2344736190942098,0.368,85060.62,-0.012547379928099402,BTC,True,85060.62,otm,0.031753355392214265,0.031374856073868,0.3658001487305332,-0.0021998512694668126
0.0765,0.076,0.076,BTC-25DEC26-85000-P,0.07,0.071,557.4,0.07050687,0.0,1790791239354,84037.31,-0.6536,0.6,36.74,85060.62,BTC-25DEC26,BTC,BTC,3814.25,0.0705,1798185600000,put,85000.0,True,open,2026-09-30 18:00:39.948245+00:00,2026-12-25 08:00:00+00:00,0.2344736190942098,0.3674,85060.62,-0.0007129222810965754,BTC,True,85060.62,otm,0.03164989625252514,0.031205524257202993,0.3648116915177514,-0.0025883084822486135
0.073,0.061,0.067,BTC-25DEC26-86000-C,0.065,0.0665,500.0,0.06577092,0.0,1790791239355,84037.31,7.2,15.8,36.68,85060.62,BTC-25DEC26,BTC,BTC,93620.49,0.06575,1798185600000,call,86000.0,True,open,2026-09-30 18:00:39.948245+00:00,2026-12-25 08:00:00+00:00,0.2344736190942098,0.3668,85060.62,0.01098311748209469,BTC,True,85060.62,otm,0.03154660593384176,0.031074086574489762,0.3640425872889801,-0.0027574127110199242
0.063,0.052,0.0575,BTC-25DEC26-88000-C,0.0555,0.0565,3979.2,0.05584037,0.0,1790791239367,84037.31,5.5046,51.5,36.59,85060.62,BTC-25DEC26,BTC,BTC,247503.5,0.056,1798185600000,call,88000.0,True,open,2026-09-30 18:00:39.948245+00:00,2026-12-25 08:00:00+00:00,0.2344736190942098,0.36590000000000006,85060.62,0.0339726357067934,BTC,True,85060.62,otm,0.03139198699520247,0.03091870447332762,0.3631312718143276,-0.0027687281856724755
0.0525,0.0455,0.0455,BTC-25DEC26-90000-C,0.0465,0.048,3754.3,0.04728172,0.0,1790791239365,84037.31,-1.087,48.8,36.61,85060.62,BTC-25DEC26,BTC,BTC,205155.47,0.04725,1798185600000,call,90000.0,True,open,2026-09-30 18:00:39.948245+00:00,2026-12-25 08:00:00+00:00,0.2344736190942098,0.3661,85060.62,0.05644549155885197,BTC,True,85060.62,otm,0.03142631393303785,0.0308969129527506,0.3630032816945572,-0.0030967183054427805
0.037,0.037,0.037,BTC-25DEC26-92000-C,0.039,0.0405,783.9,0.03979899,0.0,1790791239355,84037.31,0.0,0.6,36.62,85060.62,BTC-25DEC26,BTC,BTC,1841.29,0.03975,1798185600000,call,92000.0,True,open,2026-09-30 18:00:39.948245+00:00,2026-12-25 08:00:00+00:00,0.2344736190942098,0.36619999999999997,85060.62,0.0784243982776274,BTC,True,85060.62,otm,0.03144348443616412,0.030997802883742848,0.3635954691336055,-0.00260453086639445
0.04,0.035,0.035,BTC-25DEC26-94000-C,0.033,0.034,615.4,0.0334727,0.0,1790791239357,84037.31,-12.5,20.7,36.73,85060.62,BTC-25DEC26,BTC,BTC,70391.7,0.0335,1798185600000,call,94000.0,True,open,2026-09-30 18:00:39.948245+00:00,2026-12-25 08:00:00+00:00,0.2344736190942098,0.36729999999999996,85060.62,0.09993060349859097,BTC,True,85060.62,otm,0.03163266947573028,0.031211293684867247,0.36484541403067305,-0.0024545859693269056
0.0345,0.0287,0.0315,BTC-25DEC26-95000-C,0.03,0.031,1545.1,0.03068116,0.0,1790791239356,84037.31,9.7561,250.2,36.81,85060.62,BTC-25DEC26,BTC,BTC,599380.39,0.0305,1798185600000,call,95000.0,True,open,2026-09-30 18:00:39.948245+00:00,2026-12-25 08:00:00+00:00,0.2344736190942098,0.36810000000000004,85060.62,0.1105127128291278,BTC,True,85060.62,otm,0.0317706149953158,0.0313573267889444,0.3656979472909262,-0.002402052709073843
0.0335,0.027,0.0295,BTC-25DEC26-96000-C,0.0275,0.0285,1586.0,0.02813801,0.0,1790791239358,84037.31,9.2593,9.4,36.91,85060.62,BTC-25DEC26,BTC,BTC,25602.91,0.028,1798185600000,call,96000.0,True,open,2026-09-30 18:00:39.948245+00:00,2026-12-25 08:00:00+00:00,0.2344736190942098,0.3691,85060.62,0.12098401269642328,BTC,True,85060.62,otm,0.031943468947312044,0.03152807666015314,0.36669226200905397,-0.002407737990946013
0.0285,0.023,0.0245,BTC-25DEC26-98000-C,0.023,0.024,472.5,0.02362112,0.0,1790791239357,84037.31,6.5217,28.8,37.11,85060.77,BTC-25DEC26,BTC,BTC,68399.63,0.0235,1798185600000,call,98000.0,True,open,2026-09-30 18:00:39.948245+00:00,2026-12-25 08:00:00+00:00,0.2344736190942098,0.3711,85060.77,0.14160329989915893,BTC,True,85060.62,otm,0.032290583693019105,0.03193956093724992,0.36907742119622705,-0.002022578803772934
0.0205,0.0188,0.0205,BTC-25DEC26-100000-C,0.0195,0.02,5816.5,0.0197766,0.0,1790791239354,84037.31,3.5354,231.7,37.31,85060.77,BTC-25DEC26,BTC,BTC,364766.41,0.01975,1798185600000,call,100000.0,True,open,2026-09-30 18:00:39.948245+00:00,2026-12-25 08:00:00+00:00,0.2344736190942098,0.37310000000000004,85060.77,0.16180600721667837,BTC,True,85060.62,otm,0.03263957422767894,0.032437822098784264,0.37194510747036885,-0.0011548925296311907
0.0165,0.0155,0.0165,BTC-25DEC26-102000-C,0.016,0.017,496.7,0.01662508,0.0,1790791239365,84037.31,3.125,0.3,37.58,85060.62,BTC-25DEC26,BTC,BTC,401.09,0.0165,1798185600000,call,102000.0,True,open,2026-09-30 18:00:39.948245+00:00,2026-12-25 08:00:00+00:00,0.2344736190942098,0.37579999999999997,85060.62,0.18160863451285805,BTC,True,85060.62,otm,0.033113686919695996,0.03301555356609129,0.37524273983192125,-0.0005572601680787215
0.0125,0.0125,0.0125,BTC-25DEC26-104000-C,0.0135,0.0145,169.5,0.01407538,0.0,1790791239367,84037.31,0.0,0.2,37.95,85060.62,BTC-25DEC26,BTC,BTC,207.61,0.014,1798185600000,call,104000.0,True,open,2026-09-30 18:00:39.948245+00:00,2026-12-25 08:00:00+00:00,0.2344736190942098,0.3795,85060.62,0.2010267203699596,BTC,True,85060.62,otm,0.033768949240352876,0.03366602075961628,0.3789211965469466,-0.0005788034530533892
0.014,0.0125,0.014,BTC-25DEC26-105000-C,0.0125,0.0135,961.0,0.01306623,0.0,1790791239357,84037.31,7.6923,12.6,38.24,85060.62,BTC-25DEC26,BTC,BTC,13515.96,0.013,1798185600000,call,105000.0,True,open,2026-09-30 18:00:39.948245+00:00,2026-12-25 08:00:00+00:00,0.2344736190942098,0.3824,85060.62,0.2105961713861104,BTC,True,85060.62,otm,0.03428702104647772,0.03401657144768852,0.3808888644307615,-0.001511135569238542
,,0.0116,BTC-25DEC26-106000-C,0.0115,0.0125,615.0,0.01205978,0.0,1790791239357,84037.31,,0.0,38.45,85060.77,BTC-25DEC26,BTC,BTC,0.0,0.012,1798185600000,call,106000.0,True,open,2026-09-30 18:00:39.948245+00:00,2026-12-25 08:00:00+00:00,0.2344736190942098,0.3845,85060.77,0.22007491534065407,BTC,True,85060.62,otm,0.03466463846529275,0.03438301802712923,0.3829349485826486,-0.0015650514173514152
0.01,0.01,0.01,BTC-25DEC26-108000-C,0.0095,0.0105,165.6,0.01008099,0.0,1790791239365,84037.31,0.0,0.2,38.66,85060.62,BTC-25DEC26,BTC,BTC,166.77,0.01,1798185600000,call,108000.0,True,open,2026-09-30 18:00:39.948245+00:00,2026-12-25 08:00:00+00:00,0.2344736190942098,0.38659999999999994,85060.62,0.23876704835280677,BTC,True,85060.62,otm,0.03504432394142819,0.03516082830116554,0.38724208990659836,0.0006420899065984198
0.008,0.0075,0.0075,BTC-25DEC26-110000-C,0.008,0.009,2963.7,0.00861236,0.0,1790791239357,84037.31,-6.25,1.1,39.08,85060.62,BTC-25DEC26,BTC,BTC,689.18,0.0085,1798185600000,call,110000.0,True,open,2026-09-30 18:00:39.948245+00:00,2026-12-25 08:00:00+00:00,0.2344736190942098,0.3908,85060.62,0.2571161870210033,BTC,True,85060.62,otm,0.03580989906566032,0.035994185421704405,0.3918042849960192,0.0010042849960192335
0.0065,0.0065,0.0065,BTC-25DEC26-115000-C,0.0055,0.0065,2306.3,0.00602357,0.0,1790791239357,84037.31,0.0,0.3,40.38,85060.62,BTC-25DEC26,BTC,BTC,163.21,0.006,1798185600000,call,115000.0,True,open,2026-09-30 18:00:39.948245+00:00,2026-12-25 08:00:00+00:00,0.2344736190942098,0.40380000000000005,85060.62,0.30156794959183697,BTC,True,85060.62,otm,0.0382319646561797,0.0382897007824923,0.40410478491994306,0.00030478491994301304
0.0048,0.0048,0.0048,BTC-25DEC26-120000-C,0.0041,0.0045,5781.9,0.00432784,0.0,1790791239365,84037.31,0.0,0.1,41.71,85060.62,BTC-25DEC26,BTC,BTC,40.71,0.0043,1798185600000,call,120000.0,True,open,2026-09-30 18:00:39.948245+00:00,2026-12-25 08:00:00+00:00,0.2344736190942098,0.4171,85060.62,0.34412756401063294,BTC,True,85060.62,otm,0.0407919405952417,0.04083720359843679,0.4173313442819875,0.0002313442819874556
,,0.0033,BTC-25DEC26-125000-C,0.003,0.0034,516.6,0.00321961,0.0,1790791239354,84037.31,,0.0,43.12,85060.62,BTC-25DEC26,BTC,BTC,0.0,0.0032,1798185600000,call,125000.0,True,open,2026-09-30 18:00:39.948245+00:00,2026-12-25 08:00:00+00:00,0.2344736190942098,0.43119999999999997,85060.62,0.38494955853088814,BTC,True,85060.62,otm,0.04359648658743611,0.04358302754124385,0.4311334351325438,-6.656486745615364e-05
,,0.0025,BTC-25DEC26-130000-C,0.0022,0.0027,1569.1,0.00245926,0.0,1790791239355,84037.31,,0.0,44.53,85060.62,BTC-25DEC26,BTC,BTC,0.0,0.00245,1798185600000,call,130000.0,True,open,2026-09-30 18:00:39.948245+00:00,2026-12-25 08:00:00+00:00,0.2344736190942098,0.44530000000000003,85060.62,0.42417027168416943,BTC,True,85060.62,otm,0.046494263980054774,0.046483453966564225,0.44524823040062855,-5.176959937147618e-05
0.0021,0.0019,0.0019,BTC-25DEC26-135000-C,0.0017,0.0021,1444.3,0.00190729,0.0,1790791239354,84037.31,-5.0,6.2,45.88,85060.62,BTC-25DEC26,BTC,BTC,1022.25,0.0019,1798185600000,call,135000.0,True,open,2026-09-30 18:00:39.948245+00:00,2026-12-25 08:00:00+00:00,0.2344736190942098,0.45880000000000004,85060.62,0.4619105996670165,BTC,True,85060.62,otm,0.04935609656686629,0.04950283796123989,0.45948152659396346,0.0006815265939634219
0.0016,0.0016,0.0016,BTC-25DEC26-140000-C,0.0014,0.0016,1418.3,0.00155158,0.0,1790791239354,84037.31,0.0,10.0,47.39,85060.77,BTC-25DEC26,BTC,BTC,1347.5,0.0015,1798185600000,call,140000.0,True,open,2026-09-30 18:00:39.948245+00:00,2026-12-25 08:00:00+00:00,0.2344736190942098,0.4739,85060.77,0.4982782438378912,BTC,True,85060.62,otm,0.05265836908925674,0.05261208896810379,0.4736917048057441,-0.00020829519425591414
0.0011,0.001,0.001,BTC-25DEC26-150000-C,0.0009,0.0012,1735.6,0.00104837,0.0,1790791239365,84037.31,-9.0909,20.1,50.11,85060.62,BTC-25DEC26,BTC,BTC,1699.21,0.00105,1798185600000,call,150000.0,True,open,2026-09-30 18:00:39.948245+00:00,2026-12-25 08:00:00+00:00,0.2344736190942098,0.5011,85060.62,0.5672711153248428,BTC,True,85060.62,otm,0.05887660946763518,0.05900946849937233,0.5016650643405492,0.0005650643405492595
,,0.0006,BTC-25DEC26-160000-C,0.0006,0.001,1280.8,0.00078625,0.0,1790791239365,84037.31,,0.0,52.99,85060.62,BTC-25DEC26,BTC,BTC,0.0,0.0008,1798185600000,call,160000.0,True,open,2026-09-30 18:00:39.948245+00:00,2026-12-25 08:00:00+00:00,0.2344736190942098,0.5299,85060.62,0.631809636462414,BTC,True,85060.62,otm,0.06583878774467575,0.06553284156681477,0.5286673705431992,-0.0012326294568008045
,,0.0005,BTC-25DEC26-170000-C,0.0005,0.0008,2018.4,0.0006378,0.0,1790791239365,84037.31,,0.0,55.93,85060.77,BTC-25DEC26,BTC,BTC,0.0,0.00065,1798185600000,call,170000.0,True,open,2026-09-30 18:00:39.948245+00:00,2026-12-25 08:00:00+00:00,0.2344736190942098,0.5593,85060.77,0.6924342582788487,BTC,True,85060.62,otm,0.07334721452264768,0.0720866524638751,0.5544730417478567,-0.0048269582521432985
,,0.0004,BTC-25DEC26-180000-C,0.0003,0.0006,934.4,0.00043565,0.0,1790791239357,84037.31,,0.0,57.48,85060.62,BTC-25DEC26,BTC,BTC,0.0,0.00045,1798185600000,call,180000.0,True,open,2026-09-30 18:00:39.948245+00:00,2026-12-25 08:00:00+00:00,0.2344736190942098,0.5748,85060.62,0.7495926721187973,BTC,True,85060.62,otm,0.0774689207595762,0.07860703961800172,0.5790068837103166,0.0042068837103166334
,,0.0003,BTC-25DEC26-190000-C,0.0002,0.0005,1027.0,0.00032798,0.0,1790791239356,84037.31,,0.0,59.35,85060.62,BTC-25DEC26,BTC,BTC,0.0,0.00035,1798185600000,call,190000.0,True,open,2026-09-30 18:00:39.948245+00:00,2026-12-25 08:00:00+00:00,0.2344736190942098,0.5935,85060.62,0.8036598933890731,BTC,True,85060.62,otm,0.08259151515538743,0.08505161876161507,0.6022742542003104,0.008774254200310416
0.0003,0.0003,0.0003,BTC-25DEC26-200000-C,0.0002,0.0005,962.3,0.00032388,0.0,1790791239355,84037.31,0.0,1.0,62.54,85060.77,BTC-25DEC26,BTC,BTC,25.19,0.00035,1798185600000,call,200000.0,True,open,2026-09-30 18:00:39.948245+00:00,2026-12-25 08:00:00+00:00,0.2344736190942098,0.6254,85060.77,0.8549531877766237,BTC,True,85060.62,otm,0.09170853178400186,0.09139268298543482,0.6243221165921773,-0.0010778834078226662
,,0.0002,BTC-25DEC26-210000-C,0.0002,0.0004,162.4,0.00025344,0.0,1790791239355,84037.31,,0.0,64.15,85060.62,BTC-25DEC26,BTC,BTC,0.0,0.0003,1798185600000,call,210000.0,True,open,2026-09-30 18:00:39.948245+00:00,2026-12-25 08:00:00+00:00,0.2344736190942098,0.6415000000000001,85060.62,0.9037433519460557,BTC,True,85060.62,otm,0.0964911112952922,0.09761262832320902,0.64521730967165,0.00371730967164996
0.0004,0.0004,0.0004,BTC-25DEC26-220000-C,0.0001,0.0004,252.8,0.00021238,0.0,1790791239354,84037.31,0.0,1.0,65.97,85060.77,BTC-25DEC26,BTC,BTC,33.5,0.00025,1798185600000,call,220000.0,True,open,2026-09-30 18:00:39.948245+00:00,2026-12-25 08:00:00+00:00,0.2344736190942098,0.6597,85060.77,0.9502633675809486,BTC,True,85060.62,otm,0.10204387802690218,0.10370084321746706,0.6650344612411708,0.005334461241170874
,,0.0001,BTC-25DEC26-230000-C,0.0001,0.0004,190.6,0.00021205,0.0,1790791239365,84037.31,,0.0,68.65,85060.62,BTC-25DEC26,BTC,BTC,0.0,0.00025,1798185600000,call,230000.0,True,open,2026-09-30 18:00:39.948245+00:00,2026-12-25 08:00:00+00:00,0.2344736190942098,0.6865000000000001,85060.62,0.9947151301517823,BTC,True,85060.62,otm,0.11050325477236218,0.1096515715351086,0.6838493473783667,-0.0026506526216334425
,,0.0001,BTC-25DEC26-240000-C,0.0001,0.0003,784.8,0.00018057,0.0,1790791239364,84037.31,,0.0,70.24,85060.62,BTC-25DEC26,BTC,BTC,0.0,0.0002,1798185600000,call,240000.0,True,open,2026-09-30 18:00:39.948245+00:00,2026-12-25 08:00:00+00:00,0.2344736190942098,0.7023999999999999,85060.62,1.0372747445705783,BTC,True,85060.62,otm,0.1156812552843653,0.11546243043370133,0.7017353489714815,-0.000664651028518426
,,0.0001,BTC-25DEC26-250000-C,0.0001,0.0002,1281.4,0.00017809,0.0,1790791239354,84037.31,,0.0,72.56,85060.62,BTC-25DEC26,BTC,BTC,0.0,0.00015,1798185600000,call,250000.0,True,open,2026-09-30 18:00:39.948245+00:00,2026-12-25 08:00:00+00:00,0.2344736190942098,0.7256,85060.62,1.0780967390908334,BTC,True,85060.62,otm,0.12344927249550888,0.12113337366838203,0.7187616765443419,-0.006838323455658157
,,0.0018,BTC-26MAR27-35000-P,0.0017,0.0018,604.9,0.0017254,0.0,1790791239364,84037.31,,0.0,61.61,86151.77,BTC-26MAR27,BTC,BTC,0.0,0.00175,1806048000000,put,35000.0,True,open,2026-09-30 18:00:39.948245+00:00,2027-03-26 08:00:00+00:00,0.4837886875873605,0.6161,86151.77,-0.9007624468335375,BTC,True,86151.77,otm,0.1836361278413471,0.18568682847596718,0.6195305040435225,0.00343050404352252
0.0029,0.0026,0.0029,BTC-26MAR27-40000-P,0.0026,0.003,1918.2,0.00277581,0.0,1790791239356,84037.31,11.5385,6.3,57.32,86151.77,BTC-26MAR27,BTC,BTC,1453.32,0.0028,1806048000000,put,40000.0,True,open,2026-09-30 18:00:39.948245+00:00,2027-03-26 08:00:00+00:00,0.4837886875873605,0.5732,86151.77,-0.7672310542090149,BTC,True,86151.77,otm,0.15895275972561304,0.15751035666834806,0.5705933461714026,-0.0026066538285974827
0.0045,0.0045,0.0045,BTC-26MAR27-45000-P,0.0041,0.0044,251.6,0.00418952,0.0,1790791239354,84037.31,0.0,0.1,53.14,86151.77,BTC-26MAR27,BTC,BTC,37.61,0.00425,1806048000000,put,45000.0,True,open,2026-09-30 18:00:39.948245+00:00,2027-03-26 08:00:00+00:00,0.4837886875873605,0.5314,86151.77,-0.6494480185526313,BTC,True,86151.77,otm,0.13661513298149688,0.13512698041597393,0.5284977971864848,-0.0029022028135151645
,,0.0065,BTC-26MAR27-50000-P,0.006,0.0065,2333.9,0.00631941,0.0,1790791239357,84037.31,,0.0,49.51,86151.77,BTC-26MAR27,BTC,BTC,0.0,0.00625,1806048000000,put,50000.0,True,open,2026-09-30 18:00:39.948245+00:00,2027-03-26 08:00:00+00:00,0.4837886875873605,0.4951,86151.77,-0.544087502894805,BTC,True,86151.77,otm,0.11858822309405101,0.1173742112614895,0.49255926090449387,-0.002540739095506117
0.0075,0.007,0.0075,BTC-26MAR27-52000-P,0.007,0.008,322.7,0.00746627,0.0,1790791239358,84037.31,1.3514,201.1,48.22,86151.77,BTC-26MAR27,BTC,BTC,124336.69,0.0075,1806048000000,put,52000.0,True,open,2026-09-30 18:00:39.948245+00:00,2027-03-26 08:00:00+00:00,0.4837886875873605,0.48219999999999996,86151.77,-0.5048667897415239,BTC,True,86151.77,otm,0.11248901686556027,0.11136856280167406,0.4797924979708331,-0.0024075020291668414
,,0.0101,BTC-26MAR27-54000-P,0.0085,0.009,85.5,0.00873769,0.0,1790791239355,84037.31,,0.0,46.9,86151.77,BTC-26MAR27,BTC,BTC,0.0,0.00875,1806048000000,put,54000.0,True,open,2026-09-30 18:00:39.948245+00:00,2027-03-26 08:00:00+00:00,0.4837886875873605,0.469,86151.77,-0.4671264617586768,BTC,True,86151.77,otm,0.10641464351040338,0.10591754054769625,0.46790327969743756,-0.001096720302562415
0.01,0.0094,0.01,BTC-26MAR27-55000-P,0.009,0.01,1313.3,0.00946169,0.0,1790791239354,84037.31,6.383,52.1,46.28,86151.77,BTC-26MAR27,BTC,BTC,40906.9,0.0095,1806048000000,put,55000.0,True,open,2026-09-30 18:00:39.948245+00:00,2027-03-26 08:00:00+00:00,0.4837886875873605,0.4628,86151.77,-0.44877732309048035,BTC,True,86151.77,otm,0.1036197188560212,0.10338687754308024,0.46227973433747055,-0.00052026566252944
,,0.0115,BTC-26MAR27-56000-P,0.01,0.011,131.7,0.01045546,0.0,1790791239356,84037.31,,0.0,45.91,86151.77,BTC-26MAR27,BTC,BTC,0.0,0.0105,1806048000000,put,56000.0,True,open,2026-09-30 18:00:39.948245+00:00,2027-03-26 08:00:00+00:00,0.4837886875873605,0.45909999999999995,86151.77,-0.4307588175878019,BTC,True,86151.77,otm,0.10196950112900006,0.10097957658226309,0.456866083213328,-0.0022339167866719523
,,0.0125,BTC-26MAR27-58000-P,0.0115,0.0125,139.6,0.01197606,0.0,1790791239365,84037.31,,0.0,44.47,86151.77,BTC-26MAR27,BTC,BTC,0.0,0.012,1806048000000,put,58000.0,True,open,2026-09-30 18:00:39.948245+00:00,2027-03-26 08:00:00+00:00,0.4837886875873605,0.4447,86151.77,-0.39566749777653193,BTC,True,86151.77,otm,0.09567312682088312,0.09651671464310291,0.44665624516301256,0.001956245163012571
0.0145,0.0145,0.0145,BTC-26MAR27-60000-P,0.014,0.015,817.2,0.01444238,0.0,1790791239355,84037.31,0.0,0.1,43.73,86151.77,BTC-26MAR27,BTC,BTC,121.06,0.0145,1806048000000,put,60000.0,True,open,2026-09-30 18:00:39.948245+00:00,2027-03-26 08:00:00+00:00,0.4837886875873605,0.43729999999999997,86151.77,-0.3617659461008505,BTC,True,86151.77,otm,0.09251553481473793,0.09249416477913375,0.43724949142160474,-5.050857839522527e-05
0.0176,0.0176,0.0176,BTC-26MAR27-62000-P,0.0165,0.0175,443.5,0.01693787,0.0,1790791239354,84037.31,0.0,200.0,42.73,86151.77,BTC-26MAR27,BTC,BTC,294058.3,0.017,1806048000000,put,62000.0,True,open,2026-09-30 18:00:39.948245+00:00,2027-03-26 08:00:00+00:00,0.4837886875873605,0.42729999999999996,86151.77,-0.3289761232778596,BTC,True,86151.77,otm,0.0883326978218576,0.08887993697402558,0.4286215618260184,0.001321561826018447
,,0.0205,BTC-26MAR27-64000-P,0.0195,0.0205,125.8,0.01992905,0.0,1790791239364,84037.31,,0.0,41.84,86151.77,BTC-26MAR27,BTC,BTC,0.0,0.02,1806048000000,put,64000.0,True,open,2026-09-30 18:00:39.948245+00:00,2027-03-26 08:00:00+00:00,0.4837886875873605,0.41840000000000005,86151.77,-0.2972274249632794,BTC,True,86151.77,otm,0.08469135099333322,0.08564453726755228,0.4207479213651173,0.002347921365117245
0.023,0.0205,0.0205,BTC-26MAR27-65000-P,0.021,0.022,893.7,0.02156762,0.0,1790791239355,84037.31,-10.8696,7.6,41.4,86151.77,BTC-26MAR27,BTC,BTC,14424.65,0.0215,1806048000000,put,65000.0,True,open,2026-09-30 18:00:39.948245+00:00,2027-03-26 08:00:00+00:00,0.4837886875873605,0.414,86151.77,-0.28172323842731406,BTC,True,86151.77,otm,0.08291944589772324,0.0841603001809702,0.4170861641556653,0.0030861641556653163
0.025,0.025,0.025,BTC-26MAR27-66000-P,0.023,0.024,98.5,0.02343009,0.0,1790791239364,84037.31,0.0,3.6,41.03,86151.77,BTC-26MAR27,BTC,BTC,7477.49,0.0235,1806048000000,put,66000.0,True,open,2026-09-30 18:00:39.948245+00:00,2027-03-26 08:00:00+00:00,0.4837886875873605,0.4103,86151.77,-0.2664557662965257,BTC,True,86151.77,otm,0.08144393394156367,0.08276071347814484,0.41360355076701694,0.0033035507670169384
0.0295,0.0275,0.0275,BTC-26MAR27-68000-P,0.0275,0.0285,557.5,0.02778329,0.0,1790791239358,84037.31,-3.5088,11.2,40.46,86151.77,BTC-26MAR27,BTC,BTC,26734.19,0.028,1806048000000,put,68000.0,True,open,2026-09-30 18:00:39.948245+00:00,2027-03-26 08:00:00+00:00,0.4837886875873605,0.4046,86151.77,-0.23660280314684448,BTC,True,86151.77,otm,0.07919676935292852,0.08020324039495791,0.4071628100839624,0.0025628100839623635
0.0354,0.03,0.0325,BTC-26MAR27-70000-P,0.032,0.033,612.0,0.03267034,0.0,1790791239357,84037.31,-5.7971,108.3,39.87,86152.07,BTC-26MAR27,BTC,BTC,317015.05,0.0325,1806048000000,put,70000.0,True,open,2026-09-30 18:00:39.948245+00:00,2027-03-26 08:00:00+00:00,0.4837886875873605,0.3987,86152.07,-0.20761526627359214,BTC,True,86151.77,otm,0.07690386738176884,0.07794873646639783,0.4013993689165502,0.0026993689165502044
0.0405,0.0355,0.037,BTC-26MAR27-72000-P,0.038,0.039,188.9,0.03835119,0.0,1790791239365,84037.31,-8.642,2.8,39.37,86152.07,BTC-26MAR27,BTC,BTC,8868.39,0.0385,1806048000000,put,72000.0,True,open,2026-09-30 18:00:39.948245+00:00,2027-03-26 08:00:00+00:00,0.4837886875873605,0.3937,86152.07,-0.1794443893068959,BTC,True,86151.77,otm,0.07498709660154772,0.07597550570866352,0.39628619653995506,0.0025861965399550657
0.0485,0.046,0.046,BTC-26MAR27-74000-P,0.0445,0.0455,223.8,0.04483531,0.0,1790791239364,84037.31,-4.1667,14.0,38.94,86151.77,BTC-26MAR27,BTC,BTC,54425.67,0.045,1806048000000,put,74000.0,True,open,2026-09-30 18:00:39.948245+00:00,2027-03-26 08:00:00+00:00,0.4837886875873605,0.38939999999999997,86151.77,-0.15204541511878142,BTC,True,86151.77,otm,0.07335802044017416,0.07426339989723979,0.39179560458754525,0.002395604587545286
,,0.05,BTC-26MAR27-75000-P,0.048,0.049,17.5,0.0483789,0.0,1790791239367,84037.31,,0.0,38.74,86151.77,BTC-26MAR27,BTC,BTC,0.0,0.0485,1806048000000,put,75000.0,True,open,2026-09-30 18:00:39.948245+00:00,2027-03-26 08:00:00+00:00,0.4837886875873605,0.3874,86151.77,-0.1386223947866408,BTC,True,86151.77,otm,0.07260640633513846,0.07349936557982872,0.3897749645239703,0.002374964523970291
0.0565,0.048,0.052,BTC-26MAR27-76000-P,0.0515,0.0525,624.3,0.05221517,0.0,1790791239357,84037.31,-3.7037,36.2,38.58,86151.77,BTC-26MAR27,BTC,BTC,161550.51,0.052,1806048000000,put,76000.0,True,open,2026-09-30 18:00:39.948245+00:00,2027-03-26 08:00:00+00:00,0.4837886875873605,0.3858,86151.77,-0.12537716803662008,BTC,True,86151.77,otm,0.07200790167395037,0.0727936971640531,0.3878993342910843,0.0020993342910843316
0.0655,0.056,0.056,BTC-26MAR27-78000-P,0.06,0.061,364.1,0.06050926,0.0,1790791239365,84037.31,-14.5038,17.7,38.29,86151.77,BTC-26MAR27,BTC,BTC,89150.21,0.0605,1806048000000,put,78000.0,True,open,2026-09-30 18:00:39.948245+00:00,2027-03-26 08:00:00+00:00,0.4837886875873605,0.3829,86151.77,-0.0994016816333595,BTC,True,86151.77,otm,0.07092942541792002,0.07154899396168507,0.3845686797279295,0.0016686797279295007
0.0735,0.0675,0.069,BTC-26MAR27-80000-P,0.0695,0.0705,256.8,0.0698794,0.0,1790791239365,84037.31,-6.1224,29.8,38.11,86151.77,BTC-26MAR27,BTC,BTC,176693.12,0.07,1806048000000,put,80000.0,True,open,2026-09-30 18:00:39.948245+00:00,2027-03-26 08:00:00+00:00,0.4837886875873605,0.3811,86151.77,-0.07408387364906958,BTC,True,86151.77,otm,0.07026411921474987,0.0705131080186911,0.38177463820678115,0.0006746382067811529
0.0845,0.079,0.079,BTC-26MAR27-82000-P,0.0795,0.081,64.4,0.08011179,0.0,1790791239356,84037.31,-6.5089,4.0,37.94,86151.77,BTC-26MAR27,BTC,BTC,27801.55,0.08025,1806048000000,put,82000.0,True,open,2026-09-30 18:00:39.948245+00:00,2027-03-26 08:00:00+00:00,0.4837886875873605,0.37939999999999996,86151.77,-0.04939126105869805,BTC,True,86151.77,otm,0.06963865301000254,0.06967099043195968,0.3794880789145329,8.807891453294081e-05
,,0.0954,BTC-26MAR27-84000-P,0.0905,0.092,410.4,0.09136623,0.0,1790791239364,84037.31,,0.0,37.84,86152.07,BTC-26MAR27,BTC,BTC,0.0,0.09125,1806048000000,put,84000.0,True,open,2026-09-30 18:00:39.948245+00:00,2027-03-26 08:00:00+00:00,0.4837886875873605,0.3784,86152.07,-0.02529370947963763,BTC,True,86151.77,otm,0.06927203794254885,0.06900864545118668,0.3776799212808327,-0.0007200787191672942
,,0.105,BTC-26MAR27-85000-P,0.0965,0.098,14.5,0.09734172,0.0,1790791239365,84037.31,,0.0,37.8,86151.77,BTC-26MAR27,BTC,BTC,0.0,0.09725,1806048000000,put,85000.0,True,open,2026-09-30 18:00:39.948245+00:00,2027-03-26 08:00:00+00:00,0.4837886875873605,0.37799999999999995,86151.77,-0.013459251832634717,BTC,True,86151.77,otm,0.0691256628372324,0.06874078374300374,0.3769462135704361,-0.00105378642956383
0.1035,0.1035,0.1035,BTC-26MAR27-86000-P,0.103,0.104,28.3,0.10349576,0.0,1790791239356,84037.31,0.0,1.4,37.76,86151.77,BTC-26MAR27,BTC,BTC,12183.42,0.1035,1806048000000,put,86000.0,True,open,2026-09-30 18:00:39.948245+00:00,2027-03-26 08:00:00+00:00,0.4837886875873605,0.3776,86151.77,-0.001763212069443477,BTC,True,86151.77,otm,0.06897944254429601,0.06851305682949566,0.3763213151824998,-0.0012786848175002086
0.0985,0.091,0.0985,BTC-26MAR27-88000-C,0.0945,0.0955,120.5,0.09510118,0.0,1790791239364,84037.31,5.3476,3.3,37.72,86152.07,BTC-26MAR27,BTC,BTC,27222.22,0.095,1806048000000,call,88000.0,True,open,2026-09-30 18:00:39.948245+00:00,2027-03-26 08:00:00+00:00,0.4837886875873605,0.3772,86152.07,0.021226306155255188,BTC,True,86151.77,otm,0.06883337706373963,0.06817211986123745,0.3753838160574942,-0.0018161839425057669
0.093,0.0875,0.0875,BTC-26MAR27-90000-C,0.085,0.0865,762.2,0.08583558,0.0,1790791239355,84037.31,-5.914,40.7,37.72,86151.77,BTC-26MAR27,BTC,BTC,315751.37,0.08575,1806048000000,call,90000.0,True,open,2026-09-30 18:00:39.948245+00:00,2027-03-26 08:00:00+00:00,0.4837886875873605,0.3772,86151.77,0.04369916200731392,BTC,True,86151.77,otm,0.06883337706373963,0.06797457841792542,0.3748395491518605,-0.0023604508481394615
0.0805,0.0805,0.0805,BTC-26MAR27-92000-C,0.0765,0.078,420.8,0.07726927,0.0,1790791239355,84037.31,0.0,1.4,37.7,86151.77,BTC-26MAR27,BTC,BTC,9541.61,0.07725,1806048000000,call,92000.0,True,open,2026-09-30 18:00:39.948245+00:00,2027-03-26 08:00:00+00:00,0.4837886875873605,0.377,86151.77,0.06567806872608908,BTC,True,86151.77,otm,0.06876040237810396,0.06790996643817315,0.37466135839348125,-0.0023386416065187543
0.0735,0.0695,0.0725,BTC-26MAR27-94000-C,0.069,0.07,186.2,0.06950279,0.0,1790791239364,84037.31,4.3165,4.3,37.72,86151.77,BTC-26MAR27,BTC,BTC,26488.96,0.0695,1806048000000,call,94000.0,True,open,2026-09-30 18:00:39.948245+00:00,2027-03-26 08:00:00+00:00,0.4837886875873605,0.3772,86151.77,0.08718427394705261,BTC,True,86151.77,otm,0.06883337706373963,0.0679685534372037,0.3748229366832292,-0.002377063316770789
0.069,0.0665,0.069,BTC-26MAR27-95000-C,0.065,0.0665,458.1,0.065935,0.0,1790791239357,84037.31,3.7594,20.1,37.75,86152.07,BTC-26MAR27,BTC,BTC,112685.54,0.06575,1806048000000,call,95000.0,True,open,2026-09-30 18:00:39.948245+00:00,2027-03-26 08:00:00+00:00,0.4837886875873605,0.3775,86152.07,0.09776638327758971,BTC,True,86151.77,otm,0.06894291166049629,0.06804119433390976,0.37502317783846756,-0.0024768221615324437
0.066,0.0655,0.0655,BTC-26MAR27-96000-C,0.062,0.063,170.8,0.06246766,0.0,1790791239353,84037.31,-0.7576,2.8,37.75,86151.77,BTC-26MAR27,BTC,BTC,15591.01,0.0625,1806048000000,call,96000.0,True,open,2026-09-30 18:00:39.948245+00:00,2027-03-26 08:00:00+00:00,0.4837886875873605,0.3775,86151.77,0.10823768314488508,BTC,True,86151.77,otm,0.06894291166049629,0.0681412936839188,0.3752989356363098,-0.0022010643636902194
0.062,0.057,0.058,BTC-26MAR27-98000-C,0.0555,0.0565,220.0,0.05615905,0.0,1790791239356,84037.31,-6.4516,7.0,37.83,86151.77,BTC-26MAR27,BTC,BTC,34767.08,0.056,1806048000000,call,98000.0,True,open,2026-09-30 18:00:39.948245+00:00,2027-03-26 08:00:00+00:00,0.4837886875873605,0.37829999999999997,86151.77,0.1288569703476207,BTC,True,86151.77,otm,0.0692354296525591,0.068419778754998,0.3760650539299265,-0.0022349460700734625
0.055,0.055,0.055,BTC-26MAR27-100000-C,0.0495,0.051,1288.4,0.05042819,0.0,1790791239358,84037.31,0.0,0.1,37.9,86151.77,BTC-26MAR27,BTC,BTC,468.14,0.05025,1806048000000,call,100000.0,True,open,2026-09-30 18:00:39.948245+00:00,2027-03-26 08:00:00+00:00,0.4837886875873605,0.379,86151.77,0.14905967766514028,BTC,True,86151.77,otm,0.06949189087373604,0.06879619322109937,0.3770981043736798,-0.0019018956263202047
0.0505,0.044,0.0505,BTC-26MAR27-102000-C,0.0445,0.046,111.7,0.04531073,0.0,1790791239364,84037.31,14.7727,2.4,38.0,86151.77,BTC-26MAR27,BTC,BTC,10228.83,0.04525,1806048000000,call,102000.0,True,open,2026-09-30 18:00:39.948245+00:00,2027-03-26 08:00:00+00:00,0.4837886875873605,0.38,86151.77,0.1688623049613199,BTC,True,86151.77,otm,0.06985908648761485,0.06926327325393944,0.37837606059253953,-0.001623939407460473
0.0455,0.044,0.0455,BTC-26MAR27-104000-C,0.04,0.041,135.4,0.04073351,0.0,1790791239365,84037.31,3.4091,2.9,38.13,86151.77,BTC-26MAR27,BTC,BTC,11032.47,0.0405,1806048000000,call,104000.0,True,open,2026-09-30 18:00:39.948245+00:00,2027-03-26 08:00:00+00:00,0.4837886875873605,0.38130000000000003,86151.77,0.18828039081842143,BTC,True,86151.77,otm,0.0703378873138332,0.0698142679679456,0.3798780847932702,-0.0014219152067298513
0.039,0.039,0.039,BTC-26MAR27-105000-C,0.038,0.039,245.0,0.03865463,0.0,1790791239354,84037.31,0.0,0.2,38.21,86151.77,BTC-26MAR27,BTC,BTC,654.48,0.0385,1806048000000,call,105000.0,True,open,2026-09-30 18:00:39.948245+00:00,2027-03-26 08:00:00+00:00,0.4837886875873605,0.3821,86151.77,0.1978498418345721,BTC,True,86151.77,otm,0.07063334674111654,0.07011925500438443,0.38070693853316184,-0.0013930614668381525
,,0.037,BTC-26MAR27-106000-C,0.036,0.037,93.5,0.03665688,0.0,1790791239356,84037.31,,0.0,38.28,86151.77,BTC-26MAR27,BTC,BTC,0.0,0.0365,1806048000000,call,106000.0,True,open,2026-09-30 18:00:39.948245+00:00,2027-03-26 08:00:00+00:00,0.4837886875873605,0.38280000000000003,86151.77,0.20732858578911603,BTC,True,86151.77,otm,0.07089238171811145,0.07044290332869879,0.38158453848289026,-0.0012154615171097727
,,0.0316,BTC-26MAR27-108000-C,0.0325,0.0335,98.0,0.03309627,0.0,1790791239354,84037.31,,0.0,38.47,86152.07,BTC-26MAR27,BTC,BTC,0.0,0.033,1806048000000,call,108000.0,True,open,2026-09-30 18:00:39.948245+00:00,2027-03-26 08:00:00+00:00,0.4837886875873605,0.3847,86152.07,0.2260207188012685,BTC,True,86151.77,otm,0.07159786657178571,0.07114334847433679,0.3834769782414557,-0.0012230217585442738
0.034,0.028,0.031,BTC-26MAR27-110000-C,0.029,0.0305,1208.6,0.02976298,0.0,1790791239357,84037.31,8.7719,7.7,38.61,86151.77,BTC-26MAR27,BTC,BTC,19819.19,0.02975,1806048000000,call,110000.0,True,open,2026-09-30 18:00:39.948245+00:00,2027-03-26 08:00:00+00:00,0.4837886875873605,0.3861,86151.77,0.244369857469465,BTC,True,86151.77,otm,0.07211993262033499,0.0719101843068381,0.3855381387466178,-0.0005618612533822009
,,0.0295,BTC-26MAR27-112000-C,0.0265,0.0275,99.2,0.02704583,0.0,1790791239365,84037.31,,0.0,38.89,86151.77,BTC-26MAR27,BTC,BTC,0.0,0.027,1806048000000,call,112000.0,True,open,2026-09-30 18:00:39.948245+00:00,2027-03-26 08:00:00+00:00,0.4837886875873605,0.3889,86151.77,0.2623883629721434,BTC,True,86151.77,otm,0.07316975407239956,0.07273837421866614,0.3877519052319566,-0.0011480947680434506
,,0.0255,BTC-26MAR27-115000-C,0.0225,0.0235,695.7,0.02311615,0.0,1790791239363,84037.31,,0.0,39.11,86151.77,BTC-26MAR27,BTC,BTC,0.0,0.023,1806048000000,call,115000.0,True,open,2026-09-30 18:00:39.948245+00:00,2027-03-26 08:00:00+00:00,0.4837886875873605,0.3911,86151.77,0.2888216200402988,BTC,True,86151.77,otm,0.07399993546029947,0.07408554831047198,0.3913261725409283,0.0002261725409282711
,,0.0195,BTC-26MAR27-120000-C,0.0175,0.0185,836.8,0.01816057,0.0,1790791239356,84037.31,,0.0,39.7,86151.77,BTC-26MAR27,BTC,BTC,0.0,0.018,1806048000000,call,120000.0,True,open,2026-09-30 18:00:39.948245+00:00,2027-03-26 08:00:00+00:00,0.4837886875873605,0.397,86151.77,0.3313812344590948,BTC,True,86151.77,otm,0.07624945126195631,0.07657585471802886,0.3978488178558142,0.000848817855814199
0.015,0.015,0.015,BTC-26MAR27-125000-C,0.014,0.015,430.0,0.0145438,0.0,1790791239357,84037.31,0.0,8.3,40.41,86151.77,BTC-26MAR27,BTC,BTC,10484.05,0.0145,1806048000000,call,125000.0,True,open,2026-09-30 18:00:39.948245+00:00,2027-03-26 08:00:00+00:00,0.4837886875873605,0.40409999999999996,86151.77,0.37220322897934993,BTC,True,86151.77,otm,0.07900114939710254,0.07932319215090794,0.40492280525862934,0.0008228052586293777
0.012,0.0115,0.0115,BTC-26MAR27-130000-C,0.011,0.012,1191.3,0.01154962,0.0,1790791239364,84037.31,-4.1667,20.0,40.96,86151.77,BTC-26MAR27,BTC,BTC,19655.98,0.0115,1806048000000,call,130000.0,True,open,2026-09-30 18:00:39.948245+00:00,2027-03-26 08:00:00+00:00,0.4837886875873605,0.4096,86151.77,0.4114239421326313,BTC,True,86151.77,otm,0.08116627310009666,0.08227926451613393,0.41239875540831417,0.0027987554083141464
0.0075,0.0075,0.0075,BTC-26MAR27-140000-C,0.0075,0.0085,902.0,0.00801812,0.0,1790791239354,84037.31,0.0,4.0,42.68,86151.77,BTC-26MAR27,BTC,BTC,2492.16,0.008,1806048000000,call,140000.0,True,open,2026-09-30 18:00:39.948245+00:00,2027-03-26 08:00:00+00:00,0.4837886875873605,0.4268,86151.77,0.4855319142863532,BTC,True,86151.77,otm,0.08812609586282344,0.08866299194155564,0.4280981358772942,0.0012981358772941598
0.0055,0.0055,0.0055,BTC-26MAR27-150000-C,0.005,0.006,1865.8,0.00551379,0.0,1790791239356,84037.31,0.0,1.9,43.96,86151.77,BTC-26MAR27,BTC,BTC,872.94,0.0055,1806048000000,call,150000.0,True,open,2026-09-30 18:00:39.948245+00:00,2027-03-26 08:00:00+00:00,0.4837886875873605,0.4396,86151.77,0.5545247857733046,BTC,True,86151.77,otm,0.09349127370507225,0.09547757966768894,0.4442453044032784,0.004645304403278427
,,0.0055,BTC-26MAR27-160000-C,0.0039,0.0044,1034.3,0.0042087,0.0,1790791239365,84037.31,,0.0,45.74,86151.77,BTC-26MAR27,BTC,BTC,0.0,0.00415,1806048000000,call,160000.0,True,open,2026-09-30 18:00:39.948245+00:00,2027-03-26 08:00:00+00:00,0.4837886875873605,0.45740000000000003,86151.77,0.6190633069108757,BTC,True,86151.77,otm,0.10121573416430461,0.10254825322799427,0.4604010220398678,0.0030010220398677956
0.0035,0.003,0.0034,BTC-26MAR27-170000-C,0.003,0.0036,1006.2,0.0033022,0.0,1790791239364,84037.31,0.0,8.0,47.42,86151.77,BTC-26MAR27,BTC,BTC,2234.03,0.0033,1806048000000,call,170000.0,True,open,2026-09-30 18:00:39.948245+00:00,2027-03-26 08:00:00+00:00,0.4837886875873605,0.4742,86151.77,0.6796879287273105,BTC,True,86151.77,otm,0.10878745285909187,0.1097521718759018,0.47629794427581673,0.002097944275816721
0.0025,0.0024,0.0024,BTC-26MAR27-180000-C,0.0024,0.003,689.4,0.0026958,0.0,1790791239364,84037.31,-4.0,50.0,49.12,86151.77,BTC-26MAR27,BTC,BTC,10132.32,0.0027,1806048000000,call,180000.0,True,open,2026-09-30 18:00:39.948245+00:00,2027-03-26 08:00:00+00:00,0.4837886875873605,0.49119999999999997,86151.77,0.7368463425672592,BTC,True,86151.77,otm,0.1167272960420381,0.11700285133566035,0.4917794401908039,0.0005794401908039148
0.0023,0.0022,0.0023,BTC-26MAR27-190000-C,0.0021,0.0025,692.4,0.00230199,0.0,1790791239357,84037.31,4.5455,5.0,50.9,86151.77,BTC-26MAR27,BTC,BTC,949.14,0.0023,1806048000000,call,190000.0,True,open,2026-09-30 18:00:39.948245+00:00,2027-03-26 08:00:00+00:00,0.4837886875873605,0.509,86151.77,0.790913563837535,BTC,True,86151.77,otm,0.12534045696882096,0.12423944476592602,0.5067594969891642,-0.0022405030108357815
0.0019,0.0019,0.0019,BTC-26MAR27-200000-C,0.0018,0.0021,483.6,0.00195287,0.0,1790791239357,84037.31,0.0,1.1,52.43,86151.77,BTC-26MAR27,BTC,BTC,174.62,0.00195,1806048000000,call,200000.0,True,open,2026-09-30 18:00:39.948245+00:00,2027-03-26 08:00:00+00:00,0.4837886875873605,0.5243,86151.77,0.8422068582250856,BTC,True,86151.77,otm,0.13298890938734645,0.1314193157164989,0.5211968067705033,-0.0031031932294967035
0.0021,0.0021,0.0021,BTC-25JUN27-30000-P,0.002,0.0026,530.1,0.00230127,0.0,1790791239364,84037.31,0.0,131.8,61.28,87348.39,BTC-25JUN27,BTC,BTC,23128.07,0.0023,1813910400000,put,30000.0,True,open,2026-09-30 18:00:39.948245+00:00,2027-06-25 08:00:00+00:00,0.7331037560805111,0.6128,87348.39,-1.0686929125387246,BTC,True,87347.14,otm,0.2752979376017769,0.27643267007169997,0.6140616312942917,0.0012616312942916874
0.005,0.005,0.005,BTC-25JUN27-40000-P,0.005,0.006,1250.8,0.00547056,0.0,1790791239354,84037.31,0.0,60.0,53.46,87348.39,BTC-25JUN27,BTC,BTC,25068.94,0.0055,1813910400000,put,40000.0,True,open,2026-09-30 18:00:39.948245+00:00,2027-06-25 08:00:00+00:00,0.7331037560805111,0.5346,87348.39,-0.7810108400869438,BTC,True,87347.14,otm,0.20951897147314277,0.20702317275596416,0.531406372113831,-0.003193627886168948
,,0.0085,BTC-25JUN27-45000-P,0.0075,0.0085,162.6,0.0079475,0.0,1790791239354,84037.31,,0.0,50.05,87348.39,BTC-25JUN27,BTC,BTC,0.0,0.008,1813910400000,put,45000.0,True,open,2026-09-30 18:00:39.948245+00:00,2027-06-25 08:00:00+00:00,0.7331037560805111,0.5005,87348.39,-0.6632278044305604,BTC,True,87347.14,otm,0.183642674174107,0.1825897369888797,0.4990630991428922,-0.0014369008571077369
,,0.012,BTC-25JUN27-50000-P,0.011,0.012,342.9,0.01149991,0.0,1790791239358,84037.31,,0.0,47.16,87348.39,BTC-25JUN27,BTC,BTC,0.0,0.0115,1813910400000,put,50000.0,True,open,2026-09-30 18:00:39.948245+00:00,2027-06-25 08:00:00+00:00,0.7331037560805111,0.47159999999999996,87348.39,-0.557867288772734,BTC,True,87347.14,otm,0.16304708451294556,0.16318064267912263,0.47179311335147295,0.00019311335147298436
,,0.0135,BTC-25JUN27-52000-P,0.013,0.014,46.0,0.01345074,0.0,1790791239363,84037.31,,0.0,46.26,87347.14,BTC-25JUN27,BTC,BTC,0.0,0.0135,1813910400000,put,52000.0,True,open,2026-09-30 18:00:39.948245+00:00,2027-06-25 08:00:00+00:00,0.7331037560805111,0.46259999999999996,87347.14,-0.5186465756194526,BTC,True,87347.14,otm,0.15688329475257182,0.1566079914630642,0.4621939299251572,-0.00040607007484277924
,,0.016,BTC-25JUN27-54000-P,0.015,0.016,50.5,0.01549257,0.0,1790791239364,84037.31,,0.0,45.25,87347.14,BTC-25JUN27,BTC,BTC,0.0,0.0155,1813910400000,put,54000.0,True,open,2026-09-30 18:00:39.948245+00:00,2027-06-25 08:00:00+00:00,0.7331037560805111,0.4525,87347.14,-0.48090624763660555,BTC,True,87347.14,otm,0.15010757595596017,0.15063885789134746,0.4533000686539121,0.0008000686539120783
0.0175,0.0175,0.0175,BTC-25JUN27-55000-P,0.016,0.0175,36.9,0.01669159,0.0,1790791239353,84037.31,0.0,0.1,44.82,87348.39,BTC-25JUN27,BTC,BTC,146.72,0.01675,1813910400000,put,55000.0,True,open,2026-09-30 18:00:39.948245+00:00,2027-06-25 08:00:00+00:00,0.7331037560805111,0.4482,87348.39,-0.4625571089684091,BTC,True,87347.14,otm,0.14726825777762279,0.1478663581145671,0.44910921475456617,0.0009092147545661788
,,0.0185,BTC-25JUN27-56000-P,0.0175,0.0185,85.5,0.01804247,0.0,1790791239367,84037.31,,0.0,44.46,87347.14,BTC-25JUN27,BTC,BTC,0.0,0.018,1813910400000,put,56000.0,True,open,2026-09-30 18:00:39.948245+00:00,2027-06-25 08:00:00+00:00,0.7331037560805111,0.4446,87347.14,-0.4445386034657307,BTC,True,87347.14,otm,0.14491200365727952,0.1452281250093036,0.4450846768485308,0.0004846768485308184
,,0.021,BTC-25JUN27-58000-P,0.0205,0.0215,100.6,0.02085848,0.0,1790791239355,84037.31,,0.0,43.66,87348.39,BTC-25JUN27,BTC,BTC,0.0,0.021,1813910400000,put,58000.0,True,open,2026-09-30 18:00:39.948245+00:00,2027-06-25 08:00:00+00:00,0.7331037560805111,0.4366,87348.39,-0.4094472836544606,BTC,True,87347.14,otm,0.13974391541841436,0.14033444657520305,0.43752152168306657,0.000921521683066584
0.025,0.025,0.025,BTC-25JUN27-60000-P,0.0235,0.025,243.1,0.02417079,0.0,1790791239358,84037.31,0.0,0.3,42.98,87347.14,BTC-25JUN27,BTC,BTC,624.01,0.02425,1813910400000,put,60000.0,True,open,2026-09-30 18:00:39.948245+00:00,2027-06-25 08:00:00+00:00,0.7331037560805111,0.42979999999999996,87347.14,-0.3755457319787793,BTC,True,87347.14,otm,0.13542481997739086,0.13591979411509042,0.43058473742549624,0.0007847374254962847
0.026,0.026,0.026,BTC-25JUN27-62000-P,0.0275,0.0285,115.8,0.02784305,0.0,1790791239365,84037.31,0.0,0.2,42.3,87347.14,BTC-25JUN27,BTC,BTC,443.98,0.028,1813910400000,put,62000.0,True,open,2026-09-30 18:00:39.948245+00:00,2027-06-25 08:00:00+00:00,0.7331037560805111,0.423,87347.14,-0.3427559091557885,BTC,True,87347.14,otm,0.13117352197172977,0.1319490873957605,0.424248653983762,0.0012486539837620048
0.0315,0.0315,0.0315,BTC-25JUN27-64000-P,0.0315,0.033,64.1,0.0321548,0.0,1790791239357,84037.31,0.0,0.1,41.76,87347.14,BTC-25JUN27,BTC,BTC,266.18,0.03225,1813910400000,put,64000.0,True,open,2026-09-30 18:00:39.948245+00:00,2027-06-25 08:00:00+00:00,0.7331037560805111,0.41759999999999997,87347.14,-0.31100721084120825,BTC,True,87347.14,otm,0.12784578807797886,0.1283898901967458,0.4184876937073952,0.0008876937073952207
0.0325,0.0325,0.0325,BTC-25JUN27-65000-P,0.034,0.035,51.3,0.03460017,0.0,1790791239365,84037.31,0.0,6.0,41.55,87348.39,BTC-25JUN27,BTC,BTC,16579.28,0.0345,1813910400000,put,65000.0,True,open,2026-09-30 18:00:39.948245+00:00,2027-06-25 08:00:00+00:00,0.7331037560805111,0.4155,87348.39,-0.2955030243052429,BTC,True,87347.14,otm,0.12656321572567847,0.1267551311670168,0.41581490452950587,0.0003149045295058883
0.036,0.034,0.034,BTC-25JUN27-66000-P,0.0365,0.0375,66.7,0.03705707,0.0,1790791239357,84037.31,-5.5556,0.2,41.28,87347.14,BTC-25JUN27,BTC,BTC,594.9,0.037,1813910400000,put,66000.0,True,open,2026-09-30 18:00:39.948245+00:00,2027-06-25 08:00:00+00:00,0.7331037560805111,0.4128,87347.14,-0.2802355521744545,BTC,True,87347.14,otm,0.12492369515454245,0.12521215718432238,0.413276324625906,0.00047632462590602165
0.04,0.04,0.04,BTC-25JUN27-68000-P,0.042,0.043,26.6,0.04250714,0.0,1790791239354,84037.31,0.0,6.0,40.83,87347.14,BTC-25JUN27,BTC,BTC,20405.27,0.0425,1813910400000,put,68000.0,True,open,2026-09-30 18:00:39.948245+00:00,2027-06-25 08:00:00+00:00,0.7331037560805111,0.4083,87347.14,-0.25038258902477334,BTC,True,87347.14,otm,0.12221491343101276,0.12238802076306271,0.4085890592948271,0.0002890592948270876
0.052,0.052,0.052,BTC-25JUN27-70000-P,0.048,0.049,148.0,0.0485222,0.0,1790791239364,84037.31,0.0,0.1,40.41,87347.14,BTC-25JUN27,BTC,BTC,431.63,0.0485,1813910400000,put,70000.0,True,open,2026-09-30 18:00:39.948245+00:00,2027-06-25 08:00:00+00:00,0.7331037560805111,0.40409999999999996,87347.14,-0.22139505215152105,BTC,True,87347.14,otm,0.11971350476696554,0.11989160920738479,0.4044004893024364,0.00030048930243642413
,,0.0545,BTC-25JUN27-72000-P,0.0545,0.056,54.0,0.05514161,0.0,1790791239355,84037.31,,0.0,40.0,87347.14,BTC-25JUN27,BTC,BTC,0.0,0.05525,1813910400000,put,72000.0,True,open,2026-09-30 18:00:39.948245+00:00,2027-06-25 08:00:00+00:00,0.7331037560805111,0.4,87347.14,-0.19322417518482474,BTC,True,87347.14,otm,0.1172966009728818,0.11769888930165734,0.40068534635595665,0.0006853463559566286
,,0.067,BTC-25JUN27-74000-P,0.062,0.0635,25.5,0.06264818,0.0,1790791239357,84037.31,,0.0,39.72,87347.14,BTC-25JUN27,BTC,BTC,0.0,0.06275,1813910400000,put,74000.0,True,open,2026-09-30 18:00:39.948245+00:00,2027-06-25 08:00:00+00:00,0.7331037560805111,0.3972,87347.14,-0.16582520099671028,BTC,True,87347.14,otm,0.11566019609270911,0.1157875282480128,0.3974185817652881,0.00021858176528810613
,,0.076,BTC-25JUN27-76000-P,0.07,0.0715,73.7,0.07077078,0.0,1790791239364,84037.31,,0.0,39.43,87348.39,BTC-25JUN27,BTC,BTC,0.0,0.07075,1813910400000,put,76000.0,True,open,2026-09-30 18:00:39.948245+00:00,2027-06-25 08:00:00+00:00,0.7331037560805111,0.3943,87348.39,-0.13915695391454896,BTC,True,87347.14,otm,0.1139774663861897,0.11413677081491669,0.39457545709310676,0.000275457093106779
,,0.082,BTC-25JUN27-78000-P,0.079,0.0805,106.5,0.07973994,0.0,1790791239355,84037.31,,0.0,39.23,87348.39,BTC-25JUN27,BTC,BTC,0.0,0.07975,1813910400000,put,78000.0,True,open,2026-09-30 18:00:39.948245+00:00,2027-06-25 08:00:00+00:00,0.7331037560805111,0.3923,87348.39,-0.11318146751128828,BTC,True,87347.14,otm,0.11282414755712385,0.11272732865755075,0.39213163973713944,-0.00016836026286054517
0.0835,0.0835,0.0835,BTC-25JUN27-80000-P,0.0885,0.0905,55.3,0.08934472,0.0,1790791239364,84037.31,0.0,0.4,39.02,87347.14,BTC-25JUN27,BTC,BTC,2851.03,0.0895,1813910400000,put,80000.0,True,open,2026-09-30 18:00:39.948245+00:00,2027-06-25 08:00:00+00:00,0.7331037560805111,0.39020000000000005,87347.14,-0.08786365952699841,BTC,True,87347.14,otm,0.11161947480994458,0.111541279491497,0.39006329823283215,-0.0001367017671679016
,,0.1005,BTC-25JUN27-82000-P,0.099,0.101,25.9,0.09977771,0.0,1790791239357,84037.31,,0.0,38.87,87347.14,BTC-25JUN27,BTC,BTC,0.0,0.1,1813910400000,put,82000.0,True,open,2026-09-30 18:00:39.948245+00:00,2027-06-25 08:00:00+00:00,0.7331037560805111,0.3887,87347.14,-0.0631710469366269,BTC,True,87347.14,otm,0.11076295303652788,0.1105619743833064,0.3883471930831061,-0.00035280691689387744
0.1105,0.1075,0.1105,BTC-25JUN27-84000-P,0.1105,0.1125,367.4,0.11084195,0.0,1790791239364,84037.31,0.9132,0.5,38.72,87348.39,BTC-25JUN27,BTC,BTC,4617.99,0.1115,1813910400000,put,84000.0,True,open,2026-09-30 18:00:39.948245+00:00,2027-06-25 08:00:00+00:00,0.7331037560805111,0.3872,87348.39,-0.03907349535756639,BTC,True,87347.14,otm,0.10990973023001359,0.1097739518677393,0.38696075990453277,-0.00023924009546721914
,,0.1185,BTC-25JUN27-85000-P,0.116,0.118,16.5,0.11676536,0.0,1790791239354,84037.31,,0.0,38.69,87347.14,BTC-25JUN27,BTC,BTC,0.0,0.117,1813910400000,put,85000.0,True,open,2026-09-30 18:00:39.948245+00:00,2027-06-25 08:00:00+00:00,0.7331037560805111,0.38689999999999997,87347.14,-0.02723903771056361,BTC,True,87347.14,otm,0.10973948154473899,0.10944714477438505,0.3863843217729107,-0.0005156782270892557
,,0.129,BTC-25JUN27-86000-P,0.122,0.1245,3.1,0.12280379,0.0,1790791239366,84037.31,,0.0,38.64,87347.14,BTC-25JUN27,BTC,BTC,0.0,0.12325,1813910400000,put,86000.0,True,open,2026-09-30 18:00:39.948245+00:00,2027-06-25 08:00:00+00:00,0.7331037560805111,0.3864,87347.14,-0.01554299794737227,BTC,True,87347.14,otm,0.10945602697745048,0.10916285793878916,0.3858821825961617,-0.0005178174038383276
,,0.1305,BTC-25JUN27-88000-C,0.127,0.129,32.4,0.12790299,0.0,1790791239366,84037.31,,0.0,38.56,87347.14,BTC-25JUN27,BTC,BTC,0.0,0.128,1813910400000,call,88000.0,True,open,2026-09-30 18:00:39.948245+00:00,2027-06-25 08:00:00+00:00,0.7331037560805111,0.3856,87347.14,0.007446520277326474,BTC,True,87347.14,otm,0.10900326209769515,0.10871537121258468,0.3850904550637952,-0.0005095449362048088
0.117,0.117,0.117,BTC-25JUN27-90000-C,0.1175,0.1195,764.1,0.11833422,0.0,1790791239367,84037.31,0.0,5.0,38.52,87347.14,BTC-25JUN27,BTC,BTC,49013.22,0.1185,1813910400000,call,90000.0,True,open,2026-09-30 18:00:39.948245+00:00,2027-06-25 08:00:00+00:00,0.7331037560805111,0.38520000000000004,87347.14,0.029919376129384966,BTC,True,87347.14,otm,0.10877723154762044,0.10841913274364279,0.38456543075128635,-0.00063456924871369
,,0.1075,BTC-25JUN27-92000-C,0.1085,0.1105,19.4,0.10936928,0.0,1790791239364,84037.31,,0.0,38.48,87348.39,BTC-25JUN27,BTC,BTC,0.0,0.1095,1813910400000,call,92000.0,True,open,2026-09-30 18:00:39.948245+00:00,2027-06-25 08:00:00+00:00,0.7331037560805111,0.3848,87348.39,0.051898282848160324,BTC,True,87347.14,otm,0.1085514355907476,0.10826268010715273,0.3842878598317868,-0.0005121401682131599
,,0.1,BTC-25JUN27-94000-C,0.1,0.102,29.7,0.10115647,0.0,1790791239356,84037.31,,0.0,38.5,87347.14,BTC-25JUN27,BTC,BTC,0.0,0.101,1813910400000,call,94000.0,True,open,2026-09-30 18:00:39.948245+00:00,2027-06-25 08:00:00+00:00,0.7331037560805111,0.385,87347.14,0.07340448806912381,BTC,True,87347.14,otm,0.10866430424503376,0.108235385451595,0.3842394143935657,-0.0007605856064343275
,,0.0945,BTC-25JUN27-95000-C,0.096,0.098,57.1,0.09720548,0.0,1790791239357,84037.31,,0.0,38.5,87348.39,BTC-25JUN27,BTC,BTC,0.0,0.097,1813910400000,call,95000.0,True,open,2026-09-30 18:00:39.948245+00:00,2027-06-25 08:00:00+00:00,0.7331037560805111,0.385,87348.39,0.0839865973996608,BTC,True,87347.14,otm,0.10866430424503376,0.1082670649679997,0.38429564197669236,-0.0007043580233076496
,,0.112,BTC-25JUN27-96000-C,0.0925,0.094,151.5,0.09343311,0.0,1790791239357,84037.31,,0.0,38.5,87347.14,BTC-25JUN27,BTC,BTC,0.0,0.09325,1813910400000,call,96000.0,True,open,2026-09-30 18:00:39.948245+00:00,2027-06-25 08:00:00+00:00,0.7331037560805111,0.385,87347.14,0.09445789726695626,BTC,True,87347.14,otm,0.10866430424503376,0.10832739728815638,0.3844027023212381,-0.0005972976787619322
,,0.089,BTC-25JUN27-98000-C,0.0855,0.087,118.4,0.08635916,0.0,1790791239365,84037.31,,0.0,38.54,87348.39,BTC-25JUN27,BTC,BTC,0.0,0.08625,1813910400000,call,98000.0,True,open,2026-09-30 18:00:39.948245+00:00,2027-06-25 08:00:00+00:00,0.7331037560805111,0.38539999999999996,87348.39,0.11507718446969184,BTC,True,87347.14,otm,0.10889021749850751,0.10852958582411215,0.38476127083309175,-0.000638729166908214
0.0845,0.0845,0.0845,BTC-25JUN27-100000-C,0.079,0.0805,202.1,0.07983012,0.0,1790791239365,84037.31,0.0,0.1,38.6,87348.39,BTC-25JUN27,BTC,BTC,718.55,0.07975,1813910400000,call,100000.0,True,open,2026-09-30 18:00:39.948245+00:00,2027-06-25 08:00:00+00:00,0.7331037560805111,0.386,87348.39,0.1352798917872114,BTC,True,87347.14,otm,0.10922952724097185,0.10883349167285594,0.3852996008011872,-0.0007003991988128178
,,0.075,BTC-25JUN27-102000-C,0.073,0.0745,53.1,0.07380085,0.0,1790791239358,84037.31,,0.0,38.66,87348.39,BTC-25JUN27,BTC,BTC,0.0,0.07375,1813910400000,call,102000.0,True,open,2026-09-30 18:00:39.948245+00:00,2027-06-25 08:00:00+00:00,0.7331037560805111,0.38659999999999994,87348.39,0.15508251908339102,BTC,True,87347.14,otm,0.10956936481814049,0.10923127778834296,0.3860030930673924,-0.0005969069326075549
,,0.0705,BTC-25JUN27-104000-C,0.0675,0.069,185.9,0.06821723,0.0,1790791239354,84037.31,,0.0,38.73,87347.14,BTC-25JUN27,BTC,BTC,0.0,0.06825,1813910400000,call,104000.0,True,open,2026-09-30 18:00:39.948245+00:00,2027-06-25 08:00:00+00:00,0.7331037560805111,0.3873,87347.14,0.1745006049404927,BTC,True,87347.14,otm,0.109966509115922,0.10971568447995828,0.3868580479904385,-0.00044195200956148595
,,0.0695,BTC-25JUN27-105000-C,0.065,0.0665,163.5,0.06554382,0.0,1790791239357,84037.31,,0.0,38.76,87347.14,BTC-25JUN27,BTC,BTC,0.0,0.06575,1813910400000,call,105000.0,True,open,2026-09-30 18:00:39.948245+00:00,2027-06-25 08:00:00+00:00,0.7331037560805111,0.3876,87347.14,0.18407005595664327,BTC,True,87347.14,otm,0.11013693374609805,0.10998824935412144,0.3873382824653066,-0.0002617175346933953
,,0.059,BTC-25JUN27-106000-C,0.0625,0.064,18.7,0.06304243,0.0,1790791239354,84037.31,,0.0,38.8,87348.39,BTC-25JUN27,BTC,BTC,0.0,0.06325,1813910400000,call,106000.0,True,open,2026-09-30 18:00:39.948245+00:00,2027-06-25 08:00:00+00:00,0.7331037560805111,0.38799999999999996,87348.39,0.1935487999111871,BTC,True,87347.14,otm,0.11036437185538443,0.1102799873678556,0.3878516394309461,-0.00014836056905387363
,,0.0695,BTC-25JUN27-108000-C,0.0575,0.059,35.2,0.05840074,0.0,1790791239354,84037.31,,0.0,38.92,87347.14,BTC-25JUN27,BTC,BTC,0.0,0.05825,1813910400000,call,108000.0,True,open,2026-09-30 18:00:39.948245+00:00,2027-06-25 08:00:00+00:00,0.7331037560805111,0.3892,87347.14,0.21224093292333973,BTC,True,87347.14,otm,0.11104809374245539,0.11091795814049998,0.38897188431646756,-0.00022811568353242606
,,0.055,BTC-25JUN27-110000-C,0.0535,0.055,293.3,0.05406231,0.0,1790791239354,84037.31,,0.0,39.03,87348.39,BTC-25JUN27,BTC,BTC,0.0,0.05425,1813910400000,call,110000.0,True,open,2026-09-30 18:00:39.948245+00:00,2027-06-25 08:00:00+00:00,0.7331037560805111,0.39030000000000004,87348.39,0.2305900715915362,BTC,True,87347.14,otm,0.11167669355810665,0.11162382797678938,0.3902076088386217,-9.23911613783246e-05
,,,BTC-25JUN27-112000-C,0.0495,0.051,0.0,0.05009767,0.0,1790791239358,84037.31,,0.0,39.15,87348.39,BTC-25JUN27,BTC,BTC,0.0,0.05025,1813910400000,call,112000.0,True,open,2026-09-30 18:00:39.948245+00:00,2027-06-25 08:00:00+00:00,0.7331037560805111,0.39149999999999996,87348.39,0.24860857709421458,BTC,True,87347.14,otm,0.1123644621779111,0.11239225349556986,0.39154841222916165,4.8412229161687304e-05
,,0.057,BTC-25JUN27-114000-C,0.0455,0.047,6.0,0.04648519,0.0,1790791239364,84037.31,,0.0,39.28,87347.14,BTC-25JUN27,BTC,BTC,0.0,0.04625,1813910400000,call,114000.0,True,open,2026-09-30 18:00:39.948245+00:00,2027-06-25 08:00:00+00:00,0.7331037560805111,0.39280000000000004,87347.14,0.2663081541936154,BTC,True,87347.14,otm,0.11311192743657328,0.11321828509613036,0.3929846289492897,0.0001846289492896669
,,0.049,BTC-25JUN27-115000-C,0.044,0.0455,149.9,0.04487078,0.0,1790791239356,84037.31,,0.0,39.39,87348.39,BTC-25JUN27,BTC,BTC,0.0,0.04475,1813910400000,call,115000.0,True,open,2026-09-30 18:00:39.948245+00:00,2027-06-25 08:00:00+00:00,0.7331037560805111,0.39390000000000003,87348.39,0.2750418341623701,BTC,True,87347.14,otm,0.11374633343397265,0.11365145682105116,0.39373568835586387,-0.0001643116441361614
,,,BTC-25JUN27-116000-C,0.0425,0.044,0.0,0.04323813,0.0,1790791239357,84037.31,,0.0,39.46,87347.14,BTC-25JUN27,BTC,BTC,0.0,0.04325,1813910400000,call,116000.0,True,open,2026-09-30 18:00:39.948245+00:00,2027-06-25 08:00:00+00:00,0.7331037560805111,0.3946,87347.14,0.2836998969054847,BTC,True,87347.14,otm,0.1141509700521413,0.11409733755465501,0.39450729001284623,-9.270998715377177e-05
,,0.0375,BTC-25JUN27-120000-C,0.0365,0.038,352.3,0.03736156,0.0,1790791239355,84037.31,,0.0,39.75,87348.39,BTC-25JUN27,BTC,BTC,0.0,0.03725,1813910400000,call,120000.0,True,open,2026-09-30 18:00:39.948245+00:00,2027-06-25 08:00:00+00:00,0.7331037560805111,0.3975,87348.39,0.31760144858116607,BTC,True,87347.14,otm,0.11583497535919628,0.11599782434507594,0.3977793186440257,0.0002793186440256945
,,0.0345,BTC-25JUN27-125000-C,0.0305,0.032,640.0,0.03135153,0.0,1790791239356,84037.31,,0.0,40.18,87348.39,BTC-25JUN27,BTC,BTC,0.0,0.03125,1813910400000,call,125000.0,True,open,2026-09-30 18:00:39.948245+00:00,2027-06-25 08:00:00+00:00,0.7331037560805111,0.4018,87348.39,0.35842344310142105,BTC,True,87347.14,otm,0.11835464563780741,0.11860234950957721,0.4022202428829501,0.000420242882950117
,,0.0265,BTC-25JUN27-130000-C,0.026,0.027,772.7,0.02661032,0.0,1790791239354,84037.31,,0.0,40.7,87348.39,BTC-25JUN27,BTC,BTC,0.0,0.0265,1813910400000,call,130000.0,True,open,2026-09-30 18:00:39.948245+00:00,2027-06-25 08:00:00+00:00,0.7331037560805111,0.40700000000000003,87348.39,0.3976441562547024,BTC,True,87347.14,otm,0.12143790409098061,0.12141492540819027,0.40696149156878525,-3.850843121477876e-05
,,0.025,BTC-25JUN27-135000-C,0.022,0.023,0.5,0.0226067,0.0,1790791239354,84037.31,,0.0,41.16,87347.14,BTC-25JUN27,BTC,BTC,0.0,0.0225,1813910400000,call,135000.0,True,open,2026-09-30 18:00:39.948245+00:00,2027-06-25 08:00:00+00:00,0.7331037560805111,0.41159999999999997,87347.14,0.4353844842375495,BTC,True,87347.14,otm,0.1241984502707271,0.12439406183721124,0.41192400582862954,0.00032400582862956995
,,0.021,BTC-25JUN27-140000-C,0.0185,0.02,378.4,0.01925384,0.0,1790791239356,84037.31,,0.0,41.59,87347.14,BTC-25JUN27,BTC,BTC,0.0,0.01925,1813910400000,call,140000.0,True,open,2026-09-30 18:00:39.948245+00:00,2027-06-25 08:00:00+00:00,0.7331037560805111,0.41590000000000005,87347.14,0.47175212840842423,BTC,True,87347.14,otm,0.12680701671080064,0.1275053610123174,0.41704363788496274,0.0011436378849626894
,,0.016,BTC-25JUN27-150000-C,0.014,0.015,219.3,0.01454969,0.0,1790791239354,84037.31,,0.0,42.7,87347.14,BTC-25JUN27,BTC,BTC,0.0,0.0145,1813910400000,call,150000.0,True,open,2026-09-30 18:00:39.948245+00:00,2027-06-25 08:00:00+00:00,0.7331037560805111,0.42700000000000005,87347.14,0.5407449998953758,BTC,True,87347.14,otm,0.13366607474240355,0.13401505407332026,0.42755704874516304,0.0005570487451629913
,,0.0115,BTC-25JUN27-160000-C,0.0105,0.0115,698.4,0.01108743,0.0,1790791239365,84037.31,,0.0,43.65,87347.14,BTC-25JUN27,BTC,BTC,0.0,0.011,1813910400000,call,160000.0,True,open,2026-09-30 18:00:39.948245+00:00,2027-06-25 08:00:00+00:00,0.7331037560805111,0.4365,87347.14,0.6052835210329469,BTC,True,87347.14,otm,0.13967990812947095,0.14076857237662643,0.43819773738730833,0.001697737387308329
,,0.01,BTC-25JUN27-170000-C,0.008,0.0095,153.0,0.00877364,0.0,1790791239358,84037.31,,0.0,44.74,87347.14,BTC-25JUN27,BTC,BTC,0.0,0.00875,1813910400000,call,170000.0,True,open,2026-09-30 18:00:39.948245+00:00,2027-06-25 08:00:00+00:00,0.7331037560805111,0.4474,87347.14,0.6659081428493817,BTC,True,87347.14,otm,0.14674300359846623,0.14764429211539687,0.44877185147493165,0.001371851474931629
,,0.007,BTC-25JUN27-180000-C,0.0065,0.0075,66.7,0.00706614,0.0,1790791239365,84037.31,,0.0,45.78,87348.39,BTC-25JUN27,BTC,BTC,0.0,0.007,1813910400000,call,180000.0,True,open,2026-09-30 18:00:39.948245+00:00,2027-06-25 08:00:00+00:00,0.7331037560805111,0.4578,87348.39,0.7230665566893303,BTC,True,87347.14,otm,0.15364450100650862,0.1545577022834303,0.45915847420700096,0.0013584742070009703
,,0.0065,BTC-25JUN27-190000-C,0.0055,0.0065,67.0,0.00600223,0.0,1790791239365,84037.31,,0.0,47.06,87348.39,BTC-25JUN27,BTC,BTC,0.0,0.006,1813910400000,call,190000.0,True,open,2026-09-30 18:00:39.948245+00:00,2027-06-25 08:00:00+00:00,0.7331037560805111,0.4706,87348.39,0.7771337779596061,BTC,True,87347.14,otm,0.16235635415396654,0.1614501095799516,0.4692847589126446,-0.0013152410873554232
0.005,0.0045,0.005,BTC-25JUN27-200000-C,0.0046,0.0055,234.3,0.00506056,0.0,1790791239357,84037.31,6.383,51.9,48.12,87347.14,BTC-25JUN27,BTC,BTC,20354.09,0.00505,1813910400000,call,200000.0,True,open,2026-09-30 18:00:39.948245+00:00,2027-06-25 08:00:00+00:00,0.7331037560805111,0.48119999999999996,87347.14,0.8284270723471567,BTC,True,87347.14,otm,0.16975269659736325,0.16828093203317945,0.4791094445204973,-0.0020905554795026537
0.018,0.016,0.016,BTC-24SEP27-50000-P,0.0165,0.018,236.0,0.01717421,0.0,1790791239357,84037.31,-8.5714,1.4,46.15,88476.42,BTC-24SEP27,BTC,BTC,1940.6,0.01725,1821772800000,put,50000.0,True,open,2026-09-30 18:00:39.948245+00:00,2027-09-24 08:00:00+00:00,0.9824188245736618,0.46149999999999997,88476.42,-0.5706991683003687,BTC,True,88475.19,otm,0.20923777170005373,0.20885087587248075,0.46107312908068526,-0.00042687091931470356
0.033,0.033,0.033,BTC-24SEP27-60000-P,0.0325,0.0345,18.3,0.03338918,0.0,1790791239365,84037.31,0.0,0.1,42.69,88476.42,BTC-24SEP27,BTC,BTC,276.02,0.0335,1821772800000,put,60000.0,True,open,2026-09-30 18:00:39.948245+00:00,2027-09-24 08:00:00+00:00,0.9824188245736618,0.4269,88476.42,-0.3883776115064141,BTC,True,88475.19,otm,0.17903955312226083,0.1788699820965447,0.4266977904375923,-0.00020220956240768473
0.045,0.045,0.045,BTC-24SEP27-65000-P,0.0445,0.047,2.1,0.04546995,0.0,1790791239357,84037.31,0.0,0.1,41.4,88475.19,BTC-24SEP27,BTC,BTC,377.45,0.04575,1821772800000,put,65000.0,True,open,2026-09-30 18:00:39.948245+00:00,2027-09-24 08:00:00+00:00,0.9824188245736618,0.414,88475.19,-0.30833490383287765,BTC,True,88475.19,otm,0.16838265685662734,0.16922395237870846,0.41503295192363493,0.0010329519236349505
,,0.062,BTC-24SEP27-70000-P,0.0605,0.0625,3.1,0.06135367,0.0,1790791239354,84037.31,,0.0,40.55,88475.19,BTC-24SEP27,BTC,BTC,0.0,0.0615,1821772800000,put,70000.0,True,open,2026-09-30 18:00:39.948245+00:00,2027-09-24 08:00:00+00:00,0.9824188245736618,0.40549999999999997,88475.19,-0.23422693167915576,BTC,True,88475.19,otm,0.16153937292935333,0.16208738865289796,0.40618723872853296,0.0006872387285329906
,,0.0665,BTC-24SEP27-72000-P,0.0675,0.07,1.0,0.06872515,0.0,1790791239357,84037.31,,0.0,40.27,88475.19,BTC-24SEP27,BTC,BTC,0.0,0.06875,1821772800000,put,72000.0,True,open,2026-09-30 18:00:39.948245+00:00,2027-09-24 08:00:00+00:00,0.9824188245736618,0.40270000000000006,88475.19,-0.2060560547124595,BTC,True,88475.19,otm,0.15931619842609618,0.159811299137679,0.403325242127527,0.0006252421275269593
,,0.0811,BTC-24SEP27-74000-P,0.0755,0.078,25.0,0.07665556,0.0,1790791239354,84037.31,,0.0,40.0,88475.19,BTC-24SEP27,BTC,BTC,0.0,0.07675,1821772800000,put,74000.0,True,open,2026-09-30 18:00:39.948245+00:00,2027-09-24 08:00:00+00:00,0.9824188245736618,0.4,88475.19,-0.17865708052434512,BTC,True,88475.19,otm,0.1571870119317859,0.15782253546800407,0.40080780524000514,0.0008078052400051217
,,0.0855,BTC-24SEP27-76000-P,0.0845,0.087,1.0,0.08544699,0.0,1790791239355,84037.31,,0.0,39.84,88475.19,BTC-24SEP27,BTC,BTC,0.0,0.08575,1821772800000,put,76000.0,True,open,2026-09-30 18:00:39.948245+00:00,2027-09-24 08:00:00+00:00,0.9824188245736618,0.39840000000000003,88475.19,-0.1519888334421837,BTC,True,88475.19,otm,0.15593203082852253,0.15609639607678627,0.39860991796071443,0.00020991796071440083
,,,BTC-24SEP27-78000-P,0.0935,0.0965,0.0,0.0947596,0.0,1790791239364,84037.31,,0.0,39.66,88475.19,BTC-24SEP27,BTC,BTC,0.0,0.095,1821772800000,put,78000.0,True,open,2026-09-30 18:00:39.948245+00:00,2027-09-24 08:00:00+00:00,0.9824188245736618,0.39659999999999995,88475.19,-0.12601334703892308,BTC,True,88475.19,otm,0.15452618949055758,0.15461070570062274,0.3967084429346761,0.00010844293467615618
,,0.105,BTC-24SEP27-80000-P,0.1035,0.1065,300.3,0.10472654,0.0,1790791239354,84037.31,,0.0,39.52,88475.19,BTC-24SEP27,BTC,BTC,0.0,0.105,1821772800000,put,80000.0,True,open,2026-09-30 18:00:39.948245+00:00,2027-09-24 08:00:00+00:00,0.9824188245736618,0.39520000000000005,88475.19,-0.10069553905463315,BTC,True,88475.19,otm,0.15343715857514126,0.1533455085353408,0.3950819532818296,-0.00011804671817045032
,,0.114,BTC-24SEP27-82000-P,0.114,0.117,0.8,0.11524037,0.0,1790791239358,84037.31,,0.0,39.38,88475.19,BTC-24SEP27,BTC,BTC,0.0,0.1155,1821772800000,put,82000.0,True,open,2026-09-30 18:00:39.948245+00:00,2027-09-24 08:00:00+00:00,0.9824188245736618,0.39380000000000004,88475.19,-0.0760029264642617,BTC,True,88475.19,otm,0.15235197874151718,0.1522828045868052,0.39371058903479406,-8.941096520598268e-05
0.132,0.1315,0.132,BTC-24SEP27-84000-P,0.125,0.1285,351.2,0.126568,0.0,1790791239355,84037.31,0.3802,0.3,39.31,88475.19,BTC-24SEP27,BTC,BTC,3282.11,0.12675,1821772800000,put,84000.0,True,open,2026-09-30 18:00:39.948245+00:00,2027-09-24 08:00:00+00:00,0.9824188245736618,0.3931,88475.19,-0.051905374885201236,BTC,True,88475.19,otm,0.15181083298037723,0.1514063223217419,0.3925759293405739,-0.0005240706594261124
,,0.1345,BTC-24SEP27-86000-P,0.137,0.14,0.7,0.1382407,0.0,1790791239355,84037.31,,0.0,39.19,88475.19,BTC-24SEP27,BTC,BTC,0.0,0.1385,1821772800000,put,86000.0,True,open,2026-09-30 18:00:39.948245+00:00,2027-09-24 08:00:00+00:00,0.9824188245736618,0.39189999999999997,88475.19,-0.02837487747500705,BTC,True,88475.19,otm,0.15088539444762883,0.1507013219497928,0.39166087802675736,-0.00023912197324260642
,,0.1475,BTC-24SEP27-88000-P,0.1495,0.1525,0.9,0.15076369,0.0,1790791239365,84037.31,,0.0,39.15,88475.19,BTC-24SEP27,BTC,BTC,0.0,0.151,1821772800000,put,88000.0,True,open,2026-09-30 18:00:39.948245+00:00,2027-09-24 08:00:00+00:00,0.9824188245736618,0.39149999999999996,88475.19,-0.005385359250308354,BTC,True,88475.19,otm,0.1505775436847604,0.15015442465475015,0.3909495605758629,-0.0005504394241370725
0.15,0.147,0.147,BTC-24SEP27-90000-C,0.145,0.148,10.7,0.14660665,0.0,1790791239357,84037.31,-2.0,0.6,39.13,88476.42,BTC-24SEP27,BTC,BTC,7572.03,0.1465,1821772800000,call,90000.0,True,open,2026-09-30 18:00:39.948245+00:00,2027-09-24 08:00:00+00:00,0.9824188245736618,0.39130000000000004,88476.42,0.017087496601750306,BTC,True,88475.19,otm,0.1504237361935852,0.1497534638908382,0.3904272309086825,-0.0008727690913175601
,,0.1355,BTC-24SEP27-92000-C,0.136,0.139,1.0,0.13762754,0.0,1790791239354,84037.31,,0.0,39.11,88475.19,BTC-24SEP27,BTC,BTC,0.0,0.1375,1821772800000,call,92000.0,True,open,2026-09-30 18:00:39.948245+00:00,2027-09-24 08:00:00+00:00,0.9824188245736618,0.3911,88475.19,0.03906640332052551,BTC,True,88475.19,otm,0.15027000729591591,0.14948735550834247,0.39008018666535926,-0.00101981333464074
,,0.126,BTC-24SEP27-94000-C,0.1275,0.13,1.1,0.1289465,0.0,1790791239364,84037.31,,0.0,39.05,88475.19,BTC-24SEP27,BTC,BTC,0.0,0.12875,1821772800000,call,94000.0,True,open,2026-09-30 18:00:39.948245+00:00,2027-09-24 08:00:00+00:00,0.9824188245736618,0.39049999999999996,88475.19,0.060572608541489055,BTC,True,88475.19,otm,0.14980929216394379,0.14934598400220533,0.38989569190474427,-0.0006043080952556901
,,0.12,BTC-24SEP27-96000-C,0.1195,0.122,0.2,0.12093771,0.0,1790791239355,84037.31,,0.0,39.05,88475.19,BTC-24SEP27,BTC,BTC,0.0,0.12075,1821772800000,call,96000.0,True,open,2026-09-30 18:00:39.948245+00:00,2027-09-24 08:00:00+00:00,0.9824188245736618,0.39049999999999996,88475.19,0.08162601773932135,BTC,True,88475.19,otm,0.14980929216394379,0.1493201026112878,0.3898619063292082,-0.0006380936707917617
,,0.112,BTC-24SEP27-98000-C,0.112,0.1145,0.3,0.11343662,0.0,1790791239365,84037.31,,0.0,39.05,88475.19,BTC-24SEP27,BTC,BTC,0.0,0.11325,1821772800000,call,98000.0,True,open,2026-09-30 18:00:39.948245+00:00,2027-09-24 08:00:00+00:00,0.9824188245736618,0.39049999999999996,88475.19,0.1022453049420572,BTC,True,88475.19,otm,0.14980929216394379,0.1494012453534168,0.38996782029218763,-0.0005321797078123303
,,0.104,BTC-24SEP27-100000-C,0.105,0.1075,11.4,0.10642381,0.0,1790791239364,84037.31,,0.0,39.08,88475.19,BTC-24SEP27,BTC,BTC,0.0,0.10625,1821772800000,call,100000.0,True,open,2026-09-30 18:00:39.948245+00:00,2027-09-24 08:00:00+00:00,0.9824188245736618,0.3908,88475.19,0.1224480122595766,BTC,True,88475.19,otm,0.15003956131223564,0.14958164937689933,0.3902031949665396,-0.0005968050334603792
0.098,0.098,0.098,BTC-24SEP27-102000-C,0.0985,0.101,2.4,0.09988172,0.0,1790791239357,84037.31,0.0,0.3,39.12,88475.19,BTC-24SEP27,BTC,BTC,2462.53,0.09975,1821772800000,call,102000.0,True,open,2026-09-30 18:00:39.948245+00:00,2027-09-24 08:00:00+00:00,0.9824188245736618,0.3912,88475.19,0.1422506395557563,BTC,True,88475.19,otm,0.1503468619205623,0.14985418625448643,0.3905585071489539,-0.0006414928510460882
,,0.096,BTC-24SEP27-104000-C,0.092,0.095,5.1,0.09361429,0.0,1790791239356,84037.31,,0.0,39.13,88476.42,BTC-24SEP27,BTC,BTC,0.0,0.0935,1821772800000,call,104000.0,True,open,2026-09-30 18:00:39.948245+00:00,2027-09-24 08:00:00+00:00,0.9824188245736618,0.39130000000000004,88476.42,0.16166872541285782,BTC,True,88475.19,otm,0.1504237361935852,0.15021230105014416,0.39102489825396475,-0.0002751017460352889
,,0.0925,BTC-24SEP27-106000-C,0.0865,0.089,0.1,0.08787185,0.0,1790791239357,84037.31,,0.0,39.18,88475.19,BTC-24SEP27,BTC,BTC,0.0,0.08775,1821772800000,call,106000.0,True,open,2026-09-30 18:00:39.948245+00:00,2027-09-24 08:00:00+00:00,0.9824188245736618,0.3918,88475.19,0.18071692038355228,BTC,True,88475.19,otm,0.150808402284347,0.15064995815988613,0.3915941271143256,-0.00020587288567436302
,,,BTC-24SEP27-108000-C,0.081,0.0835,0.0,0.08243331,0.0,1790791239353,84037.31,,0.0,39.22,88476.42,BTC-24SEP27,BTC,BTC,0.0,0.08225,1821772800000,call,108000.0,True,open,2026-09-30 18:00:39.948245+00:00,2027-09-24 08:00:00+00:00,0.9824188245736618,0.3922,88476.42,0.19940905339570478,BTC,True,88475.19,otm,0.1511164888277333,0.15116159307128374,0.3922585262556883,5.852625568830705e-05
0.079,0.0765,0.079,BTC-24SEP27-110000-C,0.076,0.0785,200.4,0.07737874,0.0,1790791239357,84037.31,3.268,0.2,39.27,88475.19,BTC-24SEP27,BTC,BTC,1301.95,0.07725,1821772800000,call,110000.0,True,open,2026-09-30 18:00:39.948245+00:00,2027-09-24 08:00:00+00:00,0.9824188245736618,0.39270000000000005,88475.19,0.21775819206390146,BTC,True,88475.19,otm,0.15150203909543727,0.15174206930696954,0.393010961355179,0.0003109613551789403
,,,BTC-24SEP27-112000-C,0.0715,0.074,0.0,0.07282632,0.0,1790791239355,84037.31,,0.0,39.38,88475.19,BTC-24SEP27,BTC,BTC,0.0,0.07275,1821772800000,call,112000.0,True,open,2026-09-30 18:00:39.948245+00:00,2027-09-24 08:00:00+00:00,0.9824188245736618,0.39380000000000004,88475.19,0.23577669756657973,BTC,True,88475.19,otm,0.15235197874151718,0.15238663991935564,0.3938447936275254,4.479362752535243e-05
,,,BTC-24SEP27-114000-C,0.067,0.0695,0.0,0.06836437,0.0,1790791239365,84037.31,,0.0,39.43,88475.19,BTC-24SEP27,BTC,BTC,0.0,0.06825,1821772800000,call,114000.0,True,open,2026-09-30 18:00:39.948245+00:00,2027-09-24 08:00:00+00:00,0.9824188245736618,0.3943,88475.19,0.2534762746659806,BTC,True,88475.19,otm,0.15273910087934037,0.15309091299012545,0.3947538449104881,0.0004538449104881104
,,0.065,BTC-24SEP27-116000-C,0.063,0.0655,0.1,0.06431976,0.0,1790791239357,84037.31,,0.0,39.52,88476.42,BTC-24SEP27,BTC,BTC,0.0,0.06425,1821772800000,call,116000.0,True,open,2026-09-30 18:00:39.948245+00:00,2027-09-24 08:00:00+00:00,0.9824188245736618,0.39520000000000005,88476.42,0.27086801737784977,BTC,True,88475.19,otm,0.15343715857514126,0.15385082066138533,0.3957323652446875,0.0005323652446874716
,,0.06,BTC-24SEP27-118000-C,0.0595,0.0615,0.1,0.06059591,0.0,1790791239365,84037.31,,0.0,39.63,88475.19,BTC-24SEP27,BTC,BTC,0.0,0.0605,1821772800000,call,118000.0,True,open,2026-09-30 18:00:39.948245+00:00,2027-09-24 08:00:00+00:00,0.9824188245736618,0.39630000000000004,88475.19,0.2879624507371499,BTC,True,88475.19,otm,0.1542925015247563,0.15466259128785342,0.3967750027625507,0.0004750027625506359
0.058,0.0555,0.058,BTC-24SEP27-120000-C,0.0555,0.058,12.1,0.05688059,0.0,1790791239354,84037.31,1.7544,9.1,39.68,88475.19,BTC-24SEP27,BTC,BTC,43372.13,0.05675,1821772800000,call,120000.0,True,open,2026-09-30 18:00:39.948245+00:00,2027-09-24 08:00:00+00:00,0.9824188245736618,0.3968,88475.19,0.30476956905353125,BTC,True,88475.19,otm,0.15468207970964093,0.15552272435284298,0.3978767757177665,0.0010767757177664872
,,0.0505,BTC-24SEP27-125000-C,0.048,0.0505,3.6,0.0493272,0.0,1790791239358,84037.31,,0.0,40.02,88476.42,BTC-24SEP27,BTC,BTC,0.0,0.04925,1821772800000,call,125000.0,True,open,2026-09-30 18:00:39.948245+00:00,2027-09-24 08:00:00+00:00,0.9824188245736618,0.40020000000000006,88476.42,0.34559156357378634,BTC,True,88475.19,otm,0.1573442382404707,0.15786385791669488,0.4008602732729604,0.0006602732729603655
,,0.0425,BTC-24SEP27-130000-C,0.0415,0.044,43.3,0.04282516,0.0,1790791239357,84037.31,,0.0,40.34,88476.42,BTC-24SEP27,BTC,BTC,0.0,0.04275,1821772800000,call,130000.0,True,open,2026-09-30 18:00:39.948245+00:00,2027-09-24 08:00:00+00:00,0.9824188245736618,0.40340000000000004,88476.42,0.38481227672706764,BTC,True,88475.19,otm,0.15987054789623834,0.16044261036669916,0.4041210956986942,0.000721095698694163
,,0.04,BTC-24SEP27-135000-C,0.036,0.0385,100.0,0.03735172,0.0,1790791239354,84037.31,,0.0,40.68,88476.42,BTC-24SEP27,BTC,BTC,0.0,0.03725,1821772800000,call,135000.0,True,open,2026-09-30 18:00:39.948245+00:00,2027-09-24 08:00:00+00:00,0.9824188245736618,0.4068,88476.42,0.4225526047099147,BTC,True,88475.19,otm,0.1625767973839149,0.16322131174534737,0.40760555499720114,0.0008055549972011411
,,0.0335,BTC-24SEP27-140000-C,0.032,0.034,6.4,0.03304243,0.0,1790791239357,84037.31,,0.0,41.15,88476.42,BTC-24SEP27,BTC,BTC,0.0,0.033,1821772800000,call,140000.0,True,open,2026-09-30 18:00:39.948245+00:00,2027-09-24 08:00:00+00:00,0.9824188245736618,0.4115,88476.42,0.4589202488807895,BTC,True,88475.19,otm,0.16635519000741344,0.16616823205889641,0.4112687032689792,-0.0002312967310207914
0.025,0.025,0.025,BTC-24SEP27-150000-C,0.0245,0.0265,23.7,0.02557299,0.0,1790791239355,84037.31,0.0,0.1,41.81,88475.19,BTC-24SEP27,BTC,BTC,209.05,0.0255,1821772800000,call,150000.0,True,open,2026-09-30 18:00:39.948245+00:00,2027-09-24 08:00:00+00:00,0.9824188245736618,0.4181,88475.19,0.527913120367741,BTC,True,88475.19,otm,0.1717342867427311,0.17246337387037602,0.41898656867314565,0.0008865686731456268
0.02,0.02,0.02,BTC-24SEP27-160000-C,0.0195,0.0215,0.1,0.02055284,0.0,1790791239357,84037.31,0.0,0.1,42.7,88475.19,BTC-24SEP27,BTC,BTC,167.24,0.0205,1821772800000,call,160000.0,True,open,2026-09-30 18:00:39.948245+00:00,2027-09-24 08:00:00+00:00,0.9824188245736618,0.42700000000000005,88475.19,0.5924516415053122,BTC,True,88475.19,otm,0.17912344186569124,0.17915774291704434,0.4270408819964073,4.088199640722712e-05
,,0.0165,BTC-24SEP27-170000-C,0.016,0.0175,1.7,0.01679049,0.0,1790791239357,84037.31,,0.0,43.58,88475.19,BTC-24SEP27,BTC,BTC,0.0,0.01675,1821772800000,call,170000.0,True,open,2026-09-30 18:00:39.948245+00:00,2027-09-24 08:00:00+00:00,0.9824188245736618,0.43579999999999997,88475.19,0.653076263321747,BTC,True,88475.19,otm,0.18658259432990212,0.18612676800561534,0.435267338881328,-0.000532661118671951
0.015,0.014,0.014,BTC-24SEP27-180000-C,0.013,0.0145,51.7,0.01378553,0.0,1790791239357,84037.31,-6.6667,46.1,44.34,88475.19,BTC-24SEP27,BTC,BTC,58959.77,0.01375,1821772800000,call,180000.0,True,open,2026-09-30 18:00:39.948245+00:00,2027-09-24 08:00:00+00:00,0.9824188245736618,0.4434,88475.19,0.7102346771616956,BTC,True,88475.19,otm,0.1931470383221974,0.19327822837483088,0.4435505583405291,0.00015055834052907224
,,0.012,BTC-24SEP27-190000-C,0.011,0.0125,1.9,0.01176454,0.0,1790791239356,84037.31,,0.0,45.32,88475.19,BTC-24SEP27,BTC,BTC,0.0,0.01175,1821772800000,call,190000.0,True,open,2026-09-30 18:00:39.948245+00:00,2027-09-24 08:00:00+00:00,0.9824188245736618,0.4532,88475.19,0.7643018984319714,BTC,True,88475.19,otm,0.2017792381597023,0.20054319220794836,0.45180977635646946,-0.0013902236435305304
0.01,0.01,0.01,BTC-24SEP27-200000-C,0.0095,0.0105,27.5,0.01001683,0.0,1790791239356,84037.31,0.0,0.3,46.13,88475.19,BTC-24SEP27,BTC,BTC,256.03,0.01,1821772800000,call,200000.0,True,open,2026-09-30 18:00:39.948245+00:00,2027-09-24 08:00:00+00:00,0.9824188245736618,0.46130000000000004,88475.19,0.8155951928195219,BTC,True,88475.19,otm,0.2090564564817905,0.20786974773253997,0.4599888521939714,-0.0013111478060286452
0.009,0.0085,0.0085,BTC-24SEP27-210000-C,0.008,0.009,19.5,0.00855395,0.0,1790791239364,84037.31,-5.5556,2.3,46.85,88476.42,BTC-24SEP27,BTC,BTC,1663.14,0.0085,1821772800000,call,210000.0,True,open,2026-09-30 18:00:39.948245+00:00,2027-09-24 08:00:00+00:00,0.9824188245736618,0.4685,88476.42,0.8643853569889539,BTC,True,88475.19,otm,0.21563331824802834,0.21521858655075343,0.4680492456411658,-0.00045075435883423776
0.0085,0.0085,0.0085,BTC-24SEP27-220000-C,0.0065,0.008,17.2,0.00725628,0.0,1790791239367,84037.31,0.0,1.0,47.42,88476.42,BTC-24SEP27,BTC,BTC,714.65,0.00725,1821772800000,call,220000.0,True,open,2026-09-30 18:00:39.948245+00:00,2027-09-24 08:00:00+00:00,0.9824188245736618,0.4742,88476.42,0.9109053726238467,BTC,True,88475.19,otm,0.2209122377358042,0.22255984120477112,0.47596504982917004,0.001765049829170029
