high,low,last,instrument_name,bid_price,ask_price,open_interest,mark_price,interest_rate,creation_timestamp,estimated_delivery_price,price_change,volume,mark_iv,underlying_price,underlying_index,base_currency,quote_currency,volume_usd,mid_price,expiration_timestamp,option_type,strike,is_active,state,snapshot_time,expiry,time_to_expiry,implied_volatility,forward,log_forward_moneyness,quoted_price_unit,valid_svi_quote
,,,BTC-1OCT26-74000-C,0.1175,0.121,0.0,0.11949207,0.0,1790791239357,84037.31,,0.0,68.24,84041.05,BTC-1OCT26,BTC,BTC,0.0,0.11925,1790841600000,call,74000.0,True,open,2026-09-30 18:00:39.948245+00:00,2026-10-01 08:00:00+00:00,0.0015969067654426688,0.6823999999999999,84041.05,-0.12724027674503213,BTC,True
,,0.0001,BTC-1OCT26-74000-P,,0.0001,16.0,1e-08,0.0,1790791239355,84037.31,,0.0,68.24,84041.05,BTC-1OCT26,BTC,BTC,0.0,,1790841600000,put,74000.0,True,open,2026-09-30 18:00:39.948245+00:00,2026-10-01 08:00:00+00:00,0.0015969067654426688,0.6823999999999999,84041.05,-0.12724027674503213,BTC,True
,,,BTC-1OCT26-75000-C,0.1055,0.1095,0.0,0.10759332,0.0,1790791239364,84037.31,,0.0,61.46,84041.05,BTC-1OCT26,BTC,BTC,0.0,0.1075,1790841600000,call,75000.0,True,open,2026-09-30 18:00:39.948245+00:00,2026-10-01 08:00:00+00:00,0.0015969067654426688,0.6146,84041.05,-0.11381725641289142,BTC,True
,,0.0001,BTC-1OCT26-75000-P,,0.0001,42.2,1e-08,0.0,1790791239354,84037.31,,0.0,61.46,84041.05,BTC-1OCT26,BTC,BTC,0.0,,1790841600000,put,75000.0,True,open,2026-09-30 18:00:39.948245+00:00,2026-10-01 08:00:00+00:00,0.0015969067654426688,0.6146,84041.05,-0.11381725641289142,BTC,True
,,,BTC-1OCT26-76000-C,0.094,0.0975,0.0,0.09569457,0.0,1790791239365,84037.31,,0.0,55.28,84041.05,BTC-1OCT26,BTC,BTC,0.0,0.09575,1790841600000,call,76000.0,True,open,2026-09-30 18:00:39.948245+00:00,2026-10-01 08:00:00+00:00,0.0015969067654426688,0.5528,84041.05,-0.10057202966287077,BTC,True
,,0.0001,BTC-1OCT26-76000-P,,0.0001,5.3,1e-08,0.0,1790791239354,84037.31,,0.0,55.28,84041.05,BTC-1OCT26,BTC,BTC,0.0,,1790841600000,put,76000.0,True,open,2026-09-30 18:00:39.948245+00:00,2026-10-01 08:00:00+00:00,0.0015969067654426688,0.5528,84041.05,-0.10057202966287077,BTC,True
,,,BTC-1OCT26-77000-C,0.082,0.0855,0.0,0.08379594,0.0,1790791239365,84037.31,,0.0,54.7,84041.05,BTC-1OCT26,BTC,BTC,0.0,0.08375,1790841600000,call,77000.0,True,open,2026-09-30 18:00:39.948245+00:00,2026-10-01 08:00:00+00:00,0.0015969067654426688,0.547,84041.05,-0.08749994809551798,BTC,True
,,0.0004,BTC-1OCT26-77000-P,,0.0001,1.2,1.5e-07,0.0,1790791239366,84037.31,,0.0,54.7,84041.05,BTC-1OCT26,BTC,BTC,0.0,,1790841600000,put,77000.0,True,open,2026-09-30 18:00:39.948245+00:00,2026-10-01 08:00:00+00:00,0.0015969067654426688,0.547,84041.05,-0.08749994809551798,BTC,True
,,,BTC-1OCT26-78000-C,0.07,0.074,0.0,0.07189877,0.0,1790791239356,84037.31,,0.0,54.7,84042.28,BTC-1OCT26,BTC,BTC,0.0,0.072,1790841600000,call,78000.0,True,open,2026-09-30 18:00:39.948245+00:00,2026-10-01 08:00:00+00:00,0.0015969067654426688,0.547,84042.28,-0.07461117885732255,BTC,True
,,0.0003,BTC-1OCT26-78000-P,,0.0001,6.1,1.73e-06,0.0,1790791239354,84037.31,,0.0,54.7,84042.28,BTC-1OCT26,BTC,BTC,0.0,,1790841600000,put,78000.0,True,open,2026-09-30 18:00:39.948245+00:00,2026-10-01 08:00:00+00:00,0.0015969067654426688,0.547,84042.28,-0.07461117885732255,BTC,True
,,,BTC-1OCT26-79000-C,0.058,0.062,0.0,0.06001187,0.0,1790791239354,84037.31,,0.0,54.36,84042.28,BTC-1OCT26,BTC,BTC,0.0,0.06,1790841600000,call,79000.0,True,open,2026-09-30 18:00:39.948245+00:00,2026-10-01 08:00:00+00:00,0.0015969067654426688,0.5436,84042.28,-0.06187215307989271,BTC,True
0.0002,0.0001,0.0001,BTC-1OCT26-79000-P,,0.0001,46.6,1.358e-05,0.0,1790791239366,84037.31,0.0,38.9,54.36,84042.28,BTC-1OCT26,BTC,BTC,335.33,,1790841600000,put,79000.0,True,open,2026-09-30 18:00:39.948245+00:00,2026-10-01 08:00:00+00:00,0.0015969067654426688,0.5436,84042.28,-0.06187215307989271,BTC,True
,,,BTC-1OCT26-80000-C,0.046,0.05,0.0,0.04812787,0.0,1790791239357,84037.31,,0.0,47.69,84041.05,BTC-1OCT26,BTC,BTC,0.0,0.048,1790841600000,call,80000.0,True,open,2026-09-30 18:00:39.948245+00:00,2026-10-01 08:00:00+00:00,0.0015969067654426688,0.4769,84041.05,-0.049278735275320285,BTC,True
0.0004,0.0001,0.0002,BTC-1OCT26-80000-P,,0.0001,14.0,2.834e-05,0.0,1790791239364,84037.31,-50.0,13.2,47.69,84041.05,BTC-1OCT26,BTC,BTC,180.95,,1790841600000,put,80000.0,True,open,2026-09-30 18:00:39.948245+00:00,2026-10-01 08:00:00+00:00,0.0015969067654426688,0.4769,84041.05,-0.049278735275320285,BTC,True
,,,BTC-1OCT26-80500-C,0.04,0.044,0.0,0.04219721,0.0,1790791239357,84037.31,,0.0,44.83,84042.28,BTC-1OCT26,BTC,BTC,0.0,0.042,1790841600000,call,80500.0,True,open,2026-09-30 18:00:39.948245+00:00,2026-10-01 08:00:00+00:00,0.0015969067654426688,0.4483,84042.28,-0.04306282112239658,BTC,True
0.0004,0.0001,0.0002,BTC-1OCT26-80500-P,,0.0001,25.7,4.706e-05,0.0,1790791239353,84037.31,-50.0,10.5,44.83,84042.28,BTC-1OCT26,BTC,BTC,129.67,,1790841600000,put,80500.0,True,open,2026-09-30 18:00:39.948245+00:00,2026-10-01 08:00:00+00:00,0.0015969067654426688,0.4483,84042.28,-0.04306282112239658,BTC,True
,,,BTC-1OCT26-81000-C,0.0345,0.038,0.0,0.0362888,0.0,1790791239364,84037.31,,0.0,42.48,84041.05,BTC-1OCT26,BTC,BTC,0.0,0.03625,1790841600000,call,81000.0,True,open,2026-09-30 18:00:39.948245+00:00,2026-10-01 08:00:00+00:00,0.0015969067654426688,0.42479999999999996,84041.05,-0.03685621527676312,BTC,True
0.0011,0.0001,0.0002,BTC-1OCT26-81000-P,,0.0002,75.5,8.802e-05,0.0,1790791239354,84037.31,-66.6667,15.9,42.48,84042.28,BTC-1OCT26,BTC,BTC,735.85,,1790841600000,put,81000.0,True,open,2026-09-30 18:00:39.948245+00:00,2026-10-01 08:00:00+00:00,0.0015969067654426688,0.42479999999999996,84042.28,-0.03687085087447552,BTC,True
0.0235,0.0235,0.0235,BTC-1OCT26-81500-C,0.0285,0.0325,0.8,0.03041165,0.0,1790791239364,84037.31,0.0,0.8,39.84,84042.28,BTC-1OCT26,BTC,BTC,1567.5,0.0305,1790841600000,call,81500.0,True,open,2026-09-30 18:00:39.948245+00:00,2026-10-01 08:00:00+00:00,0.0015969067654426688,0.39840000000000003,84042.28,-0.030716985300097168,BTC,True
0.0013,0.0001,0.0001,BTC-1OCT26-81500-P,0.0001,0.0002,132.0,0.00016025,0.0,1790791239364,84037.31,-88.8889,112.9,39.84,84041.05,BTC-1OCT26,BTC,BTC,6752.2,0.00015,1790841600000,put,81500.0,True,open,2026-09-30 18:00:39.948245+00:00,2026-10-01 08:00:00+00:00,0.0015969067654426688,0.39840000000000003,84041.05,-0.03070234970238479,BTC,True
,,,BTC-1OCT26-82000-C,0.0225,0.0265,0.0,0.02454858,0.0,1790791239358,84037.31,,0.0,35.81,84041.05,BTC-1OCT26,BTC,BTC,0.0,0.0245,1790841600000,call,82000.0,True,open,2026-09-30 18:00:39.948245+00:00,2026-10-01 08:00:00+00:00,0.0015969067654426688,0.35810000000000003,84041.05,-0.024586122684948752,BTC,True
0.0028,0.0001,0.0001,BTC-1OCT26-82000-P,0.0002,0.0003,83.3,0.00024656,0.0,1790791239357,84037.31,-95.0,95.6,35.81,84041.05,BTC-1OCT26,BTC,BTC,11345.76,0.00025,1790841600000,put,82000.0,True,open,2026-09-30 18:00:39.948245+00:00,2026-10-01 08:00:00+00:00,0.0015969067654426688,0.35810000000000003,84041.05,-0.024586122684948752,BTC,True
0.01,0.01,0.01,BTC-1OCT26-82500-C,0.017,0.0205,0.1,0.01872584,0.0,1790791239364,84037.31,0.0,0.1,31.19,84041.05,BTC-1OCT26,BTC,BTC,83.02,0.01875,1790841600000,call,82500.0,True,open,2026-09-30 18:00:39.948245+00:00,2026-10-01 08:00:00+00:00,0.0015969067654426688,0.3119,84041.05,-0.018507076608566615,BTC,True
0.0042,0.0002,0.0004,BTC-1OCT26-82500-P,0.0003,0.0005,133.4,0.0003732,0.0,1790791239365,84037.31,-80.9524,190.8,31.19,84041.05,BTC-1OCT26,BTC,BTC,41008.89,0.0004,1790841600000,put,82500.0,True,open,2026-09-30 18:00:39.948245+00:00,2026-10-01 08:00:00+00:00,0.0015969067654426688,0.3119,84041.05,-0.018507076608566615,BTC,True
0.012,0.0063,0.009,BTC-1OCT26-83000-C,0.011,0.0145,44.1,0.01317348,0.0,1790791239354,84037.31,-21.7391,28.5,28.36,84041.05,BTC-1OCT26,BTC,BTC,18165.97,0.01275,1790841600000,call,83000.0,True,open,2026-09-30 18:00:39.948245+00:00,2026-10-01 08:00:00+00:00,0.0015969067654426688,0.2836,84041.05,-0.012464762152603927,BTC,True
0.0075,0.0003,0.0009,BTC-1OCT26-83000-P,0.0007,0.0009,122.3,0.00077022,0.0,1790791239367,84037.31,-83.6364,280.1,28.36,84042.28,BTC-1OCT26,BTC,BTC,76367.21,0.0008,1790841600000,put,83000.0,True,open,2026-09-30 18:00:39.948245+00:00,2026-10-01 08:00:00+00:00,0.0015969067654426688,0.2836,84042.28,-0.012479397750316331,BTC,True
0.022,0.0041,0.0046,BTC-1OCT26-83500-C,0.007,0.0095,151.9,0.00816099,0.0,1790791239365,84037.31,-34.2857,591.6,26.2,84041.05,BTC-1OCT26,BTC,BTC,426487.18,0.00825,1790841600000,call,83500.0,True,open,2026-09-30 18:00:39.948245+00:00,2026-10-01 08:00:00+00:00,0.0015969067654426688,0.262,84041.05,-0.0064587380923921,BTC,True
0.0085,0.0006,0.0017,BTC-1OCT26-83500-P,0.0016,0.0019,89.3,0.0017071,0.0,1790791239356,84037.31,-77.3333,106.3,26.2,84041.05,BTC-1OCT26,BTC,BTC,21723.19,0.00175,1790841600000,put,83500.0,True,open,2026-09-30 18:00:39.948245+00:00,2026-10-01 08:00:00+00:00,0.0015969067654426688,0.262,84041.05,-0.0064587380923921,BTC,True
0.015,0.0022,0.0041,BTC-1OCT26-84000-C,0.0041,0.0046,315.9,0.00431205,0.0,1790791239354,84037.31,-18.0,421.8,25.45,84041.05,BTC-1OCT26,BTC,BTC,172533.07,0.00435,1790841600000,call,84000.0,True,open,2026-09-30 18:00:39.948245+00:00,2026-10-01 08:00:00+00:00,0.0015969067654426688,0.2545,84041.05,-0.0004885711058882197,BTC,True
0.01,0.0009,0.0029,BTC-1OCT26-84000-P,0.0036,0.0041,614.6,0.00380754,0.0,1790791239354,84037.31,-69.4737,1103.5,25.45,84042.28,BTC-1OCT26,BTC,BTC,417230.21,0.00385,1790841600000,put,84000.0,True,open,2026-09-30 18:00:39.948245+00:00,2026-10-01 08:00:00+00:00,0.0015969067654426688,0.2545,84042.28,-0.0005032067036006792,BTC,True
0.011,0.0011,0.0018,BTC-1OCT26-84500-C,0.0018,0.0021,147.0,0.00200004,0.0,1790791239355,84037.31,-45.4545,198.5,26.09,84041.05,BTC-1OCT26,BTC,BTC,68846.52,0.00195,1790841600000,call,84500.0,True,open,2026-09-30 18:00:39.948245+00:00,2026-10-01 08:00:00+00:00,0.0015969067654426688,0.2609,84041.05,0.005446164413926279,BTC,True
0.0175,0.002,0.006,BTC-1OCT26-84500-P,0.0065,0.008,102.9,0.00744491,0.0,1790791239367,84037.31,-65.7143,107.9,26.09,84042.28,BTC-1OCT26,BTC,BTC,58630.22,0.00725,1790841600000,put,84500.0,True,open,2026-09-30 18:00:39.948245+00:00,2026-10-01 08:00:00+00:00,0.0015969067654426688,0.2609,84042.28,0.005431528816213959,BTC,True
0.0109,0.0005,0.001,BTC-1OCT26-85000-C,0.0007,0.0009,125.2,0.00089569,0.0,1790791239365,84037.31,-33.3333,253.2,27.8,84041.05,BTC-1OCT26,BTC,BTC,60193.17,0.0008,1790841600000,call,85000.0,True,open,2026-09-30 18:00:39.948245+00:00,2026-10-01 08:00:00+00:00,0.0015969067654426688,0.278,84041.05,0.011345886541114633,BTC,True
0.0125,0.0032,0.011,BTC-1OCT26-85000-P,0.011,0.014,71.6,0.01228994,0.0,1790791239365,84037.31,46.6667,72.2,27.8,84042.28,BTC-1OCT26,BTC,BTC,28290.65,0.0125,1790841600000,put,85000.0,True,open,2026-09-30 18:00:39.948245+00:00,2026-10-01 08:00:00+00:00,0.0015969067654426688,0.278,84042.28,0.011331250943402121,BTC,True
0.006,0.0003,0.0006,BTC-1OCT26-85500-C,0.0003,0.0005,172.7,0.00043202,0.0,1790791239364,84037.31,-57.1429,415.9,30.37,84041.05,BTC-1OCT26,BTC,BTC,73345.29,0.0004,1790841600000,call,85500.0,True,open,2026-09-30 18:00:39.948245+00:00,2026-10-01 08:00:00+00:00,0.0015969067654426688,0.3037,84041.05,0.017211005993512555,BTC,True
0.0115,0.0115,0.0115,BTC-1OCT26-85500-P,0.0165,0.0195,6.6,0.01777564,0.0,1790791239365,84037.31,0.0,6.6,30.37,84041.05,BTC-1OCT26,BTC,BTC,6444.59,0.018,1790841600000,put,85500.0,True,open,2026-09-30 18:00:39.948245+00:00,2026-10-01 08:00:00+00:00,0.0015969067654426688,0.3037,84041.05,0.017211005993512555,BTC,True
0.0042,0.0002,0.0004,BTC-1OCT26-86000-C,0.0002,0.0003,481.9,0.00026515,0.0,1790791239356,84037.31,-55.5556,493.2,34.28,84042.28,BTC-1OCT26,BTC,BTC,45480.01,0.00025,1790841600000,call,86000.0,True,open,2026-09-30 18:00:39.948245+00:00,2026-10-01 08:00:00+00:00,0.0015969067654426688,0.3428,84042.28,0.023027290706593578,BTC,True
0.011,0.011,0.011,BTC-1OCT26-86000-P,0.0215,0.0255,2.8,0.02355815,0.0,1790791239364,84037.31,0.0,2.8,34.28,84041.05,BTC-1OCT26,BTC,BTC,2629.61,0.0235,1790841600000,put,86000.0,True,open,2026-09-30 18:00:39.948245+00:00,2026-10-01 08:00:00+00:00,0.0015969067654426688,0.3428,84041.05,0.023041926304305817,BTC,True
0.0022,0.0001,0.0002,BTC-1OCT26-86500-C,0.0001,0.0003,108.8,0.00018638,0.0,1790791239358,84037.31,-33.3333,115.7,38.56,84041.05,BTC-1OCT26,BTC,BTC,4340.22,0.0002,1790841600000,call,86500.0,True,open,2026-09-30 18:00:39.948245+00:00,2026-10-01 08:00:00+00:00,0.0015969067654426688,0.3856,84041.05,0.028839043988631782,BTC,True
,,,BTC-1OCT26-86500-P,0.027,0.0315,0.0,0.02942877,0.0,1790791239365,84037.31,,0.0,38.56,84041.05,BTC-1OCT26,BTC,BTC,0.0,0.02925,1790841600000,put,86500.0,True,open,2026-09-30 18:00:39.948245+00:00,2026-10-01 08:00:00+00:00,0.0015969067654426688,0.3856,84041.05,0.028839043988631782,BTC,True
0.0017,0.0001,0.0001,BTC-1OCT26-87000-C,,0.0002,161.6,0.00011381,0.0,1790791239355,84037.31,-50.0,156.9,41.52,84041.05,BTC-1OCT26,BTC,BTC,6478.5,,1790841600000,call,87000.0,True,open,2026-09-30 18:00:39.948245+00:00,2026-10-01 08:00:00+00:00,0.0015969067654426688,0.4152,84041.05,0.03460274870538193,BTC,True
,,,BTC-1OCT26-87000-P,0.033,0.0375,0.0,0.03530557,0.0,1790791239365,84037.31,,0.0,41.52,84041.05,BTC-1OCT26,BTC,BTC,0.0,0.03525,1790841600000,put,87000.0,True,open,2026-09-30 18:00:39.948245+00:00,2026-10-01 08:00:00+00:00,0.0015969067654426688,0.4152,84041.05,0.03460274870538193,BTC,True
0.0008,0.0001,0.0002,BTC-1OCT26-87500-C,,0.0002,179.0,5.138e-05,0.0,1790791239356,84037.31,0.0,234.5,42.55,84041.05,BTC-1OCT26,BTC,BTC,4181.92,,1790841600000,call,87500.0,True,open,2026-09-30 18:00:39.948245+00:00,2026-10-01 08:00:00+00:00,0.0015969067654426688,0.4255,84041.05,0.0403334234143668,BTC,True
,,,BTC-1OCT26-87500-P,0.039,0.0435,0.0,0.04119252,0.0,1790791239354,84037.31,,0.0,42.55,84041.05,BTC-1OCT26,BTC,BTC,0.0,0.04125,1790841600000,put,87500.0,True,open,2026-09-30 18:00:39.948245+00:00,2026-10-01 08:00:00+00:00,0.0015969067654426688,0.4255,84041.05,0.0403334234143668,BTC,True
0.0006,0.0001,0.0001,BTC-1OCT26-88000-C,,0.0002,33.2,2.92e-05,0.0,1790791239355,84037.31,0.0,29.9,44.76,84042.28,BTC-1OCT26,BTC,BTC,468.77,,1790841600000,call,88000.0,True,open,2026-09-30 18:00:39.948245+00:00,2026-10-01 08:00:00+00:00,0.0015969067654426688,0.4476,84042.28,0.04601680893129224,BTC,True
,,,BTC-1OCT26-88000-P,0.045,0.0495,0.0,0.04711972,0.0,1790791239356,84037.31,,0.0,44.76,84041.05,BTC-1OCT26,BTC,BTC,0.0,0.04725,1790841600000,put,88000.0,True,open,2026-09-30 18:00:39.948245+00:00,2026-10-01 08:00:00+00:00,0.0015969067654426688,0.4476,84041.05,0.04603144452900459,BTC,True
0.0003,0.0001,0.0001,BTC-1OCT26-89000-C,,0.0002,85.1,7.47e-06,0.0,1790791239354,84037.31,0.0,75.2,47.8,84041.05,BTC-1OCT26,BTC,BTC,1455.95,,1790841600000,call,89000.0,True,open,2026-09-30 18:00:39.948245+00:00,2026-10-01 08:00:00+00:00,0.0015969067654426688,0.478,84041.05,0.05733099978293807,BTC,True
,,,BTC-1OCT26-89000-P,0.057,0.061,0.0,0.05899675,0.0,1790791239356,84037.31,,0.0,47.8,84042.28,BTC-1OCT26,BTC,BTC,0.0,0.059,1790841600000,put,89000.0,True,open,2026-09-30 18:00:39.948245+00:00,2026-10-01 08:00:00+00:00,0.0015969067654426688,0.478,84042.28,0.057316364185225566,BTC,True
0.0002,0.0001,0.0002,BTC-1OCT26-90000-C,,0.0001,86.2,1.87e-06,0.0,1790791239354,84037.31,100.0,23.6,50.53,84041.05,BTC-1OCT26,BTC,BTC,402.33,,1790841600000,call,90000.0,True,open,2026-09-30 18:00:39.948245+00:00,2026-10-01 08:00:00+00:00,0.0015969067654426688,0.5053,84041.05,0.06850430038106321,BTC,True
,,,BTC-1OCT26-90000-P,0.0685,0.073,0.0,0.07088989,0.0,1790791239355,84037.31,,0.0,50.53,84041.05,BTC-1OCT26,BTC,BTC,0.0,0.07075,1790841600000,put,90000.0,True,open,2026-09-30 18:00:39.948245+00:00,2026-10-01 08:00:00+00:00,0.0015969067654426688,0.5053,84041.05,0.06850430038106321,BTC,True
0.0001,0.0001,0.0001,BTC-1OCT26-91000-C,,0.0001,27.4,2e-07,0.0,1790791239354,84037.31,0.0,25.3,50.54,84042.28,BTC-1OCT26,BTC,BTC,216.37,,1790841600000,call,91000.0,True,open,2026-09-30 18:00:39.948245+00:00,2026-10-01 08:00:00+00:00,0.0015969067654426688,0.5054,84042.28,0.0795395009699359,BTC,True
,,,BTC-1OCT26-91000-P,0.0805,0.085,0.0,0.08278698,0.0,1790791239358,84037.31,,0.0,50.54,84041.05,BTC-1OCT26,BTC,BTC,0.0,0.08275,1790841600000,put,91000.0,True,open,2026-09-30 18:00:39.948245+00:00,2026-10-01 08:00:00+00:00,0.0015969067654426688,0.5054,84041.05,0.07955413656764809,BTC,True
,,0.0003,BTC-1OCT26-92000-C,,0.0001,0.3,2e-08,0.0,1790791239354,84037.31,,0.0,50.57,84041.05,BTC-1OCT26,BTC,BTC,0.0,,1790841600000,call,92000.0,True,open,2026-09-30 18:00:39.948245+00:00,2026-10-01 08:00:00+00:00,0.0015969067654426688,0.5057,84041.05,0.09048320709983848,BTC,True
,,,BTC-1OCT26-92000-P,0.0925,0.097,0.0,0.09468556,0.0,1790791239354,84037.31,,0.0,50.57,84041.05,BTC-1OCT26,BTC,BTC,0.0,0.09475,1790841600000,put,92000.0,True,open,2026-09-30 18:00:39.948245+00:00,2026-10-01 08:00:00+00:00,0.0015969067654426688,0.5057,84041.05,0.09048320709983848,BTC,True
,,0.0001,BTC-1OCT26-93000-C,,0.0001,0.3,0.0,0.0,1790791239355,84037.31,,0.0,51.96,84041.05,BTC-1OCT26,BTC,BTC,0.0,,1790841600000,call,93000.0,True,open,2026-09-30 18:00:39.948245+00:00,2026-10-01 08:00:00+00:00,0.0015969067654426688,0.5196000000000001,84041.05,0.10129412320405402,BTC,True
,,,BTC-1OCT26-93000-P,0.1045,0.109,0.0,0.1065843,0.0,1790791239354,84037.31,,0.0,51.96,84041.05,BTC-1OCT26,BTC,BTC,0.0,0.10675,1790841600000,put,93000.0,True,open,2026-09-30 18:00:39.948245+00:00,2026-10-01 08:00:00+00:00,0.0015969067654426688,0.5196000000000001,84041.05,0.10129412320405402,BTC,True
,,0.0002,BTC-1OCT26-94000-C,,0.0001,1.0,0.0,0.0,1790791239355,84037.31,,0.0,52.47,84041.05,BTC-1OCT26,BTC,BTC,0.0,,1790841600000,call,94000.0,True,open,2026-09-30 18:00:39.948245+00:00,2026-10-01 08:00:00+00:00,0.0015969067654426688,0.5246999999999999,84041.05,0.11198941232080209,BTC,True
,,,BTC-1OCT26-94000-P,0.116,0.121,0.0,0.11848305,0.0,1790791239365,84037.31,,0.0,52.47,84041.05,BTC-1OCT26,BTC,BTC,0.0,0.1185,1790841600000,put,94000.0,True,open,2026-09-30 18:00:39.948245+00:00,2026-10-01 08:00:00+00:00,0.0015969067654426688,0.5246999999999999,84041.05,0.11198941232080209,BTC,True
,,,BTC-1OCT26-95000-C,,0.0001,0.0,0.0,0.0,1790791239365,84037.31,,0.0,52.58,84041.05,BTC-1OCT26,BTC,BTC,0.0,,1790841600000,call,95000.0,True,open,2026-09-30 18:00:39.948245+00:00,2026-10-01 08:00:00+00:00,0.0015969067654426688,0.5257999999999999,84041.05,0.12257152165133894,BTC,True
,,,BTC-1OCT26-95000-P,0.128,0.1325,0.0,0.13038181,0.0,1790791239365,84037.31,,0.0,52.58,84042.28,BTC-1OCT26,BTC,BTC,0.0,0.13025,1790841600000,put,95000.0,True,open,2026-09-30 18:00:39.948245+00:00,2026-10-01 08:00:00+00:00,0.0015969067654426688,0.5257999999999999,84042.28,0.12255688605362655,BTC,True
,,0.2235,BTC-2OCT26-65000-C,0.225,0.2285,0.8,0.22670978,0.0,1790791239355,84037.31,,0.0,73.57,84056.22,BTC-2OCT26,BTC,BTC,0.0,0.22675,1790928000000,call,65000.0,True,open,2026-09-30 18:00:39.948245+00:00,2026-10-02 08:00:00+00:00,0.004336632792839929,0.7356999999999999,84056.22,-0.2570985907901624,BTC,True
0.0002,0.0001,0.0002,BTC-2OCT26-65000-P,,0.0001,705.7,0.0,0.0,1790791239364,84037.31,100.0,0.3,73.57,84056.5,BTC-2OCT26,BTC,BTC,4.18,,1790928000000,put,65000.0,True,open,2026-09-30 18:00:39.948245+00:00,2026-10-02 08:00:00+00:00,0.004336632792839929,0.7356999999999999,84056.5,-0.25710192188848735,BTC,True
0.164,0.164,0.164,BTC-2OCT26-70000-C,0.1655,0.169,3.5,0.16722631,0.0,1790791239357,84037.31,0.0,1.0,70.57,84056.5,BTC-2OCT26,BTC,BTC,13731.67,0.16725,1790928000000,call,70000.0,True,open,2026-09-30 18:00:39.948245+00:00,2026-10-02 08:00:00+00:00,0.004336632792839929,0.7056999999999999,84056.5,-0.18299394973476552,BTC,True
,,0.0001,BTC-2OCT26-70000-P,,0.0001,959.7,4e-07,0.0,1790791239354,84037.31,,0.0,70.57,84056.5,BTC-2OCT26,BTC,BTC,0.0,,1790928000000,put,70000.0,True,open,2026-09-30 18:00:39.948245+00:00,2026-10-02 08:00:00+00:00,0.004336632792839929,0.7056999999999999,84056.5,-0.18299394973476552,BTC,True
,,0.143,BTC-2OCT26-72000-C,0.1415,0.145,2.6,0.14343425,0.0,1790791239357,84037.31,,0.0,66.11,84056.22,BTC-2OCT26,BTC,BTC,0.0,0.14325,1790928000000,call,72000.0,True,open,2026-09-30 18:00:39.948245+00:00,2026-10-02 08:00:00+00:00,0.004336632792839929,0.6611,84056.22,-0.15481974166974427,BTC,True
0.0001,0.0001,0.0001,BTC-2OCT26-72000-P,,0.0001,244.5,1.88e-06,0.0,1790791239356,84037.31,0.0,0.6,66.11,84056.5,BTC-2OCT26,BTC,BTC,5.0,,1790928000000,put,72000.0,True,open,2026-09-30 18:00:39.948245+00:00,2026-10-02 08:00:00+00:00,0.004336632792839929,0.6611,84056.5,-0.15482307276806917,BTC,True
,,0.135,BTC-2OCT26-73000-C,0.1295,0.133,0.8,0.13153786,0.0,1790791239364,84037.31,,0.0,61.32,84056.5,BTC-2OCT26,BTC,BTC,0.0,0.13125,1790928000000,call,73000.0,True,open,2026-09-30 18:00:39.948245+00:00,2026-10-02 08:00:00+00:00,0.004336632792839929,0.6132,84056.5,-0.1410297506357334,BTC,True
0.0001,0.0001,0.0001,BTC-2OCT26-73000-P,,0.0001,1113.6,2.26e-06,0.0,1790791239366,84037.31,0.0,1.3,61.32,84056.22,BTC-2OCT26,BTC,BTC,10.83,,1790928000000,put,73000.0,True,open,2026-09-30 18:00:39.948245+00:00,2026-10-02 08:00:00+00:00,0.004336632792839929,0.6132,84056.22,-0.1410264195374084,BTC,True
,,0.129,BTC-2OCT26-74000-C,0.118,0.1215,1.7,0.11964644,0.0,1790791239358,84037.31,,0.0,60.93,84056.22,BTC-2OCT26,BTC,BTC,0.0,0.11975,1790928000000,call,74000.0,True,open,2026-09-30 18:00:39.948245+00:00,2026-10-02 08:00:00+00:00,0.004336632792839929,0.6093,84056.22,-0.12742076748162984,BTC,True
,,0.0001,BTC-2OCT26-74000-P,,0.0001,1263.2,7.62e-06,0.0,1790791239358,84037.31,,0.0,60.93,84056.22,BTC-2OCT26,BTC,BTC,0.0,,1790928000000,put,74000.0,True,open,2026-09-30 18:00:39.948245+00:00,2026-10-02 08:00:00+00:00,0.004336632792839929,0.6093,84056.22,-0.12742076748162984,BTC,True
,,0.113,BTC-2OCT26-75000-C,0.106,0.1095,4.7,0.10776703,0.0,1790791239364,84037.31,,0.0,60.91,84056.5,BTC-2OCT26,BTC,BTC,0.0,0.10775,1790928000000,call,75000.0,True,open,2026-09-30 18:00:39.948245+00:00,2026-10-02 08:00:00+00:00,0.004336632792839929,0.6091,84056.5,-0.11400107824781407,BTC,True
0.0002,0.0001,0.0002,BTC-2OCT26-75000-P,,0.0001,431.5,2.498e-05,0.0,1790791239354,84037.31,100.0,17.1,60.91,84056.5,BTC-2OCT26,BTC,BTC,143.4,,1790928000000,put,75000.0,True,open,2026-09-30 18:00:39.948245+00:00,2026-10-02 08:00:00+00:00,0.004336632792839929,0.6091,84056.5,-0.11400107824781407,BTC,True
0.0845,0.0845,0.0845,BTC-2OCT26-76000-C,0.0945,0.097,40.7,0.09589762,0.0,1790791239354,84037.31,0.0,0.1,58.66,84056.5,BTC-2OCT26,BTC,BTC,702.07,0.09575,1790928000000,call,76000.0,True,open,2026-09-30 18:00:39.948245+00:00,2026-10-02 08:00:00+00:00,0.004336632792839929,0.5866,84056.5,-0.10075585149779348,BTC,True
0.0003,0.0001,0.0001,BTC-2OCT26-76000-P,,0.0001,403.4,5.235e-05,0.0,1790791239364,84037.31,-66.6667,7.2,58.66,84056.5,BTC-2OCT26,BTC,BTC,68.77,,1790928000000,put,76000.0,True,open,2026-09-30 18:00:39.948245+00:00,2026-10-02 08:00:00+00:00,0.004336632792839929,0.5866,84056.5,-0.10075585149779348,BTC,True
,,0.1075,BTC-2OCT26-77000-C,0.0825,0.085,186.7,0.08401662,0.0,1790791239357,84037.31,,0.0,53.34,84056.5,BTC-2OCT26,BTC,BTC,0.0,0.08375,1790928000000,call,77000.0,True,open,2026-09-30 18:00:39.948245+00:00,2026-10-02 08:00:00+00:00,0.004336632792839929,0.5334,84056.5,-0.08768376993044064,BTC,True
0.0002,0.0001,0.0001,BTC-2OCT26-77000-P,,0.0002,375.0,6.811e-05,0.0,1790791239354,84037.31,-50.0,16.9,53.34,84056.5,BTC-2OCT26,BTC,BTC,145.25,,1790928000000,put,77000.0,True,open,2026-09-30 18:00:39.948245+00:00,2026-10-02 08:00:00+00:00,0.004336632792839929,0.5334,84056.5,-0.08768376993044064,BTC,True
,,0.08,BTC-2OCT26-78000-C,0.0705,0.0735,452.1,0.07220583,0.0,1790791239367,84037.31,,0.0,51.35,84056.5,BTC-2OCT26,BTC,BTC,0.0,0.072,1790928000000,call,78000.0,True,open,2026-09-30 18:00:39.948245+00:00,2026-10-02 08:00:00+00:00,0.004336632792839929,0.5135000000000001,84056.5,-0.0747803650945328,BTC,True
0.0003,0.0002,0.0003,BTC-2OCT26-78000-P,0.0001,0.0002,1560.3,0.0001541,0.0,1790791239364,84037.31,0.0,14.5,51.35,84056.22,BTC-2OCT26,BTC,BTC,253.05,0.00015,1790928000000,put,78000.0,True,open,2026-09-30 18:00:39.948245+00:00,2026-10-02 08:00:00+00:00,0.004336632792839929,0.5135000000000001,84056.22,-0.07477703399620786,BTC,True
,,0.0541,BTC-2OCT26-79000-C,0.059,0.0615,366.6,0.06035808,0.0,1790791239367,84037.31,,0.0,45.48,84056.5,BTC-2OCT26,BTC,BTC,0.0,0.06025,1790928000000,call,79000.0,True,open,2026-09-30 18:00:39.948245+00:00,2026-10-02 08:00:00+00:00,0.004336632792839929,0.4548,84056.5,-0.0620413393171031,BTC,True
0.0009,0.0001,0.0002,BTC-2OCT26-79000-P,0.0001,0.0002,998.3,0.00020296,0.0,1790791239354,84037.31,-60.0,139.2,45.48,84056.22,BTC-2OCT26,BTC,BTC,7098.31,0.00015,1790928000000,put,79000.0,True,open,2026-09-30 18:00:39.948245+00:00,2026-10-02 08:00:00+00:00,0.004336632792839929,0.4548,84056.22,-0.062038008218778036,BTC,True
0.0465,0.0378,0.0465,BTC-2OCT26-80000-C,0.047,0.05,868.0,0.04864367,0.0,1790791239365,84037.31,23.0159,101.0,41.79,84056.22,BTC-2OCT26,BTC,BTC,317683.7,0.0485,1790928000000,call,80000.0,True,open,2026-09-30 18:00:39.948245+00:00,2026-10-02 08:00:00+00:00,0.004336632792839929,0.4179,84056.22,-0.049459226011917976,BTC,True
0.0016,0.0003,0.0005,BTC-2OCT26-80000-P,0.0003,0.0005,1619.3,0.00038549,0.0,1790791239356,84037.31,-44.4444,241.5,41.79,84056.5,BTC-2OCT26,BTC,BTC,11401.26,0.0004,1790928000000,put,80000.0,True,open,2026-09-30 18:00:39.948245+00:00,2026-10-02 08:00:00+00:00,0.004336632792839929,0.4179,84056.5,-0.04946255711024291,BTC,True
0.037,0.029,0.037,BTC-2OCT26-81000-C,0.0355,0.0375,308.3,0.03711806,0.0,1790791239364,84037.31,27.5862,5.6,38.04,84056.5,BTC-2OCT26,BTC,BTC,16995.25,0.0365,1790928000000,call,81000.0,True,open,2026-09-30 18:00:39.948245+00:00,2026-10-02 08:00:00+00:00,0.004336632792839929,0.3804,84056.5,-0.037040037111685804,BTC,True
0.0028,0.0005,0.0006,BTC-2OCT26-81000-P,0.0007,0.0008,262.0,0.00075665,0.0,1790791239353,84037.31,-72.7273,67.2,38.04,84056.5,BTC-2OCT26,BTC,BTC,7711.83,0.00075,1790928000000,put,81000.0,True,open,2026-09-30 18:00:39.948245+00:00,2026-10-02 08:00:00+00:00,0.004336632792839929,0.3804,84056.5,-0.037040037111685804,BTC,True
,,0.0354,BTC-2OCT26-81500-C,0.0295,0.0335,0.2,0.03145903,0.0,1790791239366,84037.31,,0.0,35.91,84056.5,BTC-2OCT26,BTC,BTC,0.0,0.0315,1790928000000,call,81500.0,True,open,2026-09-30 18:00:39.948245+00:00,2026-10-02 08:00:00+00:00,0.004336632792839929,0.3591,84056.5,-0.03088617153730746,BTC,True
0.0032,0.0007,0.001,BTC-2OCT26-81500-P,0.0009,0.0012,33.2,0.001046,0.0,1790791239356,84037.31,-68.75,10.0,35.91,84056.5,BTC-2OCT26,BTC,BTC,1216.2,0.00105,1790928000000,put,81500.0,True,open,2026-09-30 18:00:39.948245+00:00,2026-10-02 08:00:00+00:00,0.004336632792839929,0.3591,84056.5,-0.03088617153730746,BTC,True
0.0414,0.0175,0.026,BTC-2OCT26-82000-C,0.024,0.027,1622.2,0.02596974,0.0,1790791239365,84037.31,18.1818,310.3,34.05,84056.5,BTC-2OCT26,BTC,BTC,576296.17,0.0255,1790928000000,call,82000.0,True,open,2026-09-30 18:00:39.948245+00:00,2026-10-02 08:00:00+00:00,0.004336632792839929,0.34049999999999997,84056.5,-0.024769944519871395,BTC,True
0.005,0.0007,0.0013,BTC-2OCT26-82000-P,0.0014,0.0017,1612.2,0.0015051,0.0,1790791239357,84037.31,-65.7895,197.3,34.05,84056.5,BTC-2OCT26,BTC,BTC,55051.52,0.00155,1790928000000,put,82000.0,True,open,2026-09-30 18:00:39.948245+00:00,2026-10-02 08:00:00+00:00,0.004336632792839929,0.34049999999999997,84056.5,-0.024769944519871395,BTC,True
,,,BTC-2OCT26-82500-C,0.019,0.0225,0.0,0.02075227,0.0,1790791239356,84037.31,,0.0,32.5,84056.5,BTC-2OCT26,BTC,BTC,0.0,0.02075,1790928000000,call,82500.0,True,open,2026-09-30 18:00:39.948245+00:00,2026-10-02 08:00:00+00:00,0.004336632792839929,0.325,84056.5,-0.018690898443489232,BTC,True
0.0065,0.001,0.0031,BTC-2OCT26-82500-P,0.0021,0.0024,63.9,0.00223602,0.0,1790791239355,84037.31,-31.1111,14.3,32.5,84056.5,BTC-2OCT26,BTC,BTC,4805.12,0.00225,1790928000000,put,82500.0,True,open,2026-09-30 18:00:39.948245+00:00,2026-10-02 08:00:00+00:00,0.004336632792839929,0.325,84056.5,-0.018690898443489232,BTC,True
0.0152,0.0098,0.0125,BTC-2OCT26-83000-C,0.015,0.017,648.1,0.01595939,0.0,1790791239357,84037.31,-13.7931,304.5,31.36,84056.22,BTC-2OCT26,BTC,BTC,298287.71,0.016,1790928000000,call,83000.0,True,open,2026-09-30 18:00:39.948245+00:00,2026-10-02 08:00:00+00:00,0.004336632792839929,0.3136,84056.22,-0.01264525288920161,BTC,True
0.0105,0.0014,0.0036,BTC-2OCT26-83000-P,0.0032,0.0036,828.0,0.00339152,0.0,1790791239354,84037.31,-57.6471,489.5,31.36,84056.5,BTC-2OCT26,BTC,BTC,280633.18,0.0034,1790928000000,put,83000.0,True,open,2026-09-30 18:00:39.948245+00:00,2026-10-02 08:00:00+00:00,0.004336632792839929,0.3136,84056.5,-0.012648583987526631,BTC,True
0.0225,0.007,0.0085,BTC-2OCT26-83500-C,0.011,0.0125,55.5,0.01181445,0.0,1790791239356,84037.31,-5.5556,40.4,30.85,84056.22,BTC-2OCT26,BTC,BTC,30977.97,0.01175,1790928000000,call,83500.0,True,open,2026-09-30 18:00:39.948245+00:00,2026-10-02 08:00:00+00:00,0.004336632792839929,0.3085,84056.22,-0.006639228828989821,BTC,True
0.012,0.0023,0.008,BTC-2OCT26-83500-P,0.005,0.0055,68.2,0.00519425,0.0,1790791239367,84037.31,-20.7921,62.9,30.85,84056.5,BTC-2OCT26,BTC,BTC,34760.28,0.00525,1790928000000,put,83500.0,True,open,2026-09-30 18:00:39.948245+00:00,2026-10-02 08:00:00+00:00,0.004336632792839929,0.3085,84056.5,-0.006642559927314781,BTC,True
0.019,0.0053,0.009,BTC-2OCT26-84000-C,0.008,0.009,792.6,0.00835913,0.0,1790791239365,84037.31,5.8824,162.5,30.54,84056.5,BTC-2OCT26,BTC,BTC,87873.14,0.0085,1790928000000,call,84000.0,True,open,2026-09-30 18:00:39.948245+00:00,2026-10-02 08:00:00+00:00,0.004336632792839929,0.3054,84056.5,-0.0006723929408108759,BTC,True
0.0145,0.0032,0.008,BTC-2OCT26-84000-P,0.007,0.008,644.6,0.00768804,0.0,1790791239363,84037.31,-36.0,50.7,30.54,84056.22,BTC-2OCT26,BTC,BTC,35995.67,0.0075,1790928000000,put,84000.0,True,open,2026-09-30 18:00:39.948245+00:00,2026-10-02 08:00:00+00:00,0.004336632792839929,0.3054,84056.22,-0.0006690618424859754,BTC,True
0.0095,0.0034,0.0065,BTC-2OCT26-84500-C,0.0055,0.006,52.3,0.00573645,0.0,1790791239358,84037.31,38.2979,56.8,30.77,84056.5,BTC-2OCT26,BTC,BTC,29555.33,0.00575,1790928000000,call,84500.0,True,open,2026-09-30 18:00:39.948245+00:00,2026-10-02 08:00:00+00:00,0.004336632792839929,0.3077,84056.5,0.0052623425790035375,BTC,True
0.022,0.0055,0.0105,BTC-2OCT26-84500-P,0.0105,0.0115,43.5,0.01101374,0.0,1790791239355,84037.31,-52.2727,49.4,30.77,84056.5,BTC-2OCT26,BTC,BTC,59045.3,0.011,1790928000000,put,84500.0,True,open,2026-09-30 18:00:39.948245+00:00,2026-10-02 08:00:00+00:00,0.004336632792839929,0.3077,84056.5,0.0052623425790035375,BTC,True
0.0135,0.0026,0.0043,BTC-2OCT26-85000-C,0.0036,0.004,958.5,0.00384857,0.0,1790791239355,84037.31,-8.5106,818.1,31.34,84056.5,BTC-2OCT26,BTC,BTC,372937.56,0.0038,1790928000000,call,85000.0,True,open,2026-09-30 18:00:39.948245+00:00,2026-10-02 08:00:00+00:00,0.004336632792839929,0.3134,84056.5,0.011162064706191917,BTC,True
0.026,0.008,0.0125,BTC-2OCT26-85000-P,0.014,0.0165,757.2,0.01507424,0.0,1790791239356,84037.31,-44.6903,93.6,31.34,84056.5,BTC-2OCT26,BTC,BTC,163005.64,0.01525,1790928000000,put,85000.0,True,open,2026-09-30 18:00:39.948245+00:00,2026-10-02 08:00:00+00:00,0.004336632792839929,0.3134,84056.5,0.011162064706191917,BTC,True
0.01,0.0021,0.0032,BTC-2OCT26-85500-C,0.0023,0.0027,450.0,0.00256023,0.0,1790791239358,84037.31,18.5185,445.6,32.22,84056.5,BTC-2OCT26,BTC,BTC,156938.41,0.0025,1790928000000,call,85500.0,True,open,2026-09-30 18:00:39.948245+00:00,2026-10-02 08:00:00+00:00,0.004336632792839929,0.3222,84056.5,0.01702718415859008,BTC,True
,,,BTC-2OCT26-85500-P,0.018,0.0215,0.0,0.01973429,0.0,1790791239364,84037.31,,0.0,32.22,84056.5,BTC-2OCT26,BTC,BTC,0.0,0.01975,1790928000000,put,85500.0,True,open,2026-09-30 18:00:39.948245+00:00,2026-10-02 08:00:00+00:00,0.004336632792839929,0.3222,84056.5,0.01702718415859008,BTC,True
0.0075,0.0012,0.0016,BTC-2OCT26-86000-C,0.0015,0.0019,1211.5,0.00172562,0.0,1790791239354,84037.31,-36.0,691.0,33.45,84056.22,BTC-2OCT26,BTC,BTC,198885.08,0.0017,1790928000000,call,86000.0,True,open,2026-09-30 18:00:39.948245+00:00,2026-10-02 08:00:00+00:00,0.004336632792839929,0.3345,84056.22,0.02286143556770825,BTC,True
0.0145,0.0145,0.0145,BTC-2OCT26-86000-P,0.0235,0.0265,1153.3,0.02484806,0.0,1790791239364,84037.31,0.0,0.1,33.45,84056.5,BTC-2OCT26,BTC,BTC,123.64,0.025,1790928000000,put,86000.0,True,open,2026-09-30 18:00:39.948245+00:00,2026-10-02 08:00:00+00:00,0.004336632792839929,0.3345,84056.5,0.022858104469383148,BTC,True
0.0035,0.0006,0.001,BTC-2OCT26-87000-C,0.0007,0.0009,1071.1,0.00083268,0.0,1790791239364,84037.31,-16.6667,295.8,36.48,84056.22,BTC-2OCT26,BTC,BTC,60452.93,0.0008,1790928000000,call,87000.0,True,open,2026-09-30 18:00:39.948245+00:00,2026-10-02 08:00:00+00:00,0.004336632792839929,0.36479999999999996,84056.22,0.03442225796878407,BTC,True
,,0.0525,BTC-2OCT26-87000-P,0.0345,0.038,11.7,0.0358519,0.0,1790791239366,84037.31,,0.0,36.48,84056.5,BTC-2OCT26,BTC,BTC,0.0,0.03625,1790928000000,put,87000.0,True,open,2026-09-30 18:00:39.948245+00:00,2026-10-02 08:00:00+00:00,0.004336632792839929,0.36479999999999996,84056.5,0.03441892687045909,BTC,True
0.0017,0.0002,0.0005,BTC-2OCT26-88000-C,0.0004,0.0005,1545.9,0.00042477,0.0,1790791239355,84037.31,-28.5714,318.5,39.64,84056.5,BTC-2OCT26,BTC,BTC,34124.91,0.00045,1790928000000,call,88000.0,True,open,2026-09-30 18:00:39.948245+00:00,2026-10-02 08:00:00+00:00,0.004336632792839929,0.39640000000000003,84056.5,0.04584762269408201,BTC,True
,,0.0478,BTC-2OCT26-88000-P,0.046,0.049,413.7,0.04734076,0.0,1790791239358,84037.31,,0.0,39.64,84056.5,BTC-2OCT26,BTC,BTC,0.0,0.0475,1790928000000,put,88000.0,True,open,2026-09-30 18:00:39.948245+00:00,2026-10-02 08:00:00+00:00,0.004336632792839929,0.39640000000000003,84056.5,0.04584762269408201,BTC,True
0.0007,0.0002,0.0003,BTC-2OCT26-89000-C,0.0002,0.0003,190.3,0.00025531,0.0,1790791239356,84037.31,-40.0,18.0,43.55,84056.5,BTC-2OCT26,BTC,BTC,542.37,0.00025,1790928000000,call,89000.0,True,open,2026-09-30 18:00:39.948245+00:00,2026-10-02 08:00:00+00:00,0.004336632792839929,0.4355,84056.5,0.05714717794801533,BTC,True
,,0.0525,BTC-2OCT26-89000-P,0.057,0.061,4.1,0.05906807,0.0,1790791239354,84037.31,,0.0,43.55,84056.5,BTC-2OCT26,BTC,BTC,0.0,0.059,1790928000000,put,89000.0,True,open,2026-09-30 18:00:39.948245+00:00,2026-10-02 08:00:00+00:00,0.004336632792839929,0.4355,84056.5,0.05714717794801533,BTC,True
0.0005,0.0001,0.0001,BTC-2OCT26-90000-C,0.0001,0.0002,856.1,0.00014866,0.0,1790791239365,84037.31,-50.0,36.6,46.81,84056.22,BTC-2OCT26,BTC,BTC,802.24,0.00015,1790928000000,call,90000.0,True,open,2026-09-30 18:00:39.948245+00:00,2026-10-02 08:00:00+00:00,0.004336632792839929,0.4681,84056.22,0.06832380964446558,BTC,True
0.0695,0.0695,0.0695,BTC-2OCT26-90000-P,0.0685,0.073,3.1,0.0708582,0.0,1790791239363,84037.31,0.0,0.1,46.81,84056.5,BTC-2OCT26,BTC,BTC,585.69,0.07075,1790928000000,put,90000.0,True,open,2026-09-30 18:00:39.948245+00:00,2026-10-02 08:00:00+00:00,0.004336632792839929,0.4681,84056.5,0.06832047854614051,BTC,True
0.0002,0.0001,0.0002,BTC-2OCT26-92000-C,,0.0001,309.3,2.382e-05,0.0,1790791239358,84037.31,100.0,18.2,48.63,84056.22,BTC-2OCT26,BTC,BTC,198.1,,1790928000000,call,92000.0,True,open,2026-09-30 18:00:39.948245+00:00,2026-10-02 08:00:00+00:00,0.004336632792839929,0.4863,84056.22,0.09030271636324072,BTC,True
,,,BTC-2OCT26-92000-P,0.0925,0.097,0.0,0.0945269,0.0,1790791239365,84037.31,,0.0,48.63,84056.22,BTC-2OCT26,BTC,BTC,0.0,0.09475,1790928000000,put,92000.0,True,open,2026-09-30 18:00:39.948245+00:00,2026-10-02 08:00:00+00:00,0.004336632792839929,0.4863,84056.22,0.09030271636324072,BTC,True
0.0001,0.0001,0.0001,BTC-2OCT26-95000-C,,0.0001,610.7,1.1e-06,0.0,1790791239357,84037.31,0.0,28.3,50.82,84056.5,BTC-2OCT26,BTC,BTC,240.16,,1790928000000,call,95000.0,True,open,2026-09-30 18:00:39.948245+00:00,2026-10-02 08:00:00+00:00,0.004336632792839929,0.5082,84056.5,0.12238769981641627,BTC,True
,,0.1058,BTC-2OCT26-95000-P,0.128,0.1325,0.2,0.1301945,0.0,1790791239357,84037.31,,0.0,50.82,84056.22,BTC-2OCT26,BTC,BTC,0.0,0.13025,1790928000000,put,95000.0,True,open,2026-09-30 18:00:39.948245+00:00,2026-10-02 08:00:00+00:00,0.004336632792839929,0.5082,84056.22,0.1223910309147412,BTC,True
,,0.0001,BTC-2OCT26-100000-C,,0.0001,228.8,1.5e-07,0.0,1790791239367,84037.31,,0.0,63.16,84056.5,BTC-2OCT26,BTC,BTC,0.0,,1790928000000,call,100000.0,True,open,2026-09-30 18:00:39.948245+00:00,2026-10-02 08:00:00+00:00,0.004336632792839929,0.6315999999999999,84056.5,0.1736809942039668,BTC,True
,,,BTC-2OCT26-100000-P,0.1875,0.1925,0.0,0.18967741,0.0,1790791239357,84037.31,,0.0,63.16,84056.22,BTC-2OCT26,BTC,BTC,0.0,0.19,1790928000000,put,100000.0,True,open,2026-09-30 18:00:39.948245+00:00,2026-10-02 08:00:00+00:00,0.004336632792839929,0.6315999999999999,84056.22,0.17368432530229178,BTC,True
,,,BTC-3OCT26-74000-C,0.118,0.1215,0.0,0.1199117,0.0,1790791239365,84037.31,,0.0,65.13,84065.74,BTC-3OCT26,BTC,BTC,0.0,0.11975,1791014400000,call,74000.0,True,open,2026-09-30 18:00:39.948245+00:00,2026-10-03 08:00:00+00:00,0.007076358820237189,0.6513,84065.74,-0.1275340186001651,BTC,True
0.0003,0.0002,0.0003,BTC-3OCT26-74000-P,0.0001,0.0003,5.9,0.00017329,0.0,1790791239357,84037.31,50.0,2.2,65.13,84065.74,BTC-3OCT26,BTC,BTC,47.25,0.0002,1791014400000,put,74000.0,True,open,2026-09-30 18:00:39.948245+00:00,2026-10-03 08:00:00+00:00,0.007076358820237189,0.6513,84065.74,-0.1275340186001651,BTC,True
,,,BTC-3OCT26-75000-C,0.106,0.11,0.0,0.10808595,0.0,1790791239365,84037.31,,0.0,61.79,84065.74,BTC-3OCT26,BTC,BTC,0.0,0.108,1791014400000,call,75000.0,True,open,2026-09-30 18:00:39.948245+00:00,2026-10-03 08:00:00+00:00,0.007076358820237189,0.6179,84065.74,-0.1141109982680245,BTC,True
0.0003,0.0002,0.0002,BTC-3OCT26-75000-P,0.0002,0.0003,4.8,0.00024296,0.0,1790791239355,84037.31,0.0,4.4,61.79,84065.74,BTC-3OCT26,BTC,BTC,74.82,0.00025,1791014400000,put,75000.0,True,open,2026-09-30 18:00:39.948245+00:00,2026-10-03 08:00:00+00:00,0.007076358820237189,0.6179,84065.74,-0.1141109982680245,BTC,True
,,,BTC-3OCT26-76000-C,0.0945,0.098,0.0,0.09624485,0.0,1790791239364,84037.31,,0.0,57.16,84065.74,BTC-3OCT26,BTC,BTC,0.0,0.09625,1791014400000,call,76000.0,True,open,2026-09-30 18:00:39.948245+00:00,2026-10-03 08:00:00+00:00,0.007076358820237189,0.5716,84065.74,-0.1008657715180038,BTC,True
0.0004,0.0003,0.0003,BTC-3OCT26-76000-P,0.0002,0.0004,30.3,0.00029729,0.0,1790791239354,84037.31,-25.0,30.3,57.16,84065.74,BTC-3OCT26,BTC,BTC,764.32,0.0003,1791014400000,put,76000.0,True,open,2026-09-30 18:00:39.948245+00:00,2026-10-03 08:00:00+00:00,0.007076358820237189,0.5716,84065.74,-0.1008657715180038,BTC,True
,,,BTC-3OCT26-77000-C,0.0825,0.0865,0.0,0.08443735,0.0,1790791239357,84037.31,,0.0,52.83,84065.74,BTC-3OCT26,BTC,BTC,0.0,0.0845,1791014400000,call,77000.0,True,open,2026-09-30 18:00:39.948245+00:00,2026-10-03 08:00:00+00:00,0.007076358820237189,0.5283,84065.74,-0.0877936899506511,BTC,True
0.0006,0.0006,0.0006,BTC-3OCT26-77000-P,0.0003,0.0005,8.2,0.00038522,0.0,1790791239357,84037.31,0.0,0.1,52.83,84065.74,BTC-3OCT26,BTC,BTC,4.99,0.0004,1791014400000,put,77000.0,True,open,2026-09-30 18:00:39.948245+00:00,2026-10-03 08:00:00+00:00,0.007076358820237189,0.5283,84065.74,-0.0877936899506511,BTC,True
,,,BTC-3OCT26-78000-C,0.0705,0.0745,0.0,0.07271938,0.0,1790791239358,84037.31,,0.0,49.32,84065.74,BTC-3OCT26,BTC,BTC,0.0,0.0725,1791014400000,call,78000.0,True,open,2026-09-30 18:00:39.948245+00:00,2026-10-03 08:00:00+00:00,0.007076358820237189,0.4932,84065.74,-0.07489028511474315,BTC,True
0.0011,0.0003,0.0005,BTC-3OCT26-78000-P,0.0005,0.0007,8.8,0.00056267,0.0,1790791239364,84037.31,-54.5455,17.5,49.32,84065.74,BTC-3OCT26,BTC,BTC,1022.55,0.0006,1791014400000,put,78000.0,True,open,2026-09-30 18:00:39.948245+00:00,2026-10-03 08:00:00+00:00,0.007076358820237189,0.4932,84065.74,-0.07489028511474315,BTC,True
,,,BTC-3OCT26-79000-C,0.059,0.063,0.0,0.06102112,0.0,1790791239356,84037.31,,0.0,44.86,84065.74,BTC-3OCT26,BTC,BTC,0.0,0.061,1791014400000,call,79000.0,True,open,2026-09-30 18:00:39.948245+00:00,2026-10-03 08:00:00+00:00,0.007076358820237189,0.4486,84065.74,-0.06215125933731345,BTC,True
0.0018,0.0007,0.0007,BTC-3OCT26-79000-P,0.0007,0.0009,2.6,0.00075984,0.0,1790791239367,84037.31,-61.1111,2.7,44.86,84065.74,BTC-3OCT26,BTC,BTC,348.85,0.0008,1791014400000,put,79000.0,True,open,2026-09-30 18:00:39.948245+00:00,2026-10-03 08:00:00+00:00,0.007076358820237189,0.4486,84065.74,-0.06215125933731345,BTC,True
,,,BTC-3OCT26-80000-C,0.0475,0.051,0.0,0.04949287,0.0,1790791239355,84037.31,,0.0,40.93,84065.74,BTC-3OCT26,BTC,BTC,0.0,0.04925,1791014400000,call,80000.0,True,open,2026-09-30 18:00:39.948245+00:00,2026-10-03 08:00:00+00:00,0.007076358820237189,0.4093,84065.74,-0.04957247713045328,BTC,True
0.0025,0.001,0.001,BTC-3OCT26-80000-P,0.001,0.0013,635.1,0.00112701,0.0,1790791239354,84037.31,-33.3333,642.3,40.93,84065.74,BTC-3OCT26,BTC,BTC,99903.35,0.00115,1791014400000,put,80000.0,True,open,2026-09-30 18:00:39.948245+00:00,2026-10-03 08:00:00+00:00,0.007076358820237189,0.4093,84065.74,-0.04957247713045328,BTC,True
,,,BTC-3OCT26-80500-C,0.0415,0.0455,0.0,0.04380857,0.0,1790791239367,84037.31,,0.0,38.95,84065.74,BTC-3OCT26,BTC,BTC,0.0,0.0435,1791014400000,call,80500.0,True,open,2026-09-30 18:00:39.948245+00:00,2026-10-03 08:00:00+00:00,0.007076358820237189,0.3895,84065.74,-0.043341927379817284,BTC,True
0.0028,0.0013,0.0019,BTC-3OCT26-80500-P,0.0013,0.0016,8.8,0.00139043,0.0,1790791239355,84037.31,-29.6296,9.1,38.95,84065.74,BTC-3OCT26,BTC,BTC,1845.38,0.00145,1791014400000,put,80500.0,True,open,2026-09-30 18:00:39.948245+00:00,2026-10-03 08:00:00+00:00,0.007076358820237189,0.3895,84065.74,-0.043341927379817284,BTC,True
,,,BTC-3OCT26-81000-C,0.036,0.04,0.0,0.03824743,0.0,1790791239355,84037.31,,0.0,37.25,84065.74,BTC-3OCT26,BTC,BTC,0.0,0.038,1791014400000,call,81000.0,True,open,2026-09-30 18:00:39.948245+00:00,2026-10-03 08:00:00+00:00,0.007076358820237189,0.3725,84065.74,-0.03714995713189618,BTC,True
0.0038,0.0014,0.0014,BTC-3OCT26-81000-P,0.0017,0.002,68.4,0.001777,0.0,1790791239367,84037.31,-54.8387,52.0,37.25,84065.74,BTC-3OCT26,BTC,BTC,14242.61,0.00185,1791014400000,put,81000.0,True,open,2026-09-30 18:00:39.948245+00:00,2026-10-03 08:00:00+00:00,0.007076358820237189,0.3725,84065.74,-0.03714995713189618,BTC,True
,,,BTC-3OCT26-81500-C,0.031,0.0345,0.0,0.03284699,0.0,1790791239357,84037.31,,0.0,35.74,84065.74,BTC-3OCT26,BTC,BTC,0.0,0.03275,1791014400000,call,81500.0,True,open,2026-09-30 18:00:39.948245+00:00,2026-10-03 08:00:00+00:00,0.007076358820237189,0.3574,84065.74,-0.030996091557517893,BTC,True
0.0047,0.0012,0.0012,BTC-3OCT26-81500-P,0.0022,0.0025,4.3,0.00232427,0.0,1790791239366,84037.31,-71.4286,4.2,35.74,84065.74,BTC-3OCT26,BTC,BTC,1409.28,0.00235,1791014400000,put,81500.0,True,open,2026-09-30 18:00:39.948245+00:00,2026-10-03 08:00:00+00:00,0.007076358820237189,0.3574,84065.74,-0.030996091557517893,BTC,True
,,,BTC-3OCT26-82000-C,0.0255,0.0295,0.0,0.02768877,0.0,1790791239357,84037.31,,0.0,34.52,84065.74,BTC-3OCT26,BTC,BTC,0.0,0.0275,1791014400000,call,82000.0,True,open,2026-09-30 18:00:39.948245+00:00,2026-10-03 08:00:00+00:00,0.007076358820237189,0.3452,84065.74,-0.024879864540081776,BTC,True
0.0075,0.0019,0.0019,BTC-3OCT26-82000-P,0.0029,0.0033,36.4,0.00311377,0.0,1790791239354,84037.31,-59.5745,26.0,34.52,84065.74,BTC-3OCT26,BTC,BTC,8400.67,0.0031,1791014400000,put,82000.0,True,open,2026-09-30 18:00:39.948245+00:00,2026-10-03 08:00:00+00:00,0.007076358820237189,0.3452,84065.74,-0.024879864540081776,BTC,True
,,,BTC-3OCT26-82500-C,0.021,0.0245,0.0,0.02286406,0.0,1790791239355,84037.31,,0.0,33.58,84065.74,BTC-3OCT26,BTC,BTC,0.0,0.02275,1791014400000,call,82500.0,True,open,2026-09-30 18:00:39.948245+00:00,2026-10-03 08:00:00+00:00,0.007076358820237189,0.3358,84065.74,-0.018800818463699673,BTC,True
0.008,0.002,0.006,BTC-3OCT26-82500-P,0.0041,0.0045,4.6,0.00423677,0.0,1790791239358,84037.31,-25.0,4.6,33.58,84065.74,BTC-3OCT26,BTC,BTC,1375.87,0.0043,1791014400000,put,82500.0,True,open,2026-09-30 18:00:39.948245+00:00,2026-10-03 08:00:00+00:00,0.007076358820237189,0.3358,84065.74,-0.018800818463699673,BTC,True
0.014,0.013,0.013,BTC-3OCT26-83000-C,0.0175,0.0195,0.2,0.0184522,0.0,1790791239367,84037.31,-7.1429,0.2,32.89,84065.74,BTC-3OCT26,BTC,BTC,224.43,0.0185,1791014400000,call,83000.0,True,open,2026-09-30 18:00:39.948245+00:00,2026-10-03 08:00:00+00:00,0.007076358820237189,0.3289,84065.74,-0.012758504007737023,BTC,True
0.012,0.0029,0.0029,BTC-3OCT26-83000-P,0.0055,0.006,79.0,0.00577263,0.0,1790791239357,84037.31,-71.8447,79.3,32.89,84066.05,BTC-3OCT26,BTC,BTC,66736.82,0.00575,1791014400000,put,83000.0,True,open,2026-09-30 18:00:39.948245+00:00,2026-10-03 08:00:00+00:00,0.007076358820237189,0.3289,84066.05,-0.012762191591149956,BTC,True
0.0175,0.01,0.0135,BTC-3OCT26-83500-C,0.014,0.0155,6.1,0.01452644,0.0,1790791239354,84037.31,17.3913,13.0,32.38,84065.74,BTC-3OCT26,BTC,BTC,15478.82,0.01475,1791014400000,call,83500.0,True,open,2026-09-30 18:00:39.948245+00:00,2026-10-03 08:00:00+00:00,0.007076358820237189,0.32380000000000003,84065.74,-0.006752479947525121,BTC,True
0.0135,0.0055,0.008,BTC-3OCT26-83500-P,0.0075,0.008,21.1,0.00779458,0.0,1790791239357,84037.31,-40.7407,22.7,32.38,84065.74,BTC-3OCT26,BTC,BTC,21900.96,0.00775,1791014400000,put,83500.0,True,open,2026-09-30 18:00:39.948245+00:00,2026-10-03 08:00:00+00:00,0.007076358820237189,0.32380000000000003,84065.74,-0.006752479947525121,BTC,True
0.0121,0.008,0.0121,BTC-3OCT26-84000-C,0.0105,0.0115,46.0,0.01122691,0.0,1790791239357,84037.31,42.3529,33.9,32.29,84065.74,BTC-3OCT26,BTC,BTC,30640.26,0.011,1791014400000,call,84000.0,True,open,2026-09-30 18:00:39.948245+00:00,2026-10-03 08:00:00+00:00,0.007076358820237189,0.32289999999999996,84065.74,-0.0007823129610212763,BTC,True
0.017,0.0075,0.0105,BTC-3OCT26-84000-P,0.01,0.011,7.4,0.01044277,0.0,1790791239354,84037.31,-38.2353,7.2,32.29,84065.74,BTC-3OCT26,BTC,BTC,5559.84,0.0105,1791014400000,put,84000.0,True,open,2026-09-30 18:00:39.948245+00:00,2026-10-03 08:00:00+00:00,0.007076358820237189,0.32289999999999996,84065.74,-0.0007823129610212763,BTC,True
0.0145,0.006,0.009,BTC-3OCT26-84500-C,0.008,0.0085,26.0,0.00846957,0.0,1790791239356,84037.31,26.7606,34.7,32.27,84065.74,BTC-3OCT26,BTC,BTC,27048.49,0.00825,1791014400000,call,84500.0,True,open,2026-09-30 18:00:39.948245+00:00,2026-10-03 08:00:00+00:00,0.007076358820237189,0.32270000000000004,84065.74,0.005152422558793298,BTC,True
0.012,0.0085,0.012,BTC-3OCT26-84500-P,0.013,0.014,7.2,0.01363313,0.0,1790791239364,84037.31,20.0,7.2,32.27,84065.74,BTC-3OCT26,BTC,BTC,5814.55,0.0135,1791014400000,put,84500.0,True,open,2026-09-30 18:00:39.948245+00:00,2026-10-03 08:00:00+00:00,0.007076358820237189,0.32270000000000004,84065.74,0.005152422558793298,BTC,True
0.0115,0.0039,0.0055,BTC-3OCT26-85000-C,0.006,0.0065,39.1,0.00630229,0.0,1790791239362,84037.31,-15.3846,39.2,32.52,84065.74,BTC-3OCT26,BTC,BTC,19412.26,0.00625,1791014400000,call,85000.0,True,open,2026-09-30 18:00:39.948245+00:00,2026-10-03 08:00:00+00:00,0.007076358820237189,0.32520000000000004,84065.74,0.011052144685981508,BTC,True
0.0115,0.0095,0.0095,BTC-3OCT26-85000-P,0.0165,0.0185,6.0,0.01741357,0.0,1790791239367,84037.31,-17.3913,6.0,32.52,84065.74,BTC-3OCT26,BTC,BTC,5370.03,0.0175,1791014400000,put,85000.0,True,open,2026-09-30 18:00:39.948245+00:00,2026-10-03 08:00:00+00:00,0.007076358820237189,0.32520000000000004,84065.74,0.011052144685981508,BTC,True
0.0115,0.0034,0.0055,BTC-3OCT26-85500-C,0.0044,0.0048,17.6,0.00466322,0.0,1790791239356,84037.31,14.5833,21.7,33.05,84065.74,BTC-3OCT26,BTC,BTC,10963.06,0.0046,1791014400000,call,85500.0,True,open,2026-09-30 18:00:39.948245+00:00,2026-10-03 08:00:00+00:00,0.007076358820237189,0.33049999999999996,84065.74,0.016917264138379504,BTC,True
0.013,0.012,0.013,BTC-3OCT26-85500-P,0.02,0.0235,0.4,0.02172221,0.0,1790791239356,84037.31,4.0,0.4,33.05,84065.74,BTC-3OCT26,BTC,BTC,426.88,0.02175,1791014400000,put,85500.0,True,open,2026-09-30 18:00:39.948245+00:00,2026-10-03 08:00:00+00:00,0.007076358820237189,0.33049999999999996,84065.74,0.016917264138379504,BTC,True
0.009,0.0026,0.0045,BTC-3OCT26-86000-C,0.0032,0.0036,12.3,0.00341458,0.0,1790791239358,84037.31,32.3529,4.3,33.63,84065.74,BTC-3OCT26,BTC,BTC,2569.04,0.0034,1791014400000,call,86000.0,True,open,2026-09-30 18:00:39.948245+00:00,2026-10-03 08:00:00+00:00,0.007076358820237189,0.33630000000000004,84065.74,0.02274818444917284,BTC,True
,,,BTC-3OCT26-86000-P,0.0245,0.028,0.0,0.02642128,0.0,1790791239364,84037.31,,0.0,33.63,84065.74,BTC-3OCT26,BTC,BTC,0.0,0.02625,1791014400000,put,86000.0,True,open,2026-09-30 18:00:39.948245+00:00,2026-10-03 08:00:00+00:00,0.007076358820237189,0.33630000000000004,84065.74,0.02274818444917284,BTC,True
0.006,0.0017,0.006,BTC-3OCT26-86500-C,0.0022,0.0027,33.7,0.00248912,0.0,1790791239355,84037.31,106.8966,33.9,34.3,84065.74,BTC-3OCT26,BTC,BTC,6935.54,0.00245,1791014400000,call,86500.0,True,open,2026-09-30 18:00:39.948245+00:00,2026-10-03 08:00:00+00:00,0.007076358820237189,0.34299999999999997,84065.74,0.02854530213349866,BTC,True
,,,BTC-3OCT26-86500-P,0.0295,0.0335,0.0,0.03144354,0.0,1790791239356,84037.31,,0.0,34.3,84065.74,BTC-3OCT26,BTC,BTC,0.0,0.0315,1791014400000,put,86500.0,True,open,2026-09-30 18:00:39.948245+00:00,2026-10-03 08:00:00+00:00,0.007076358820237189,0.34299999999999997,84065.74,0.02854530213349866,BTC,True
0.0035,0.0014,0.0014,BTC-3OCT26-87000-C,0.0016,0.002,3.5,0.00181563,0.0,1790791239356,84037.31,-36.3636,3.5,35.07,84065.74,BTC-3OCT26,BTC,BTC,577.05,0.0018,1791014400000,call,87000.0,True,open,2026-09-30 18:00:39.948245+00:00,2026-10-03 08:00:00+00:00,0.007076358820237189,0.3507,84065.74,0.034309006850248874,BTC,True
,,,BTC-3OCT26-87000-P,0.035,0.0385,0.0,0.03671776,0.0,1790791239365,84037.31,,0.0,35.07,84065.74,BTC-3OCT26,BTC,BTC,0.0,0.03675,1791014400000,put,87000.0,True,open,2026-09-30 18:00:39.948245+00:00,2026-10-03 08:00:00+00:00,0.007076358820237189,0.3507,84065.74,0.034309006850248874,BTC,True
0.0036,0.0008,0.001,BTC-3OCT26-87500-C,0.0012,0.0015,7.0,0.0013198,0.0,1790791239356,84037.31,-23.0769,10.1,35.85,84065.74,BTC-3OCT26,BTC,BTC,966.05,0.00135,1791014400000,call,87500.0,True,open,2026-09-30 18:00:39.948245+00:00,2026-10-03 08:00:00+00:00,0.007076358820237189,0.35850000000000004,84065.74,0.04003968155923382,BTC,True
,,,BTC-3OCT26-87500-P,0.04,0.044,0.0,0.04216965,0.0,1790791239357,84037.31,,0.0,35.85,84065.74,BTC-3OCT26,BTC,BTC,0.0,0.042,1791014400000,put,87500.0,True,open,2026-09-30 18:00:39.948245+00:00,2026-10-03 08:00:00+00:00,0.007076358820237189,0.35850000000000004,84065.74,0.04003968155923382,BTC,True
0.003,0.0007,0.0011,BTC-3OCT26-88000-C,0.0009,0.0011,34.2,0.00098835,0.0,1790791239364,84037.31,-8.3333,40.7,36.9,84065.74,BTC-3OCT26,BTC,BTC,4682.87,0.001,1791014400000,call,88000.0,True,open,2026-09-30 18:00:39.948245+00:00,2026-10-03 08:00:00+00:00,0.007076358820237189,0.369,84065.74,0.04573770267387147,BTC,True
,,,BTC-3OCT26-88000-P,0.0455,0.05,0.0,0.04778591,0.0,1790791239367,84037.31,,0.0,36.9,84065.74,BTC-3OCT26,BTC,BTC,0.0,0.04775,1791014400000,put,88000.0,True,open,2026-09-30 18:00:39.948245+00:00,2026-10-03 08:00:00+00:00,0.007076358820237189,0.369,84065.74,0.04573770267387147,BTC,True
0.0017,0.0003,0.001,BTC-3OCT26-89000-C,0.0005,0.0006,25.3,0.00053781,0.0,1790791239364,84037.31,42.8571,24.7,38.68,84065.74,BTC-3OCT26,BTC,BTC,1921.11,0.00055,1791014400000,call,89000.0,True,open,2026-09-30 18:00:39.948245+00:00,2026-10-03 08:00:00+00:00,0.007076358820237189,0.3868,84065.74,0.05703725792780489,BTC,True
,,,BTC-3OCT26-89000-P,0.057,0.0615,0.0,0.0592308,0.0,1790791239365,84037.31,,0.0,38.68,84065.74,BTC-3OCT26,BTC,BTC,0.0,0.05925,1791014400000,put,89000.0,True,open,2026-09-30 18:00:39.948245+00:00,2026-10-03 08:00:00+00:00,0.007076358820237189,0.3868,84065.74,0.05703725792780489,BTC,True
0.0009,0.0002,0.0003,BTC-3OCT26-90000-C,0.0003,0.0004,33.2,0.00032496,0.0,1790791239364,84037.31,-25.0,24.4,41.07,84065.74,BTC-3OCT26,BTC,BTC,876.55,0.00035,1791014400000,call,90000.0,True,open,2026-09-30 18:00:39.948245+00:00,2026-10-03 08:00:00+00:00,0.007076358820237189,0.4107,84065.74,0.06821055852593016,BTC,True
,,,BTC-3OCT26-90000-P,0.0685,0.073,0.0,0.07091337,0.0,1790791239364,84037.31,,0.0,41.07,84065.74,BTC-3OCT26,BTC,BTC,0.0,0.07075,1791014400000,put,90000.0,True,open,2026-09-30 18:00:39.948245+00:00,2026-10-03 08:00:00+00:00,0.007076358820237189,0.4107,84065.74,0.06821055852593016,BTC,True
0.0003,0.0003,0.0003,BTC-3OCT26-91000-C,0.0002,0.0003,0.6,0.00025415,0.0,1790791239353,84037.31,0.0,0.1,44.87,84065.74,BTC-3OCT26,BTC,BTC,2.51,0.00025,1791014400000,call,91000.0,True,open,2026-09-30 18:00:39.948245+00:00,2026-10-03 08:00:00+00:00,0.007076358820237189,0.4487,84065.74,0.0792603947125152,BTC,True
,,,BTC-3OCT26-91000-P,0.0805,0.085,0.0,0.08273799,0.0,1790791239356,84037.31,,0.0,44.87,84065.74,BTC-3OCT26,BTC,BTC,0.0,0.08275,1791014400000,put,91000.0,True,open,2026-09-30 18:00:39.948245+00:00,2026-10-03 08:00:00+00:00,0.007076358820237189,0.4487,84065.74,0.0792603947125152,BTC,True
0.0002,0.0001,0.0001,BTC-3OCT26-92000-C,0.0001,0.0002,0.9,0.00014841,0.0,1790791239365,84037.31,-50.0,1.0,46.54,84065.74,BTC-3OCT26,BTC,BTC,15.85,0.00015,1791014400000,call,92000.0,True,open,2026-09-30 18:00:39.948245+00:00,2026-10-03 08:00:00+00:00,0.007076358820237189,0.4654,84065.74,0.09018946524470531,BTC,True
,,,BTC-3OCT26-92000-P,0.0925,0.097,0.0,0.09452768,0.0,1790791239355,84037.31,,0.0,46.54,84065.74,BTC-3OCT26,BTC,BTC,0.0,0.09475,1791014400000,put,92000.0,True,open,2026-09-30 18:00:39.948245+00:00,2026-10-03 08:00:00+00:00,0.007076358820237189,0.4654,84065.74,0.09018946524470531,BTC,True
0.0001,0.0001,0.0001,BTC-3OCT26-93000-C,,0.0002,1.6,7.234e-05,0.0,1790791239367,84037.31,0.0,1.5,47.15,84065.74,BTC-3OCT26,BTC,BTC,12.55,,1791014400000,call,93000.0,True,open,2026-09-30 18:00:39.948245+00:00,2026-10-03 08:00:00+00:00,0.007076358820237189,0.4715,84065.74,0.10100038134892099,BTC,True
,,,BTC-3OCT26-93000-P,0.104,0.109,0.0,0.10634703,0.0,1790791239357,84037.31,,0.0,47.15,84065.74,BTC-3OCT26,BTC,BTC,0.0,0.1065,1791014400000,put,93000.0,True,open,2026-09-30 18:00:39.948245+00:00,2026-10-03 08:00:00+00:00,0.007076358820237189,0.4715,84065.74,0.10100038134892099,BTC,True
0.0004,0.0001,0.0001,BTC-3OCT26-94000-C,,0.0001,1.6,4.592e-05,0.0,1790791239356,84037.31,-75.0,1.5,49.13,84065.74,BTC-3OCT26,BTC,BTC,25.1,,1791014400000,call,94000.0,True,open,2026-09-30 18:00:39.948245+00:00,2026-10-03 08:00:00+00:00,0.007076358820237189,0.4913,84065.74,0.11169567046566899,BTC,True
,,,BTC-3OCT26-94000-P,0.116,0.121,0.0,0.11821605,0.0,1790791239366,84037.31,,0.0,49.13,84065.74,BTC-3OCT26,BTC,BTC,0.0,0.1185,1791014400000,put,94000.0,True,open,2026-09-30 18:00:39.948245+00:00,2026-10-03 08:00:00+00:00,0.007076358820237189,0.4913,84065.74,0.11169567046566899,BTC,True
,,,BTC-4OCT26-74000-C,0.118,0.1215,0.0,0.11998935,0.0,1790791239356,84037.31,,0.0,53.85,84076.37,BTC-4OCT26,BTC,BTC,0.0,0.11975,1791100800000,call,74000.0,True,open,2026-09-30 18:00:39.948245+00:00,2026-10-04 08:00:00+00:00,0.00981608484763445,0.5385,84076.37,-0.12766045926412675,BTC,True
0.0002,0.0002,0.0002,BTC-4OCT26-74000-P,0.0001,0.0002,0.1,0.00013911,0.0,1790791239357,84037.31,0.0,0.1,53.85,84076.09,BTC-4OCT26,BTC,BTC,1.69,0.00015,1791100800000,put,74000.0,True,open,2026-09-30 18:00:39.948245+00:00,2026-10-04 08:00:00+00:00,0.00981608484763445,0.5385,84076.09,-0.12765712895305079,BTC,True
,,,BTC-4OCT26-75000-C,0.106,0.11,0.0,0.10813138,0.0,1790791239354,84037.31,,0.0,50.26,84076.09,BTC-4OCT26,BTC,BTC,0.0,0.108,1791100800000,call,75000.0,True,open,2026-09-30 18:00:39.948245+00:00,2026-10-04 08:00:00+00:00,0.00981608484763445,0.5025999999999999,84076.09,-0.11423410862091013,BTC,True
0.0002,0.0002,0.0002,BTC-4OCT26-75000-P,0.0001,0.0002,0.1,0.00017506,0.0,1790791239356,84037.31,0.0,0.1,50.26,84076.09,BTC-4OCT26,BTC,BTC,1.67,0.00015,1791100800000,put,75000.0,True,open,2026-09-30 18:00:39.948245+00:00,2026-10-04 08:00:00+00:00,0.00981608484763445,0.5025999999999999,84076.09,-0.11423410862091013,BTC,True
,,,BTC-4OCT26-76000-C,0.0945,0.098,0.0,0.09633964,0.0,1790791239364,84037.31,,0.0,48.09,84076.37,BTC-4OCT26,BTC,BTC,0.0,0.09625,1791100800000,call,76000.0,True,open,2026-09-30 18:00:39.948245+00:00,2026-10-04 08:00:00+00:00,0.00981608484763445,0.48090000000000005,84076.37,-0.10099221218196551,BTC,True
,,,BTC-4OCT26-76000-P,0.0002,0.0003,0.0,0.00027724,0.0,1790791239354,84037.31,,0.0,48.09,84076.37,BTC-4OCT26,BTC,BTC,0.0,0.00025,1791100800000,put,76000.0,True,open,2026-09-30 18:00:39.948245+00:00,2026-10-04 08:00:00+00:00,0.00981608484763445,0.48090000000000005,84076.37,-0.10099221218196551,BTC,True
,,,BTC-4OCT26-77000-C,0.0825,0.0865,0.0,0.08454518,0.0,1790791239357,84037.31,,0.0,44.75,84076.37,BTC-4OCT26,BTC,BTC,0.0,0.0845,1791100800000,call,77000.0,True,open,2026-09-30 18:00:39.948245+00:00,2026-10-04 08:00:00+00:00,0.00981608484763445,0.4475,84076.37,-0.08792013061461265,BTC,True
,,,BTC-4OCT26-77000-P,0.0003,0.0004,0.0,0.00037669,0.0,1790791239365,84037.31,,0.0,44.75,84076.37,BTC-4OCT26,BTC,BTC,0.0,0.00035,1791100800000,put,77000.0,True,open,2026-09-30 18:00:39.948245+00:00,2026-10-04 08:00:00+00:00,0.00981608484763445,0.4475,84076.37,-0.08792013061461265,BTC,True
,,,BTC-4OCT26-78000-C,0.0705,0.0745,0.0,0.07274965,0.0,1790791239354,84037.31,,0.0,40.7,84076.37,BTC-4OCT26,BTC,BTC,0.0,0.0725,1791100800000,call,78000.0,True,open,2026-09-30 18:00:39.948245+00:00,2026-10-04 08:00:00+00:00,0.00981608484763445,0.40700000000000003,84076.37,-0.07501672577870479,BTC,True
0.0003,0.0003,0.0003,BTC-4OCT26-78000-P,0.0004,0.0005,5.0,0.00047508,0.0,1790791239367,84037.31,0.0,5.0,40.7,84076.09,BTC-4OCT26,BTC,BTC,126.73,0.00045,1791100800000,put,78000.0,True,open,2026-09-30 18:00:39.948245+00:00,2026-10-04 08:00:00+00:00,0.00981608484763445,0.40700000000000003,84076.09,-0.07501339546762884,BTC,True
,,,BTC-4OCT26-79000-C,0.0585,0.063,0.0,0.06106238,0.0,1790791239365,84037.31,,0.0,37.33,84076.37,BTC-4OCT26,BTC,BTC,0.0,0.06075,1791100800000,call,79000.0,True,open,2026-09-30 18:00:39.948245+00:00,2026-10-04 08:00:00+00:00,0.00981608484763445,0.37329999999999997,84076.37,-0.06227770000127506,BTC,True
0.001,0.0005,0.001,BTC-4OCT26-79000-P,0.0006,0.0008,7.5,0.00068194,0.0,1790791239364,84037.31,100.0,7.5,37.33,84076.09,BTC-4OCT26,BTC,BTC,502.22,0.0007,1791100800000,put,79000.0,True,open,2026-09-30 18:00:39.948245+00:00,2026-10-04 08:00:00+00:00,0.00981608484763445,0.37329999999999997,84076.09,-0.062274369690199,BTC,True
,,,BTC-4OCT26-80000-C,0.047,0.0515,0.0,0.04954009,0.0,1790791239357,84037.31,,0.0,34.27,84076.09,BTC-4OCT26,BTC,BTC,0.0,0.04925,1791100800000,call,80000.0,True,open,2026-09-30 18:00:39.948245+00:00,2026-10-04 08:00:00+00:00,0.00981608484763445,0.3427,84076.09,-0.04969558748333892,BTC,True
0.0017,0.001,0.001,BTC-4OCT26-80000-P,0.001,0.0012,8.6,0.00105335,0.0,1790791239365,84037.31,0.0,8.6,34.27,84076.09,BTC-4OCT26,BTC,BTC,1035.36,0.0011,1791100800000,put,80000.0,True,open,2026-09-30 18:00:39.948245+00:00,2026-10-04 08:00:00+00:00,0.00981608484763445,0.3427,84076.09,-0.04969558748333892,BTC,True
,,,BTC-4OCT26-80500-C,0.041,0.046,0.0,0.04386758,0.0,1790791239355,84037.31,,0.0,32.75,84076.37,BTC-4OCT26,BTC,BTC,0.0,0.0435,1791100800000,call,80500.0,True,open,2026-09-30 18:00:39.948245+00:00,2026-10-04 08:00:00+00:00,0.00981608484763445,0.3275,84076.37,-0.04346836804377886,BTC,True
0.0024,0.0011,0.0016,BTC-4OCT26-80500-P,0.0012,0.0015,18.7,0.0013278,0.0,1790791239363,84037.31,-33.3333,18.7,32.75,84076.09,BTC-4OCT26,BTC,BTC,3370.5,0.00135,1791100800000,put,80500.0,True,open,2026-09-30 18:00:39.948245+00:00,2026-10-04 08:00:00+00:00,0.00981608484763445,0.3275,84076.09,-0.04346503773270287,BTC,True
,,,BTC-4OCT26-81000-C,0.036,0.0405,0.0,0.03835292,0.0,1790791239353,84037.31,,0.0,31.62,84076.09,BTC-4OCT26,BTC,BTC,0.0,0.03825,1791100800000,call,81000.0,True,open,2026-09-30 18:00:39.948245+00:00,2026-10-04 08:00:00+00:00,0.00981608484763445,0.31620000000000004,84076.09,-0.03727306748478169,BTC,True
0.003,0.003,0.003,BTC-4OCT26-81000-P,0.0016,0.0019,5.0,0.0017601,0.0,1790791239354,84037.31,0.0,5.0,31.62,84076.09,BTC-4OCT26,BTC,BTC,1254.19,0.00175,1791100800000,put,81000.0,True,open,2026-09-30 18:00:39.948245+00:00,2026-10-04 08:00:00+00:00,0.00981608484763445,0.31620000000000004,84076.09,-0.03727306748478169,BTC,True
,,,BTC-4OCT26-81500-C,0.0305,0.035,0.0,0.03301486,0.0,1790791239354,84037.31,,0.0,30.63,84076.09,BTC-4OCT26,BTC,BTC,0.0,0.03275,1791100800000,call,81500.0,True,open,2026-09-30 18:00:39.948245+00:00,2026-10-04 08:00:00+00:00,0.00981608484763445,0.3063,84076.09,-0.03111920191040345,BTC,True
0.0035,0.0035,0.0035,BTC-4OCT26-81500-P,0.0022,0.0026,0.3,0.00236966,0.0,1790791239356,84037.31,0.0,0.3,30.63,84076.09,BTC-4OCT26,BTC,BTC,87.95,0.0024,1791100800000,put,81500.0,True,open,2026-09-30 18:00:39.948245+00:00,2026-10-04 08:00:00+00:00,0.00981608484763445,0.3063,84076.09,-0.03111920191040345,BTC,True
,,,BTC-4OCT26-82000-C,0.0255,0.03,0.0,0.02793335,0.0,1790791239354,84037.31,,0.0,29.84,84076.37,BTC-4OCT26,BTC,BTC,0.0,0.02775,1791100800000,call,82000.0,True,open,2026-09-30 18:00:39.948245+00:00,2026-10-04 08:00:00+00:00,0.00981608484763445,0.2984,84076.37,-0.025006305204043424,BTC,True
0.005,0.0021,0.0027,BTC-4OCT26-82000-P,0.0031,0.0035,9.9,0.00323535,0.0,1790791239364,84037.31,-46.0,9.9,29.84,84076.09,BTC-4OCT26,BTC,BTC,2089.53,0.0033,1791100800000,put,82000.0,True,open,2026-09-30 18:00:39.948245+00:00,2026-10-04 08:00:00+00:00,0.00981608484763445,0.2984,84076.09,-0.02500297489296738,BTC,True
,,,BTC-4OCT26-82500-C,0.0205,0.025,0.0,0.02319177,0.0,1790791239364,84037.31,,0.0,29.26,84076.37,BTC-4OCT26,BTC,BTC,0.0,0.02275,1791100800000,call,82500.0,True,open,2026-09-30 18:00:39.948245+00:00,2026-10-04 08:00:00+00:00,0.00981608484763445,0.2926,84076.37,-0.018927259127661192,BTC,True
,,,BTC-4OCT26-82500-P,0.0042,0.0047,0.0,0.00444088,0.0,1790791239365,84037.31,,0.0,29.26,84076.09,BTC-4OCT26,BTC,BTC,0.0,0.00445,1791100800000,put,82500.0,True,open,2026-09-30 18:00:39.948245+00:00,2026-10-04 08:00:00+00:00,0.00981608484763445,0.2926,84076.09,-0.018923928816585212,BTC,True
,,,BTC-4OCT26-83000-C,0.018,0.02,0.0,0.01884498,0.0,1790791239356,84037.31,,0.0,28.8,84076.09,BTC-4OCT26,BTC,BTC,0.0,0.019,1791100800000,call,83000.0,True,open,2026-09-30 18:00:39.948245+00:00,2026-10-04 08:00:00+00:00,0.00981608484763445,0.28800000000000003,84076.09,-0.01288161436062261,BTC,True
0.009,0.0055,0.0055,BTC-4OCT26-83000-P,0.0055,0.0065,7.1,0.00603999,0.0,1790791239354,84037.31,-38.8889,7.4,28.8,84076.37,BTC-4OCT26,BTC,BTC,4954.17,0.006,1791100800000,put,83000.0,True,open,2026-09-30 18:00:39.948245+00:00,2026-10-04 08:00:00+00:00,0.00981608484763445,0.28800000000000003,84076.37,-0.012884944671698643,BTC,True
,,,BTC-4OCT26-83500-C,0.0145,0.016,0.0,0.0150477,0.0,1790791239357,84037.31,,0.0,28.66,84076.09,BTC-4OCT26,BTC,BTC,0.0,0.01525,1791100800000,call,83500.0,True,open,2026-09-30 18:00:39.948245+00:00,2026-10-04 08:00:00+00:00,0.00981608484763445,0.2866,84076.09,-0.006875590300410754,BTC,True
0.01,0.01,0.01,BTC-4OCT26-83500-P,0.0075,0.0085,1.4,0.00819093,0.0,1790791239354,84037.31,0.0,1.4,28.66,84076.09,BTC-4OCT26,BTC,BTC,1172.63,0.008,1791100800000,put,83500.0,True,open,2026-09-30 18:00:39.948245+00:00,2026-10-04 08:00:00+00:00,0.00981608484763445,0.2866,84076.09,-0.006875590300410754,BTC,True
,,,BTC-4OCT26-84000-C,0.0115,0.012,0.0,0.01174254,0.0,1790791239365,84037.31,,0.0,28.56,84076.09,BTC-4OCT26,BTC,BTC,0.0,0.01175,1791100800000,call,84000.0,True,open,2026-09-30 18:00:39.948245+00:00,2026-10-04 08:00:00+00:00,0.00981608484763445,0.28559999999999997,84076.09,-0.0009054233139068445,BTC,True
0.015,0.01,0.011,BTC-4OCT26-84000-P,0.0105,0.0115,11.9,0.01083551,0.0,1790791239356,84037.31,-18.5185,15.5,28.56,84076.09,BTC-4OCT26,BTC,BTC,16580.27,0.011,1791100800000,put,84000.0,True,open,2026-09-30 18:00:39.948245+00:00,2026-10-04 08:00:00+00:00,0.00981608484763445,0.28559999999999997,84076.09,-0.0009054233139068445,BTC,True
0.007,0.007,0.007,BTC-4OCT26-84500-C,0.0085,0.0095,4.8,0.00902475,0.0,1790791239357,84037.31,0.0,4.8,28.69,84076.09,BTC-4OCT26,BTC,BTC,2802.21,0.009,1791100800000,call,84500.0,True,open,2026-09-30 18:00:39.948245+00:00,2026-10-04 08:00:00+00:00,0.00981608484763445,0.2869,84076.09,0.005029312205907573,BTC,True
,,,BTC-4OCT26-84500-P,0.0135,0.0145,0.0,0.0140647,0.0,1790791239365,84037.31,,0.0,28.69,84076.09,BTC-4OCT26,BTC,BTC,0.0,0.014,1791100800000,put,84500.0,True,open,2026-09-30 18:00:39.948245+00:00,2026-10-04 08:00:00+00:00,0.00981608484763445,0.2869,84076.09,0.005029312205907573,BTC,True
0.0145,0.0115,0.0145,BTC-4OCT26-85000-C,0.0065,0.007,0.4,0.00688318,0.0,1790791239365,84037.31,26.087,0.4,29.08,84076.09,BTC-4OCT26,BTC,BTC,437.78,0.00675,1791100800000,call,85000.0,True,open,2026-09-30 18:00:39.948245+00:00,2026-10-04 08:00:00+00:00,0.00981608484763445,0.2908,84076.09,0.010929034333095847,BTC,True
0.0125,0.0105,0.0115,BTC-4OCT26-85000-P,0.017,0.0185,21.1,0.0178677,0.0,1790791239364,84037.31,-8.0,21.1,29.08,84076.09,BTC-4OCT26,BTC,BTC,20145.0,0.01775,1791100800000,put,85000.0,True,open,2026-09-30 18:00:39.948245+00:00,2026-10-04 08:00:00+00:00,0.00981608484763445,0.2908,84076.09,0.010929034333095847,BTC,True
0.0115,0.0085,0.0085,BTC-4OCT26-85500-C,0.0048,0.0055,22.8,0.00526355,0.0,1790791239355,84037.31,-15.0,24.5,29.75,84076.09,BTC-4OCT26,BTC,BTC,20070.82,0.00515,1791100800000,call,85500.0,True,open,2026-09-30 18:00:39.948245+00:00,2026-10-04 08:00:00+00:00,0.00981608484763445,0.2975,84076.09,0.016794153785494127,BTC,True
,,,BTC-4OCT26-85500-P,0.0205,0.025,0.0,0.02219473,0.0,1790791239354,84037.31,,0.0,29.75,84076.37,BTC-4OCT26,BTC,BTC,0.0,0.02275,1791100800000,put,85500.0,True,open,2026-09-30 18:00:39.948245+00:00,2026-10-04 08:00:00+00:00,0.00981608484763445,0.2975,84076.37,0.01679082347441795,BTC,True
0.01,0.0033,0.0033,BTC-4OCT26-86000-C,0.0036,0.004,7.8,0.00386177,0.0,1790791239357,84037.31,-10.8108,7.8,29.98,84076.09,BTC-4OCT26,BTC,BTC,4025.45,0.0038,1791100800000,call,86000.0,True,open,2026-09-30 18:00:39.948245+00:00,2026-10-04 08:00:00+00:00,0.00981608484763445,0.2998,84076.09,0.022625074096287306,BTC,True
0.0165,0.0165,0.0165,BTC-4OCT26-86000-P,0.025,0.029,3.6,0.02673956,0.0,1790791239355,84037.31,0.0,3.6,29.98,84076.37,BTC-4OCT26,BTC,BTC,5074.26,0.027,1791100800000,put,86000.0,True,open,2026-09-30 18:00:39.948245+00:00,2026-10-04 08:00:00+00:00,0.00981608484763445,0.2998,84076.37,0.0226217437852113,BTC,True
0.006,0.006,0.006,BTC-4OCT26-86500-C,0.0027,0.003,14.2,0.00289326,0.0,1790791239365,84037.31,0.0,14.2,30.64,84076.09,BTC-4OCT26,BTC,BTC,7232.92,0.00285,1791100800000,call,86500.0,True,open,2026-09-30 18:00:39.948245+00:00,2026-10-04 08:00:00+00:00,0.00981608484763445,0.3064,84076.09,0.02842219178061319,BTC,True
,,,BTC-4OCT26-86500-P,0.0295,0.0345,0.0,0.03171778,0.0,1790791239357,84037.31,,0.0,30.64,84076.37,BTC-4OCT26,BTC,BTC,0.0,0.032,1791100800000,put,86500.0,True,open,2026-09-30 18:00:39.948245+00:00,2026-10-04 08:00:00+00:00,0.00981608484763445,0.3064,84076.37,0.02841886146953713,BTC,True
0.0055,0.0015,0.0055,BTC-4OCT26-87000-C,0.002,0.0023,19.0,0.00215691,0.0,1790791239357,84037.31,266.6667,19.0,31.31,84076.09,BTC-4OCT26,BTC,BTC,4590.01,0.00215,1791100800000,call,87000.0,True,open,2026-09-30 18:00:39.948245+00:00,2026-10-04 08:00:00+00:00,0.00981608484763445,0.3131,84076.09,0.034185896497363255,BTC,True
,,,BTC-4OCT26-87000-P,0.035,0.04,0.0,0.03692758,0.0,1790791239356,84037.31,,0.0,31.31,84076.09,BTC-4OCT26,BTC,BTC,0.0,0.0375,1791100800000,put,87000.0,True,open,2026-09-30 18:00:39.948245+00:00,2026-10-04 08:00:00+00:00,0.00981608484763445,0.3131,84076.09,0.034185896497363255,BTC,True
,,,BTC-4OCT26-87500-C,0.0014,0.0017,0.0,0.00157245,0.0,1790791239357,84037.31,,0.0,31.82,84076.09,BTC-4OCT26,BTC,BTC,0.0,0.00155,1791100800000,call,87500.0,True,open,2026-09-30 18:00:39.948245+00:00,2026-10-04 08:00:00+00:00,0.00981608484763445,0.3182,84076.09,0.03991657120634826,BTC,True
,,,BTC-4OCT26-87500-P,0.04,0.0445,0.0,0.04229008,0.0,1790791239354,84037.31,,0.0,31.82,84076.09,BTC-4OCT26,BTC,BTC,0.0,0.04225,1791100800000,put,87500.0,True,open,2026-09-30 18:00:39.948245+00:00,2026-10-04 08:00:00+00:00,0.00981608484763445,0.3182,84076.09,0.03991657120634826,BTC,True
0.0032,0.0009,0.0032,BTC-4OCT26-88000-C,0.0011,0.0013,26.5,0.00120472,0.0,1790791239357,84037.31,255.5556,26.5,32.77,84076.37,BTC-4OCT26,BTC,BTC,4886.41,0.0012,1791100800000,call,88000.0,True,open,2026-09-30 18:00:39.948245+00:00,2026-10-04 08:00:00+00:00,0.00981608484763445,0.32770000000000005,84076.37,0.045611262009909975,BTC,True
,,,BTC-4OCT26-88000-P,0.046,0.051,0.0,0.04786931,0.0,1790791239355,84037.31,,0.0,32.77,84076.37,BTC-4OCT26,BTC,BTC,0.0,0.0485,1791100800000,put,88000.0,True,open,2026-09-30 18:00:39.948245+00:00,2026-10-04 08:00:00+00:00,0.00981608484763445,0.32770000000000005,84076.37,0.045611262009909975,BTC,True
0.0016,0.0004,0.0008,BTC-4OCT26-89000-C,0.0006,0.0008,37.5,0.00071482,0.0,1790791239367,84037.31,100.0,37.5,34.64,84076.37,BTC-4OCT26,BTC,BTC,2435.09,0.0007,1791100800000,call,89000.0,True,open,2026-09-30 18:00:39.948245+00:00,2026-10-04 08:00:00+00:00,0.00981608484763445,0.3464,84076.37,0.056910817263843214,BTC,True
,,,BTC-4OCT26-89000-P,0.057,0.062,0.0,0.05927332,0.0,1790791239365,84037.31,,0.0,34.64,84076.09,BTC-4OCT26,BTC,BTC,0.0,0.0595,1791100800000,put,89000.0,True,open,2026-09-30 18:00:39.948245+00:00,2026-10-04 08:00:00+00:00,0.00981608484763445,0.3464,84076.09,0.056914147574919305,BTC,True
0.0002,0.0002,0.0002,BTC-4OCT26-90000-C,0.0003,0.0005,0.1,0.0004049,0.0,1790791239365,84037.31,0.0,0.1,36.09,84076.37,BTC-4OCT26,BTC,BTC,1.67,0.0004,1791100800000,call,90000.0,True,open,2026-09-30 18:00:39.948245+00:00,2026-10-04 08:00:00+00:00,0.00981608484763445,0.36090000000000005,84076.37,0.06808411786196851,BTC,True
,,,BTC-4OCT26-90000-P,0.0685,0.074,0.0,0.07085732,0.0,1790791239364,84037.31,,0.0,36.09,84076.09,BTC-4OCT26,BTC,BTC,0.0,0.07125,1791100800000,put,90000.0,True,open,2026-09-30 18:00:39.948245+00:00,2026-10-04 08:00:00+00:00,0.00981608484763445,0.36090000000000005,84076.09,0.06808744817304449,BTC,True
,,,BTC-4OCT26-91000-C,0.0002,0.0003,0.0,0.00028058,0.0,1790791239355,84037.31,,0.0,38.61,84076.09,BTC-4OCT26,BTC,BTC,0.0,0.00025,1791100800000,call,91000.0,True,open,2026-09-30 18:00:39.948245+00:00,2026-10-04 08:00:00+00:00,0.00981608484763445,0.3861,84076.09,0.07913728435962944,BTC,True
,,,BTC-4OCT26-91000-P,0.0805,0.0855,0.0,0.08262692,0.0,1790791239365,84037.31,,0.0,38.61,84076.09,BTC-4OCT26,BTC,BTC,0.0,0.083,1791100800000,put,91000.0,True,open,2026-09-30 18:00:39.948245+00:00,2026-10-04 08:00:00+00:00,0.00981608484763445,0.3861,84076.09,0.07913728435962944,BTC,True
0.0001,0.0001,0.0001,BTC-4OCT26-92000-C,0.0001,0.0002,0.6,0.00017554,0.0,1790791239354,84037.31,0.0,0.6,40.35,84076.09,BTC-4OCT26,BTC,BTC,5.02,0.00015,1791100800000,call,92000.0,True,open,2026-09-30 18:00:39.948245+00:00,2026-10-04 08:00:00+00:00,0.00981608484763445,0.4035,84076.09,0.09006635489181987,BTC,True
,,,BTC-4OCT26-92000-P,0.092,0.0975,0.0,0.0944158,0.0,1790791239356,84037.31,,0.0,40.35,84076.37,BTC-4OCT26,BTC,BTC,0.0,0.09475,1791100800000,put,92000.0,True,open,2026-09-30 18:00:39.948245+00:00,2026-10-04 08:00:00+00:00,0.00981608484763445,0.4035,84076.37,0.09006302458074371,BTC,True
,,,BTC-4OCT26-93000-C,0.0001,0.0002,0.0,9.359e-05,0.0,1790791239365,84037.31,,0.0,41.18,84076.37,BTC-4OCT26,BTC,BTC,0.0,0.00015,1791100800000,call,93000.0,True,open,2026-09-30 18:00:39.948245+00:00,2026-10-04 08:00:00+00:00,0.00981608484763445,0.4118,84076.37,0.1008739406849594,BTC,True
,,,BTC-4OCT26-93000-P,0.104,0.1095,0.0,0.1062322,0.0,1790791239367,84037.31,,0.0,41.18,84076.09,BTC-4OCT26,BTC,BTC,0.0,0.10675,1791100800000,put,93000.0,True,open,2026-09-30 18:00:39.948245+00:00,2026-10-04 08:00:00+00:00,0.00981608484763445,0.4118,84076.09,0.10087727099603547,BTC,True
,,,BTC-4OCT26-94000-C,,0.0002,0.0,5.73e-05,0.0,1790791239365,84037.31,,0.0,42.64,84076.37,BTC-4OCT26,BTC,BTC,0.0,,1791100800000,call,94000.0,True,open,2026-09-30 18:00:39.948245+00:00,2026-10-04 08:00:00+00:00,0.00981608484763445,0.4264,84076.37,0.11156922980170744,BTC,True
,,,BTC-4OCT26-94000-P,0.116,0.121,0.0,0.11808538,0.0,1790791239354,84037.31,,0.0,42.64,84076.09,BTC-4OCT26,BTC,BTC,0.0,0.1185,1791100800000,put,94000.0,True,open,2026-09-30 18:00:39.948245+00:00,2026-10-04 08:00:00+00:00,0.00981608484763445,0.4264,84076.09,0.1115725601127834,BTC,True
,,,BTC-4OCT26-95000-C,,0.0002,0.0,4.097e-05,0.0,1790791239354,84037.31,,0.0,44.68,84076.09,BTC-4OCT26,BTC,BTC,0.0,,1791100800000,call,95000.0,True,open,2026-09-30 18:00:39.948245+00:00,2026-10-04 08:00:00+00:00,0.00981608484763445,0.4468,84076.09,0.12215466944332029,BTC,True
,,,BTC-4OCT26-95000-P,0.1275,0.133,0.0,0.12996297,0.0,1790791239354,84037.31,,0.0,44.68,84076.09,BTC-4OCT26,BTC,BTC,0.0,0.13025,1791100800000,put,95000.0,True,open,2026-09-30 18:00:39.948245+00:00,2026-10-04 08:00:00+00:00,0.00981608484763445,0.4468,84076.09,0.12215466944332029,BTC,True
,,0.23,BTC-9OCT26-65000-C,0.226,0.229,0.7,0.22758533,0.0,1790791239364,84037.31,,0.0,67.12,84132.3,BTC-9OCT26,BTC,BTC,0.0,0.2275,1791532800000,call,65000.0,True,open,2026-09-30 18:00:39.948245+00:00,2026-10-09 08:00:00+00:00,0.023514714984620752,0.6712,84132.3,-0.25800328993596827,BTC,True
0.0003,0.0001,0.0003,BTC-9OCT26-65000-P,0.0001,0.0002,240.9,0.00017738,0.0,1790791239357,84037.31,200.0,10.6,67.12,84132.52,BTC-9OCT26,BTC,BTC,163.26,0.00015,1791532800000,put,65000.0,True,open,2026-09-30 18:00:39.948245+00:00,2026-10-09 08:00:00+00:00,0.023514714984620752,0.6712,84132.52,-0.258005904861655,BTC,True
0.1885,0.188,0.1885,BTC-9OCT26-68000-C,0.1905,0.1935,1.9,0.19199159,0.0,1790791239365,84037.31,0.266,1.0,58.62,84132.3,BTC-9OCT26,BTC,BTC,15749.96,0.192,1791532800000,call,68000.0,True,open,2026-09-30 18:00:39.948245+00:00,2026-10-09 08:00:00+00:00,0.023514714984620752,0.5861999999999999,84132.3,-0.21288285465549858,BTC,True
0.0003,0.0002,0.0003,BTC-9OCT26-68000-P,0.0002,0.0003,756.7,0.00024173,0.0,1790791239354,84037.31,50.0,48.0,58.62,84132.3,BTC-9OCT26,BTC,BTC,1057.68,0.00025,1791532800000,put,68000.0,True,open,2026-09-30 18:00:39.948245+00:00,2026-10-09 08:00:00+00:00,0.023514714984620752,0.5861999999999999,84132.3,-0.21288285465549858,BTC,True
,,0.1585,BTC-9OCT26-70000-C,0.1665,0.17,0.0,0.16840623,0.0,1790791239364,84037.31,,0.0,55.59,84132.52,BTC-9OCT26,BTC,BTC,0.0,0.16825,1791532800000,call,70000.0,True,open,2026-09-30 18:00:39.948245+00:00,2026-10-09 08:00:00+00:00,0.023514714984620752,0.5559000000000001,84132.52,-0.1838979327079332,BTC,True
0.0005,0.0003,0.0005,BTC-9OCT26-70000-P,0.0004,0.0005,128.8,0.00042843,0.0,1790791239354,84037.31,25.0,2.1,55.59,84132.52,BTC-9OCT26,BTC,BTC,72.47,0.00045,1791532800000,put,70000.0,True,open,2026-09-30 18:00:39.948245+00:00,2026-10-09 08:00:00+00:00,0.023514714984620752,0.5559000000000001,84132.52,-0.1838979327079332,BTC,True
,,,BTC-9OCT26-72000-C,0.143,0.1465,0.0,0.14478868,0.0,1790791239357,84037.31,,0.0,50.4,84132.52,BTC-9OCT26,BTC,BTC,0.0,0.14475,1791532800000,call,72000.0,True,open,2026-09-30 18:00:39.948245+00:00,2026-10-09 08:00:00+00:00,0.023514714984620752,0.504,84132.52,-0.15572705574123677,BTC,True
0.0005,0.0005,0.0005,BTC-9OCT26-72000-P,0.0005,0.0007,97.7,0.00058295,0.0,1790791239355,84037.31,0.0,1.0,50.4,84132.3,BTC-9OCT26,BTC,BTC,41.87,0.0006,1791532800000,put,72000.0,True,open,2026-09-30 18:00:39.948245+00:00,2026-10-09 08:00:00+00:00,0.023514714984620752,0.504,84132.3,-0.1557244408155501,BTC,True
,,0.144,BTC-9OCT26-73000-C,0.1315,0.135,0.2,0.13300142,0.0,1790791239357,84037.31,,0.0,47.75,84132.52,BTC-9OCT26,BTC,BTC,0.0,0.13325,1791532800000,call,73000.0,True,open,2026-09-30 18:00:39.948245+00:00,2026-10-09 08:00:00+00:00,0.023514714984620752,0.4775,84132.52,-0.14193373360890096,BTC,True
,,0.0007,BTC-9OCT26-73000-P,0.0006,0.0008,200.6,0.00068172,0.0,1790791239357,84037.31,,0.0,47.75,84132.52,BTC-9OCT26,BTC,BTC,0.0,0.0007,1791532800000,put,73000.0,True,open,2026-09-30 18:00:39.948245+00:00,2026-10-09 08:00:00+00:00,0.023514714984620752,0.4775,84132.52,-0.14193373360890096,BTC,True
0.135,0.135,0.135,BTC-9OCT26-74000-C,0.1195,0.123,1.1,0.12129174,0.0,1790791239355,84037.31,0.0,0.2,45.62,84132.3,BTC-9OCT26,BTC,BTC,2305.25,0.12125,1791532800000,call,74000.0,True,open,2026-09-30 18:00:39.948245+00:00,2026-10-09 08:00:00+00:00,0.023514714984620752,0.4562,84132.3,-0.12832546662743563,BTC,True
0.0008,0.0008,0.0008,BTC-9OCT26-74000-P,0.0007,0.001,513.5,0.00085807,0.0,1790791239357,84037.31,0.0,0.5,45.62,84132.3,BTC-9OCT26,BTC,BTC,33.36,0.00085,1791532800000,put,74000.0,True,open,2026-09-30 18:00:39.948245+00:00,2026-10-09 08:00:00+00:00,0.023514714984620752,0.4562,84132.3,-0.12832546662743563,BTC,True
,,0.106,BTC-9OCT26-75000-C,0.108,0.1115,0.2,0.10957674,0.0,1790791239356,84037.31,,0.0,43.03,84132.3,BTC-9OCT26,BTC,BTC,0.0,0.10975,1791532800000,call,75000.0,True,open,2026-09-30 18:00:39.948245+00:00,2026-10-09 08:00:00+00:00,0.023514714984620752,0.4303,84132.3,-0.11490244629529486,BTC,True
0.0013,0.0007,0.0007,BTC-9OCT26-75000-P,0.0009,0.0012,1184.3,0.0010291,0.0,1790791239365,84037.31,-46.1538,7.4,43.03,84132.52,BTC-9OCT26,BTC,BTC,529.92,0.00105,1791532800000,put,75000.0,True,open,2026-09-30 18:00:39.948245+00:00,2026-10-09 08:00:00+00:00,0.023514714984620752,0.4303,84132.52,-0.1149050612209817,BTC,True
,,0.1015,BTC-9OCT26-76000-C,0.096,0.1,50.1,0.09793831,0.0,1790791239366,84037.31,,0.0,40.63,84132.3,BTC-9OCT26,BTC,BTC,0.0,0.098,1791532800000,call,76000.0,True,open,2026-09-30 18:00:39.948245+00:00,2026-10-09 08:00:00+00:00,0.023514714984620752,0.40630000000000005,84132.3,-0.10165721954527428,BTC,True
0.0019,0.001,0.0012,BTC-9OCT26-76000-P,0.0012,0.0014,913.7,0.00127671,0.0,1790791239365,84037.31,-20.0,218.8,40.63,84132.3,BTC-9OCT26,BTC,BTC,26466.5,0.0013,1791532800000,put,76000.0,True,open,2026-09-30 18:00:39.948245+00:00,2026-10-09 08:00:00+00:00,0.023514714984620752,0.40630000000000005,84132.3,-0.10165721954527428,BTC,True
,,0.105,BTC-9OCT26-77000-C,0.0845,0.0885,57.9,0.0864091,0.0,1790791239357,84037.31,,0.0,38.4,84132.3,BTC-9OCT26,BTC,BTC,0.0,0.0865,1791532800000,call,77000.0,True,open,2026-09-30 18:00:39.948245+00:00,2026-10-09 08:00:00+00:00,0.023514714984620752,0.384,84132.3,-0.08858513797792145,BTC,True
0.0023,0.0012,0.0016,BTC-9OCT26-77000-P,0.0015,0.0018,183.1,0.00163344,0.0,1790791239367,84037.31,-27.2727,23.8,38.4,84132.24,BTC-9OCT26,BTC,BTC,3288.64,0.00165,1791532800000,put,77000.0,True,open,2026-09-30 18:00:39.948245+00:00,2026-10-09 08:00:00+00:00,0.023514714984620752,0.384,84132.24,-0.08858442481518387,BTC,True
0.0685,0.0685,0.0685,BTC-9OCT26-78000-C,0.0735,0.077,28.2,0.07509393,0.0,1790791239353,84037.31,0.0,0.1,36.55,84132.3,BTC-9OCT26,BTC,BTC,570.98,0.07525,1791532800000,call,78000.0,True,open,2026-09-30 18:00:39.948245+00:00,2026-10-09 08:00:00+00:00,0.023514714984620752,0.3655,84132.3,-0.07568173314201361,BTC,True
0.0032,0.0019,0.0021,BTC-9OCT26-78000-P,0.0021,0.0024,986.7,0.00220432,0.0,1790791239363,84037.31,-25.0,13.7,36.55,84132.24,BTC-9OCT26,BTC,BTC,2731.95,0.00225,1791532800000,put,78000.0,True,open,2026-09-30 18:00:39.948245+00:00,2026-10-09 08:00:00+00:00,0.023514714984620752,0.3655,84132.24,-0.07568101997927597,BTC,True
,,0.0665,BTC-9OCT26-79000-C,0.0625,0.066,14.4,0.06407321,0.0,1790791239364,84037.31,,0.0,34.95,84132.3,BTC-9OCT26,BTC,BTC,0.0,0.06425,1791532800000,call,79000.0,True,open,2026-09-30 18:00:39.948245+00:00,2026-10-09 08:00:00+00:00,0.023514714984620752,0.34950000000000003,84132.3,-0.0629427073645838,BTC,True
0.0045,0.0024,0.003,BTC-9OCT26-79000-P,0.0029,0.0033,373.9,0.00306944,0.0,1790791239357,84037.31,-25.0,13.0,34.95,84132.24,BTC-9OCT26,BTC,BTC,3570.73,0.0031,1791532800000,put,79000.0,True,open,2026-09-30 18:00:39.948245+00:00,2026-10-09 08:00:00+00:00,0.023514714984620752,0.34950000000000003,84132.24,-0.06294199420184618,BTC,True
,,0.0451,BTC-9OCT26-80000-C,0.052,0.0555,382.9,0.05354346,0.0,1790791239364,84037.31,,0.0,33.76,84132.3,BTC-9OCT26,BTC,BTC,0.0,0.05375,1791532800000,call,80000.0,True,open,2026-09-30 18:00:39.948245+00:00,2026-10-09 08:00:00+00:00,0.023514714984620752,0.33759999999999996,84132.3,-0.05036392515772373,BTC,True
0.007,0.0035,0.0046,BTC-9OCT26-80000-P,0.0043,0.0046,993.4,0.00442574,0.0,1790791239357,84037.31,-29.2308,329.9,33.76,84132.24,BTC-9OCT26,BTC,BTC,161476.59,0.00445,1791532800000,put,80000.0,True,open,2026-09-30 18:00:39.948245+00:00,2026-10-09 08:00:00+00:00,0.023514714984620752,0.33759999999999996,84132.24,-0.05036321199498605,BTC,True
,,0.0485,BTC-9OCT26-81000-C,0.0425,0.0445,100.3,0.04359906,0.0,1790791239354,84037.31,,0.0,32.68,84132.3,BTC-9OCT26,BTC,BTC,0.0,0.0435,1791532800000,call,81000.0,True,open,2026-09-30 18:00:39.948245+00:00,2026-10-09 08:00:00+00:00,0.023514714984620752,0.3268,84132.3,-0.03794140515916662,BTC,True
0.0098,0.0042,0.006,BTC-9OCT26-81000-P,0.006,0.007,478.4,0.00636761,0.0,1790791239367,84037.31,-36.8421,482.8,32.68,84132.52,BTC-9OCT26,BTC,BTC,324908.42,0.0065,1791532800000,put,81000.0,True,open,2026-09-30 18:00:39.948245+00:00,2026-10-09 08:00:00+00:00,0.023514714984620752,0.3268,84132.52,-0.03794402008485333,BTC,True
0.0335,0.0301,0.0335,BTC-9OCT26-82000-C,0.033,0.0355,314.7,0.03461093,0.0,1790791239353,84037.31,11.2957,2.6,32.05,84132.3,BTC-9OCT26,BTC,BTC,7265.41,0.03425,1791532800000,call,82000.0,True,open,2026-09-30 18:00:39.948245+00:00,2026-10-09 08:00:00+00:00,0.023514714984620752,0.32049999999999995,84132.3,-0.025671312567352212,BTC,True
0.015,0.007,0.0085,BTC-9OCT26-82000-P,0.009,0.0095,276.4,0.00926495,0.0,1790791239357,84037.31,-29.1667,11.9,32.05,84132.24,BTC-9OCT26,BTC,BTC,11548.74,0.00925,1791532800000,put,82000.0,True,open,2026-09-30 18:00:39.948245+00:00,2026-10-09 08:00:00+00:00,0.023514714984620752,0.32049999999999995,84132.24,-0.025670599404614622,BTC,True
0.0295,0.0265,0.0295,BTC-9OCT26-83000-C,0.026,0.0275,104.6,0.02664187,0.0,1790791239364,84037.31,11.3208,6.1,31.54,84132.3,BTC-9OCT26,BTC,BTC,13824.4,0.02675,1791532800000,call,83000.0,True,open,2026-09-30 18:00:39.948245+00:00,2026-10-09 08:00:00+00:00,0.023514714984620752,0.3154,84132.3,-0.013549952035007452,BTC,True
0.019,0.0085,0.0155,BTC-9OCT26-83000-P,0.013,0.0135,457.0,0.01318248,0.0,1790791239358,84037.31,-8.8235,28.7,31.54,84132.3,BTC-9OCT26,BTC,BTC,37095.49,0.01325,1791532800000,put,83000.0,True,open,2026-09-30 18:00:39.948245+00:00,2026-10-09 08:00:00+00:00,0.023514714984620752,0.3154,84132.3,-0.013549952035007452,BTC,True
0.0304,0.0153,0.0172,BTC-9OCT26-84000-C,0.0195,0.0205,405.4,0.01995578,0.0,1790791239364,84037.31,-7.027,202.6,31.34,84132.24,BTC-9OCT26,BTC,BTC,269550.12,0.02,1791532800000,call,84000.0,True,open,2026-09-30 18:00:39.948245+00:00,2026-10-09 08:00:00+00:00,0.023514714984620752,0.3134,84132.24,-0.0015730478255540775,BTC,True
0.026,0.0125,0.017,BTC-9OCT26-84000-P,0.018,0.019,108.9,0.01838064,0.0,1790791239364,84037.31,-26.087,17.8,31.34,84132.24,BTC-9OCT26,BTC,BTC,28144.4,0.0185,1791532800000,put,84000.0,True,open,2026-09-30 18:00:39.948245+00:00,2026-10-09 08:00:00+00:00,0.023514714984620752,0.3134,84132.24,-0.0015730478255540775,BTC,True
0.0214,0.0125,0.015,BTC-9OCT26-85000-C,0.014,0.015,523.7,0.01461817,0.0,1790791239367,84037.31,7.1429,137.7,31.45,84132.24,BTC-9OCT26,BTC,BTC,211648.97,0.0145,1791532800000,call,85000.0,True,open,2026-09-30 18:00:39.948245+00:00,2026-10-09 08:00:00+00:00,0.023514714984620752,0.3145,84132.24,0.010261409821448781,BTC,True
0.0205,0.017,0.0205,BTC-9OCT26-85000-P,0.0245,0.0255,629.2,0.02492904,0.0,1790791239357,84037.31,0.0,10.0,31.45,84132.24,BTC-9OCT26,BTC,BTC,16983.95,0.025,1791532800000,put,85000.0,True,open,2026-09-30 18:00:39.948245+00:00,2026-10-09 08:00:00+00:00,0.023514714984620752,0.3145,84132.24,0.010261409821448781,BTC,True
0.014,0.0081,0.0106,BTC-9OCT26-86000-C,0.01,0.011,872.1,0.01045581,0.0,1790791239354,84037.31,0.0,699.1,31.67,84132.24,BTC-9OCT26,BTC,BTC,577890.18,0.0105,1791532800000,call,86000.0,True,open,2026-09-30 18:00:39.948245+00:00,2026-10-09 08:00:00+00:00,0.023514714984620752,0.31670000000000004,84132.24,0.02195744958463997,BTC,True
,,0.039,BTC-9OCT26-86000-P,0.032,0.0345,237.6,0.03265386,0.0,1790791239357,84037.31,,0.0,31.67,84132.3,BTC-9OCT26,BTC,BTC,0.0,0.03325,1791532800000,put,86000.0,True,open,2026-09-30 18:00:39.948245+00:00,2026-10-09 08:00:00+00:00,0.023514714984620752,0.31670000000000004,84132.3,0.02195673642190232,BTC,True
0.0135,0.0055,0.0064,BTC-9OCT26-87000-C,0.007,0.008,792.8,0.00743281,0.0,1790791239358,84037.31,-14.6667,311.4,32.2,84132.3,BTC-9OCT26,BTC,BTC,200260.99,0.0075,1791532800000,call,87000.0,True,open,2026-09-30 18:00:39.948245+00:00,2026-10-09 08:00:00+00:00,0.023514714984620752,0.322,84132.3,0.03351755882297836,BTC,True
0.035,0.035,0.035,BTC-9OCT26-87000-P,0.04,0.0435,102.4,0.04151755,0.0,1790791239365,84037.31,0.0,0.7,32.2,84132.3,BTC-9OCT26,BTC,BTC,2077.98,0.04175,1791532800000,put,87000.0,True,open,2026-09-30 18:00:39.948245+00:00,2026-10-09 08:00:00+00:00,0.023514714984620752,0.322,84132.3,0.03351755882297836,BTC,True
0.0096,0.0042,0.0045,BTC-9OCT26-88000-C,0.005,0.0055,586.7,0.00527235,0.0,1790791239355,84037.31,-10.0,148.8,32.91,84132.3,BTC-9OCT26,BTC,BTC,105433.7,0.00525,1791532800000,call,88000.0,True,open,2026-09-30 18:00:39.948245+00:00,2026-10-09 08:00:00+00:00,0.023514714984620752,0.32909999999999995,84132.3,0.04494625464660118,BTC,True
,,0.0615,BTC-9OCT26-88000-P,0.0495,0.053,4.6,0.05124287,0.0,1790791239364,84037.31,,0.0,32.91,84132.52,BTC-9OCT26,BTC,BTC,0.0,0.05125,1791532800000,put,88000.0,True,open,2026-09-30 18:00:39.948245+00:00,2026-10-09 08:00:00+00:00,0.023514714984620752,0.32909999999999995,84132.52,0.04494363972091429,BTC,True
0.0065,0.0031,0.0031,BTC-9OCT26-89000-C,0.0034,0.0038,217.1,0.00367611,0.0,1790791239354,84037.31,-13.8889,6.2,33.54,84132.24,BTC-9OCT26,BTC,BTC,2136.94,0.0036,1791532800000,call,89000.0,True,open,2026-09-30 18:00:39.948245+00:00,2026-10-09 08:00:00+00:00,0.023514714984620752,0.3354,84132.24,0.05624652306327224,BTC,True
,,0.0535,BTC-9OCT26-89000-P,0.0595,0.0635,1.0,0.06153282,0.0,1790791239356,84037.31,,0.0,33.54,84132.52,BTC-9OCT26,BTC,BTC,0.0,0.0615,1791532800000,put,89000.0,True,open,2026-09-30 18:00:39.948245+00:00,2026-10-09 08:00:00+00:00,0.023514714984620752,0.3354,84132.52,0.056243194974847636,BTC,True
0.0055,0.0019,0.0024,BTC-9OCT26-90000-C,0.0024,0.0028,1527.5,0.00258645,0.0,1790791239354,84037.31,-11.1111,208.8,34.35,84132.3,BTC-9OCT26,BTC,BTC,44502.59,0.0026,1791532800000,call,90000.0,True,open,2026-09-30 18:00:39.948245+00:00,2026-10-09 08:00:00+00:00,0.023514714984620752,0.3435,84132.3,0.06741911049865967,BTC,True
,,0.0732,BTC-9OCT26-90000-P,0.0705,0.0745,0.3,0.07232908,0.0,1790791239355,84037.31,,0.0,34.35,84132.3,BTC-9OCT26,BTC,BTC,0.0,0.0725,1791532800000,put,90000.0,True,open,2026-09-30 18:00:39.948245+00:00,2026-10-09 08:00:00+00:00,0.023514714984620752,0.3435,84132.3,0.06741911049865967,BTC,True
0.0027,0.0012,0.0019,BTC-9OCT26-92000-C,0.0012,0.0015,812.7,0.00137026,0.0,1790791239354,84037.31,35.7143,6.6,36.51,84132.52,BTC-9OCT26,BTC,BTC,1169.94,0.00135,1791532800000,call,92000.0,True,open,2026-09-30 18:00:39.948245+00:00,2026-10-09 08:00:00+00:00,0.023514714984620752,0.3651,84132.52,0.08939540229174807,BTC,True
,,,BTC-9OCT26-92000-P,0.093,0.097,0.0,0.09488516,0.0,1790791239354,84037.31,,0.0,36.51,84132.3,BTC-9OCT26,BTC,BTC,0.0,0.095,1791532800000,put,92000.0,True,open,2026-09-30 18:00:39.948245+00:00,2026-10-09 08:00:00+00:00,0.023514714984620752,0.3651,84132.3,0.08939801721743504,BTC,True
0.0011,0.0007,0.0011,BTC-9OCT26-94000-C,0.0007,0.0008,278.1,0.0007461,0.0,1790791239357,84037.31,57.1429,5.4,38.65,84132.3,BTC-9OCT26,BTC,BTC,353.08,0.00075,1791532800000,call,94000.0,True,open,2026-09-30 18:00:39.948245+00:00,2026-10-09 08:00:00+00:00,0.023514714984620752,0.3865,84132.3,0.11090422243839852,BTC,True
,,,BTC-9OCT26-94000-P,0.116,0.1205,0.0,0.11803306,0.0,1790791239355,84037.31,,0.0,38.65,84132.3,BTC-9OCT26,BTC,BTC,0.0,0.11825,1791532800000,put,94000.0,True,open,2026-09-30 18:00:39.948245+00:00,2026-10-09 08:00:00+00:00,0.023514714984620752,0.3865,84132.3,0.11090422243839852,BTC,True
0.0009,0.0005,0.0007,BTC-9OCT26-95000-C,0.0005,0.0007,1062.6,0.00058312,0.0,1790791239357,84037.31,40.0,14.7,40.01,84132.3,BTC-9OCT26,BTC,BTC,653.47,0.0006,1791532800000,call,95000.0,True,open,2026-09-30 18:00:39.948245+00:00,2026-10-09 08:00:00+00:00,0.023514714984620752,0.40009999999999996,84132.3,0.12148633176893552,BTC,True
,,0.137,BTC-9OCT26-95000-P,0.1275,0.132,0.6,0.12975611,0.0,1790791239354,84037.31,,0.0,40.01,84132.3,BTC-9OCT26,BTC,BTC,0.0,0.12975,1791532800000,put,95000.0,True,open,2026-09-30 18:00:39.948245+00:00,2026-10-09 08:00:00+00:00,0.023514714984620752,0.40009999999999996,84132.3,0.12148633176893552,BTC,True
0.0003,0.0001,0.0002,BTC-9OCT26-100000-C,0.0002,0.0003,243.6,0.00023879,0.0,1790791239354,84037.31,100.0,124.8,47.6,84132.3,BTC-9OCT26,BTC,BTC,1576.07,0.00025,1791532800000,call,100000.0,True,open,2026-09-30 18:00:39.948245+00:00,2026-10-09 08:00:00+00:00,0.023514714984620752,0.47600000000000003,84132.3,0.17277962615648612,BTC,True
,,0.1805,BTC-9OCT26-100000-P,0.1865,0.1915,3.8,0.18884194,0.0,1790791239354,84037.31,,0.0,47.6,84132.3,BTC-9OCT26,BTC,BTC,0.0,0.189,1791532800000,put,100000.0,True,open,2026-09-30 18:00:39.948245+00:00,2026-10-09 08:00:00+00:00,0.023514714984620752,0.47600000000000003,84132.3,0.17277962615648612,BTC,True
,,,BTC-16OCT26-70000-C,0.168,0.1715,0.0,0.17000179,0.0,1790791239356,84037.31,,0.0,48.26,84222.8,BTC-16OCT26,BTC,BTC,0.0,0.16975,1792137600000,call,70000.0,True,open,2026-09-30 18:00:39.948245+00:00,2026-10-16 08:00:00+00:00,0.04269279717640157,0.4826,84222.8,-0.18497042639157393,BTC,True
0.0011,0.0009,0.0009,BTC-16OCT26-70000-P,0.001,0.0013,56.8,0.00112769,0.0,1790791239365,84037.31,-18.1818,9.0,48.26,84222.49,BTC-16OCT26,BTC,BTC,705.07,0.00115,1792137600000,put,70000.0,True,open,2026-09-30 18:00:39.948245+00:00,2026-10-16 08:00:00+00:00,0.04269279717640157,0.4826,84222.49,-0.18496674567126414,BTC,True
,,,BTC-16OCT26-75000-C,0.1105,0.114,0.0,0.1121268,0.0,1790791239357,84037.31,,0.0,39.23,84222.8,BTC-16OCT26,BTC,BTC,0.0,0.11225,1792137600000,call,75000.0,True,open,2026-09-30 18:00:39.948245+00:00,2026-10-16 08:00:00+00:00,0.04269279717640157,0.3923,84222.8,-0.11597755490462239,BTC,True
0.0029,0.0027,0.0027,BTC-16OCT26-75000-P,0.0025,0.0028,70.7,0.00261884,0.0,1790791239367,84037.31,-3.5714,0.7,39.23,84222.49,BTC-16OCT26,BTC,BTC,162.73,0.00265,1792137600000,put,75000.0,True,open,2026-09-30 18:00:39.948245+00:00,2026-10-16 08:00:00+00:00,0.04269279717640157,0.3923,84222.49,-0.11597387418431267,BTC,True
,,,BTC-16OCT26-76000-C,0.099,0.103,0.0,0.1009023,0.0,1790791239355,84037.31,,0.0,37.8,84222.8,BTC-16OCT26,BTC,BTC,0.0,0.101,1792137600000,call,76000.0,True,open,2026-09-30 18:00:39.948245+00:00,2026-10-16 08:00:00+00:00,0.04269279717640157,0.37799999999999995,84222.8,-0.1027323281546018,BTC,True
0.0036,0.0033,0.0033,BTC-16OCT26-76000-P,0.0031,0.0035,592.6,0.00326757,0.0,1790791239354,84037.31,-8.3333,1.2,37.8,84222.8,BTC-16OCT26,BTC,BTC,336.68,0.0033,1792137600000,put,76000.0,True,open,2026-09-30 18:00:39.948245+00:00,2026-10-16 08:00:00+00:00,0.04269279717640157,0.37799999999999995,84222.8,-0.1027323281546018,BTC,True
,,,BTC-16OCT26-78000-C,0.0775,0.081,0.0,0.07928775,0.0,1790791239354,84037.31,,0.0,35.55,84222.8,BTC-16OCT26,BTC,BTC,0.0,0.07925,1792137600000,call,78000.0,True,open,2026-09-30 18:00:39.948245+00:00,2026-10-16 08:00:00+00:00,0.04269279717640157,0.3555,84222.8,-0.07675684175134113,BTC,True
0.0065,0.0047,0.0055,BTC-16OCT26-78000-P,0.005,0.006,559.2,0.00540029,0.0,1790791239363,84037.31,-8.3333,15.1,35.55,84222.49,BTC-16OCT26,BTC,BTC,7413.66,0.0055,1792137600000,put,78000.0,True,open,2026-09-30 18:00:39.948245+00:00,2026-10-16 08:00:00+00:00,0.04269279717640157,0.3555,84222.49,-0.0767531610310313,BTC,True
,,0.0755,BTC-16OCT26-79000-C,0.0675,0.071,8.6,0.0689941,0.0,1790791239357,84037.31,,0.0,34.55,84222.8,BTC-16OCT26,BTC,BTC,0.0,0.06925,1792137600000,call,79000.0,True,open,2026-09-30 18:00:39.948245+00:00,2026-10-16 08:00:00+00:00,0.04269279717640157,0.3455,84222.8,-0.06401781597391143,BTC,True
0.009,0.005,0.005,BTC-16OCT26-79000-P,0.0065,0.0075,161.5,0.00697905,0.0,1790791239355,84037.31,-38.2716,11.0,34.55,84222.49,BTC-16OCT26,BTC,BTC,6231.93,0.007,1792137600000,put,79000.0,True,open,2026-09-30 18:00:39.948245+00:00,2026-10-16 08:00:00+00:00,0.04269279717640157,0.3455,84222.49,-0.06401413525360151,BTC,True
,,0.062,BTC-16OCT26-80000-C,0.0575,0.0605,9.5,0.05944465,0.0,1790791239364,84037.31,,0.0,34.08,84222.8,BTC-16OCT26,BTC,BTC,0.0,0.059,1792137600000,call,80000.0,True,open,2026-09-30 18:00:39.948245+00:00,2026-10-16 08:00:00+00:00,0.04269279717640157,0.3408,84222.8,-0.05143903376705124,BTC,True
0.012,0.0075,0.0095,BTC-16OCT26-80000-P,0.009,0.0095,84.7,0.00930282,0.0,1790791239357,84037.31,-20.8333,8.7,34.08,84222.8,BTC-16OCT26,BTC,BTC,6183.75,0.00925,1792137600000,put,80000.0,True,open,2026-09-30 18:00:39.948245+00:00,2026-10-16 08:00:00+00:00,0.04269279717640157,0.3408,84222.8,-0.05143903376705124,BTC,True
0.0485,0.0425,0.0485,BTC-16OCT26-81000-C,0.049,0.0515,8.9,0.05044776,0.0,1790791239357,84037.31,14.1176,8.3,33.56,84222.8,BTC-16OCT26,BTC,BTC,29787.85,0.05025,1792137600000,call,81000.0,True,open,2026-09-30 18:00:39.948245+00:00,2026-10-16 08:00:00+00:00,0.04269279717640157,0.3356,84222.8,-0.03901651376849414,BTC,True
0.0155,0.011,0.0115,BTC-16OCT26-81000-P,0.012,0.0125,61.2,0.01217916,0.0,1790791239365,84037.31,-23.3333,57.8,33.56,84222.8,BTC-16OCT26,BTC,BTC,55177.78,0.01225,1792137600000,put,81000.0,True,open,2026-09-30 18:00:39.948245+00:00,2026-10-16 08:00:00+00:00,0.04269279717640157,0.3356,84222.8,-0.03901651376849414,BTC,True
,,0.038,BTC-16OCT26-82000-C,0.0415,0.043,17.9,0.04224489,0.0,1790791239354,84037.31,,0.0,33.23,84222.49,BTC-16OCT26,BTC,BTC,0.0,0.04225,1792137600000,call,82000.0,True,open,2026-09-30 18:00:39.948245+00:00,2026-10-16 08:00:00+00:00,0.04269279717640157,0.3323,84222.49,-0.026742740456369943,BTC,True
0.014,0.0125,0.0125,BTC-16OCT26-82000-P,0.0155,0.016,69.4,0.01584952,0.0,1790791239354,84037.31,-10.7143,11.9,33.23,84222.49,BTC-16OCT26,BTC,BTC,13564.97,0.01575,1792137600000,put,82000.0,True,open,2026-09-30 18:00:39.948245+00:00,2026-10-16 08:00:00+00:00,0.04269279717640157,0.3323,84222.49,-0.026742740456369943,BTC,True
0.0335,0.0335,0.0335,BTC-16OCT26-83000-C,0.0345,0.0355,27.4,0.03491052,0.0,1790791239355,84037.31,0.0,0.1,33.04,84222.49,BTC-16OCT26,BTC,BTC,280.34,0.035,1792137600000,call,83000.0,True,open,2026-09-30 18:00:39.948245+00:00,2026-10-16 08:00:00+00:00,0.04269279717640157,0.33039999999999997,84222.49,-0.014621379924025108,BTC,True
0.024,0.0155,0.0205,BTC-16OCT26-83000-P,0.02,0.021,447.8,0.02038838,0.0,1790791239364,84037.31,-8.8889,41.6,33.04,84222.8,BTC-16OCT26,BTC,BTC,69922.36,0.0205,1792137600000,put,83000.0,True,open,2026-09-30 18:00:39.948245+00:00,2026-10-16 08:00:00+00:00,0.04269279717640157,0.33039999999999997,84222.8,-0.014625060644334964,BTC,True
0.0255,0.0235,0.0235,BTC-16OCT26-84000-C,0.028,0.029,17.6,0.0284232,0.0,1790791239364,84037.31,-7.8431,2.1,32.9,84222.8,BTC-16OCT26,BTC,BTC,4111.38,0.0285,1792137600000,call,84000.0,True,open,2026-09-30 18:00:39.948245+00:00,2026-10-16 08:00:00+00:00,0.04269279717640157,0.32899999999999996,84222.8,-0.0026488695976192083,BTC,True
0.031,0.0195,0.0255,BTC-16OCT26-84000-P,0.0255,0.026,81.8,0.02577428,0.0,1790791239365,84037.31,-17.7419,35.9,32.9,84222.8,BTC-16OCT26,BTC,BTC,78793.07,0.02575,1792137600000,put,84000.0,True,open,2026-09-30 18:00:39.948245+00:00,2026-10-16 08:00:00+00:00,0.04269279717640157,0.32899999999999996,84222.8,-0.0026488695976192083,BTC,True
0.0285,0.0205,0.0225,BTC-16OCT26-85000-C,0.0225,0.0235,66.4,0.02291573,0.0,1790791239355,84037.31,2.2727,35.3,32.95,84222.49,BTC-16OCT26,BTC,BTC,66464.78,0.023,1792137600000,call,85000.0,True,open,2026-09-30 18:00:39.948245+00:00,2026-10-16 08:00:00+00:00,0.04269279717640157,0.3295,84222.49,0.009189268769693358,BTC,True
0.0285,0.025,0.025,BTC-16OCT26-85000-P,0.0315,0.033,7.1,0.03214004,0.0,1790791239364,84037.31,-10.7143,12.4,32.95,84222.49,BTC-16OCT26,BTC,BTC,28234.27,0.03225,1792137600000,put,85000.0,True,open,2026-09-30 18:00:39.948245+00:00,2026-10-16 08:00:00+00:00,0.04269279717640157,0.3295,84222.49,0.009189268769693358,BTC,True
0.0255,0.015,0.017,BTC-16OCT26-86000-C,0.018,0.0185,164.6,0.01826278,0.0,1790791239357,84037.31,13.3333,72.3,33.06,84222.8,BTC-16OCT26,BTC,BTC,109121.76,0.01825,1792137600000,call,86000.0,True,open,2026-09-30 18:00:39.948245+00:00,2026-10-16 08:00:00+00:00,0.04269279717640157,0.3306,84222.8,0.02088162781257492,BTC,True
0.034,0.034,0.034,BTC-16OCT26-86000-P,0.0385,0.04,13.8,0.03936314,0.0,1790791239356,84037.31,0.0,13.8,33.06,84222.49,BTC-16OCT26,BTC,BTC,39871.33,0.03925,1792137600000,put,86000.0,True,open,2026-09-30 18:00:39.948245+00:00,2026-10-16 08:00:00+00:00,0.04269279717640157,0.3306,84222.49,0.02088530853288466,BTC,True
0.0195,0.011,0.014,BTC-16OCT26-87000-C,0.014,0.015,284.6,0.01437184,0.0,1790791239366,84037.31,7.6923,247.2,33.19,84222.8,BTC-16OCT26,BTC,BTC,351762.45,0.0145,1792137600000,call,87000.0,True,open,2026-09-30 18:00:39.948245+00:00,2026-10-16 08:00:00+00:00,0.04269279717640157,0.3319,84222.8,0.032442450213650754,BTC,True
,,0.0455,BTC-16OCT26-87000-P,0.0465,0.0485,16.7,0.0473426,0.0,1790791239364,84037.31,,0.0,33.19,84222.8,BTC-16OCT26,BTC,BTC,0.0,0.0475,1792137600000,put,87000.0,True,open,2026-09-30 18:00:39.948245+00:00,2026-10-16 08:00:00+00:00,0.04269279717640157,0.3319,84222.8,0.032442450213650754,BTC,True
0.0155,0.009,0.0115,BTC-16OCT26-88000-C,0.011,0.0115,65.4,0.01120084,0.0,1790791239365,84037.31,9.5238,19.6,33.37,84222.49,BTC-16OCT26,BTC,BTC,22346.88,0.01125,1792137600000,call,88000.0,True,open,2026-09-30 18:00:39.948245+00:00,2026-10-16 08:00:00+00:00,0.04269279717640157,0.3337,84222.49,0.04387482675758344,BTC,True
0.0445,0.0445,0.0445,BTC-16OCT26-88000-P,0.055,0.0575,0.2,0.05604484,0.0,1790791239367,84037.31,0.0,0.2,33.37,84222.49,BTC-16OCT26,BTC,BTC,760.29,0.05625,1792137600000,put,88000.0,True,open,2026-09-30 18:00:39.948245+00:00,2026-10-16 08:00:00+00:00,0.04269279717640157,0.3337,84222.49,0.04387482675758344,BTC,True
0.013,0.007,0.009,BTC-16OCT26-89000-C,0.0085,0.009,363.2,0.00871385,0.0,1790791239364,84037.31,5.8824,75.7,33.69,84222.8,BTC-16OCT26,BTC,BTC,57015.4,0.00875,1792137600000,call,89000.0,True,open,2026-09-30 18:00:39.948245+00:00,2026-10-16 08:00:00+00:00,0.04269279717640157,0.3369,84222.8,0.05517070129120699,BTC,True
,,0.0675,BTC-16OCT26-89000-P,0.0635,0.067,6.6,0.06543107,0.0,1790791239354,84037.31,,0.0,33.69,84222.8,BTC-16OCT26,BTC,BTC,0.0,0.06525,1792137600000,put,89000.0,True,open,2026-09-30 18:00:39.948245+00:00,2026-10-16 08:00:00+00:00,0.04269279717640157,0.3369,84222.8,0.05517070129120699,BTC,True
0.01,0.0055,0.0075,BTC-16OCT26-90000-C,0.0065,0.007,317.5,0.00679544,0.0,1790791239367,84037.31,25.0,69.5,34.14,84222.49,BTC-16OCT26,BTC,BTC,46647.55,0.00675,1792137600000,call,90000.0,True,open,2026-09-30 18:00:39.948245+00:00,2026-10-16 08:00:00+00:00,0.04269279717640157,0.3414,84222.49,0.06634768260964208,BTC,True
0.0713,0.0713,0.0713,BTC-16OCT26-90000-P,0.0735,0.0775,0.1,0.07538589,0.0,1790791239365,84037.31,0.0,0.1,34.14,84222.49,BTC-16OCT26,BTC,BTC,600.86,0.0755,1792137600000,put,90000.0,True,open,2026-09-30 18:00:39.948245+00:00,2026-10-16 08:00:00+00:00,0.04269279717640157,0.3414,84222.49,0.06634768260964208,BTC,True
0.006,0.0039,0.006,BTC-16OCT26-92000-C,0.0039,0.0043,32.3,0.00408593,0.0,1790791239355,84037.31,50.0,7.8,35.07,84222.49,BTC-16OCT26,BTC,BTC,3589.61,0.0041,1792137600000,call,92000.0,True,open,2026-09-30 18:00:39.948245+00:00,2026-10-16 08:00:00+00:00,0.04269279717640157,0.3507,84222.49,0.08832658932841717,BTC,True
,,0.093,BTC-16OCT26-92000-P,0.0945,0.0985,0.1,0.09642283,0.0,1790791239356,84037.31,,0.0,35.07,84222.8,BTC-16OCT26,BTC,BTC,0.0,0.0965,1792137600000,put,92000.0,True,open,2026-09-30 18:00:39.948245+00:00,2026-10-16 08:00:00+00:00,0.04269279717640157,0.3507,84222.8,0.08832290860810743,BTC,True
0.0025,0.0021,0.0021,BTC-16OCT26-94000-C,0.0023,0.0027,1.1,0.00252995,0.0,1790791239357,84037.31,-16.0,0.7,36.34,84222.8,BTC-16OCT26,BTC,BTC,136.17,0.0025,1792137600000,call,94000.0,True,open,2026-09-30 18:00:39.948245+00:00,2026-10-16 08:00:00+00:00,0.04269279717640157,0.36340000000000006,84222.8,0.10982911382907093,BTC,True
,,,BTC-16OCT26-94000-P,0.1165,0.121,0.0,0.1186133,0.0,1790791239355,84037.31,,0.0,36.34,84222.8,BTC-16OCT26,BTC,BTC,0.0,0.11875,1792137600000,put,94000.0,True,open,2026-09-30 18:00:39.948245+00:00,2026-10-16 08:00:00+00:00,0.04269279717640157,0.36340000000000006,84222.8,0.10982911382907093,BTC,True
0.0025,0.0017,0.0025,BTC-16OCT26-95000-C,0.0018,0.0022,129.1,0.0019944,0.0,1790791239357,84037.31,31.5789,26.7,36.98,84222.8,BTC-16OCT26,BTC,BTC,4456.54,0.002,1792137600000,call,95000.0,True,open,2026-09-30 18:00:39.948245+00:00,2026-10-16 08:00:00+00:00,0.04269279717640157,0.36979999999999996,84222.8,0.12041122315960792,BTC,True
,,,BTC-16OCT26-95000-P,0.128,0.1325,0.0,0.12995098,0.0,1790791239354,84037.31,,0.0,36.98,84222.49,BTC-16OCT26,BTC,BTC,0.0,0.13025,1792137600000,put,95000.0,True,open,2026-09-30 18:00:39.948245+00:00,2026-10-16 08:00:00+00:00,0.04269279717640157,0.36979999999999996,84222.49,0.12041490387991775,BTC,True
0.0009,0.0007,0.0009,BTC-16OCT26-100000-C,0.0007,0.0009,43.9,0.00076431,0.0,1790791239367,84037.31,28.5714,30.2,41.3,84222.8,BTC-16OCT26,BTC,BTC,1767.84,0.0008,1792137600000,call,100000.0,True,open,2026-09-30 18:00:39.948245+00:00,2026-10-16 08:00:00+00:00,0.04269279717640157,0.413,84222.8,0.17170451754715854,BTC,True
,,0.206,BTC-16OCT26-100000-P,0.1855,0.1905,1.0,0.1880922,0.0,1790791239363,84037.31,,0.0,41.31,84222.49,BTC-16OCT26,BTC,BTC,0.0,0.188,1792137600000,put,100000.0,True,open,2026-09-30 18:00:39.948245+00:00,2026-10-16 08:00:00+00:00,0.04269279717640157,0.4131,84222.49,0.1717081982674684,BTC,True
,,0.474,BTC-30OCT26-40000-C,0.525,0.527,0.3,0.52609773,0.0,1790791239356,84037.31,,0.0,85.55,84396.48,BTC-30OCT26,BTC,BTC,0.0,0.526,1793347200000,call,40000.0,True,open,2026-09-30 18:00:39.948245+00:00,2026-10-30 08:00:00+00:00,0.08104896155996322,0.8554999999999999,84396.48,-0.7466462404571116,BTC,True
0.0001,0.0001,0.0001,BTC-30OCT26-40000-P,,0.0001,207.6,5.042e-05,0.0,1790791239354,84037.31,0.0,12.8,85.55,84396.48,BTC-30OCT26,BTC,BTC,109.15,,1793347200000,put,40000.0,True,open,2026-09-30 18:00:39.948245+00:00,2026-10-30 08:00:00+00:00,0.08104896155996322,0.8554999999999999,84396.48,-0.7466462404571116,BTC,True
,,0.467,BTC-30OCT26-45000-C,0.4655,0.4685,0.9,0.46694555,0.0,1790791239353,84037.31,,0.0,79.95,84396.48,BTC-30OCT26,BTC,BTC,0.0,0.467,1793347200000,call,45000.0,True,open,2026-09-30 18:00:39.948245+00:00,2026-10-30 08:00:00+00:00,0.08104896155996322,0.7995,84396.48,-0.6288632048007281,BTC,True
,,0.0003,BTC-30OCT26-45000-P,0.0001,0.0002,290.7,0.00014232,0.0,1790791239356,84037.31,,0.0,79.95,84396.48,BTC-30OCT26,BTC,BTC,0.0,0.00015,1793347200000,put,45000.0,True,open,2026-09-30 18:00:39.948245+00:00,2026-10-30 08:00:00+00:00,0.08104896155996322,0.7995,84396.48,-0.6288632048007281,BTC,True
,,0.408,BTC-30OCT26-48000-C,0.43,0.433,8.5,0.43146842,0.0,1790791239356,84037.31,,0.0,75.28,84396.48,BTC-30OCT26,BTC,BTC,0.0,0.4315,1793347200000,call,48000.0,True,open,2026-09-30 18:00:39.948245+00:00,2026-10-30 08:00:00+00:00,0.08104896155996322,0.7528,84396.48,-0.5643246836631568,BTC,True
0.0003,0.0001,0.0003,BTC-30OCT26-48000-P,0.0001,0.0003,202.0,0.00021165,0.0,1790791239355,84037.31,200.0,2.6,75.28,84396.48,BTC-30OCT26,BTC,BTC,60.71,0.0002,1793347200000,put,48000.0,True,open,2026-09-30 18:00:39.948245+00:00,2026-10-30 08:00:00+00:00,0.08104896155996322,0.7528,84396.48,-0.5643246836631568,BTC,True
,,0.3835,BTC-30OCT26-50000-C,0.4065,0.4095,1.1,0.40784448,0.0,1790791239365,84037.31,,0.0,72.57,84396.48,BTC-30OCT26,BTC,BTC,0.0,0.408,1793347200000,call,50000.0,True,open,2026-09-30 18:00:39.948245+00:00,2026-10-30 08:00:00+00:00,0.08104896155996322,0.7256999999999999,84396.48,-0.5235026891429017,BTC,True
0.0003,0.0002,0.0002,BTC-30OCT26-50000-P,0.0002,0.0004,429.1,0.00028534,0.0,1790791239364,84037.31,0.0,2.8,72.57,84396.48,BTC-30OCT26,BTC,BTC,57.55,0.0003,1793347200000,put,50000.0,True,open,2026-09-30 18:00:39.948245+00:00,2026-10-30 08:00:00+00:00,0.08104896155996322,0.7256999999999999,84396.48,-0.5235026891429017,BTC,True
,,0.22,BTC-30OCT26-52000-C,0.3825,0.386,0.1,0.38424304,0.0,1790791239365,84037.31,,0.0,69.88,84396.48,BTC-30OCT26,BTC,BTC,0.0,0.38425,1793347200000,call,52000.0,True,open,2026-09-30 18:00:39.948245+00:00,2026-10-30 08:00:00+00:00,0.08104896155996322,0.6988,84396.48,-0.4842819759896204,BTC,True
0.0005,0.0005,0.0005,BTC-30OCT26-52000-P,0.0003,0.0005,125.9,0.00038153,0.0,1790791239357,84037.31,0.0,11.7,69.88,84396.48,BTC-30OCT26,BTC,BTC,496.03,0.0004,1793347200000,put,52000.0,True,open,2026-09-30 18:00:39.948245+00:00,2026-10-30 08:00:00+00:00,0.08104896155996322,0.6988,84396.48,-0.4842819759896204,BTC,True
,,0.23,BTC-30OCT26-54000-C,0.359,0.362,0.1,0.36065233,0.0,1790791239354,84037.31,,0.0,66.92,84396.48,BTC-30OCT26,BTC,BTC,0.0,0.3605,1793347200000,call,54000.0,True,open,2026-09-30 18:00:39.948245+00:00,2026-10-30 08:00:00+00:00,0.08104896155996322,0.6692,84396.48,-0.44654164800677343,BTC,True
0.0005,0.0004,0.0005,BTC-30OCT26-54000-P,0.0004,0.0006,179.7,0.00048846,0.0,1790791239354,84037.31,25.0,14.0,66.92,84396.48,BTC-30OCT26,BTC,BTC,585.61,0.0005,1793347200000,put,54000.0,True,open,2026-09-30 18:00:39.948245+00:00,2026-10-30 08:00:00+00:00,0.08104896155996322,0.6692,84396.48,-0.44654164800677343,BTC,True
,,0.181,BTC-30OCT26-55000-C,0.3475,0.3505,0.1,0.34888236,0.0,1790791239357,84037.31,,0.0,65.68,84396.48,BTC-30OCT26,BTC,BTC,0.0,0.349,1793347200000,call,55000.0,True,open,2026-09-30 18:00:39.948245+00:00,2026-10-30 08:00:00+00:00,0.08104896155996322,0.6568,84396.48,-0.4281925093385769,BTC,True
0.0007,0.0005,0.0005,BTC-30OCT26-55000-P,0.0005,0.0006,325.3,0.00056731,0.0,1790791239358,84037.31,-28.5714,23.7,65.68,84396.48,BTC-30OCT26,BTC,BTC,1403.29,0.00055,1793347200000,put,55000.0,True,open,2026-09-30 18:00:39.948245+00:00,2026-10-30 08:00:00+00:00,0.08104896155996322,0.6568,84396.48,-0.4281925093385769,BTC,True
,,0.272,BTC-30OCT26-56000-C,0.3355,0.3385,0.5,0.33709382,0.0,1790791239357,84037.31,,0.0,64.05,84396.48,BTC-30OCT26,BTC,BTC,0.0,0.337,1793347200000,call,56000.0,True,open,2026-09-30 18:00:39.948245+00:00,2026-10-30 08:00:00+00:00,0.08104896155996322,0.6405,84396.48,-0.4101740038358986,BTC,True
0.0007,0.0006,0.0006,BTC-30OCT26-56000-P,0.0005,0.0007,467.7,0.00062758,0.0,1790791239367,84037.31,-14.2857,5.0,64.05,84396.48,BTC-30OCT26,BTC,BTC,288.0,0.0006,1793347200000,put,56000.0,True,open,2026-09-30 18:00:39.948245+00:00,2026-10-30 08:00:00+00:00,0.08104896155996322,0.6405,84396.48,-0.4101740038358986,BTC,True
,,0.278,BTC-30OCT26-57000-C,0.3235,0.327,0.1,0.32530749,0.0,1790791239355,84037.31,,0.0,62.37,84396.48,BTC-30OCT26,BTC,BTC,0.0,0.32525,1793347200000,call,57000.0,True,open,2026-09-30 18:00:39.948245+00:00,2026-10-30 08:00:00+00:00,0.08104896155996322,0.6236999999999999,84396.48,-0.3924744267364977,BTC,True
0.0008,0.0008,0.0008,BTC-30OCT26-57000-P,0.0006,0.0008,207.6,0.00069007,0.0,1790791239357,84037.31,0.0,1.0,62.37,84396.48,BTC-30OCT26,BTC,BTC,67.11,0.0007,1793347200000,put,57000.0,True,open,2026-09-30 18:00:39.948245+00:00,2026-10-30 08:00:00+00:00,0.08104896155996322,0.6236999999999999,84396.48,-0.3924744267364977,BTC,True
,,,BTC-30OCT26-58000-C,0.312,0.315,0.0,0.3135578,0.0,1790791239354,84037.31,,0.0,61.04,84396.48,BTC-30OCT26,BTC,BTC,0.0,0.3135,1793347200000,call,58000.0,True,open,2026-09-30 18:00:39.948245+00:00,2026-10-30 08:00:00+00:00,0.08104896155996322,0.6103999999999999,84396.48,-0.3750826840246285,BTC,True
0.0008,0.0007,0.0008,BTC-30OCT26-58000-P,0.0007,0.0009,328.7,0.00078919,0.0,1790791239365,84037.31,14.2857,2.9,61.04,84396.48,BTC-30OCT26,BTC,BTC,186.78,0.0008,1793347200000,put,58000.0,True,open,2026-09-30 18:00:39.948245+00:00,2026-10-30 08:00:00+00:00,0.08104896155996322,0.6103999999999999,84396.48,-0.3750826840246285,BTC,True
,,0.263,BTC-30OCT26-59000-C,0.3,0.3035,1.0,0.3018082,0.0,1790791239356,84037.31,,0.0,59.58,84396.48,BTC-30OCT26,BTC,BTC,0.0,0.30175,1793347200000,call,59000.0,True,open,2026-09-30 18:00:39.948245+00:00,2026-10-30 08:00:00+00:00,0.08104896155996322,0.5958,84396.48,-0.3579882506653284,BTC,True
0.0009,0.0009,0.0009,BTC-30OCT26-59000-P,0.0008,0.001,301.2,0.00088841,0.0,1790791239364,84037.31,0.0,2.4,59.58,84396.48,BTC-30OCT26,BTC,BTC,181.25,0.0009,1793347200000,put,59000.0,True,open,2026-09-30 18:00:39.948245+00:00,2026-10-30 08:00:00+00:00,0.08104896155996322,0.5958,84396.48,-0.3579882506653284,BTC,True
,,0.308,BTC-30OCT26-60000-C,0.2885,0.2915,13.7,0.29007015,0.0,1790791239353,84037.31,,0.0,58.12,84396.48,BTC-30OCT26,BTC,BTC,0.0,0.29,1793347200000,call,60000.0,True,open,2026-09-30 18:00:39.948245+00:00,2026-10-30 08:00:00+00:00,0.08104896155996322,0.5811999999999999,84396.48,-0.34118113234894715,BTC,True
0.0011,0.001,0.0011,BTC-30OCT26-60000-P,0.0009,0.0011,1288.6,0.00099918,0.0,1790791239357,84037.31,10.0,1.3,58.12,84396.48,BTC-30OCT26,BTC,BTC,119.5,0.001,1793347200000,put,60000.0,True,open,2026-09-30 18:00:39.948245+00:00,2026-10-30 08:00:00+00:00,0.08104896155996322,0.5811999999999999,84396.48,-0.34118113234894715,BTC,True
,,0.235,BTC-30OCT26-61000-C,0.2765,0.28,7.7,0.27836054,0.0,1790791239357,84037.31,,0.0,56.78,84396.48,BTC-30OCT26,BTC,BTC,0.0,0.27825,1793347200000,call,61000.0,True,open,2026-09-30 18:00:39.948245+00:00,2026-10-30 08:00:00+00:00,0.08104896155996322,0.5678,84396.48,-0.3246518303977366,BTC,True
0.0011,0.0011,0.0011,BTC-30OCT26-61000-P,0.001,0.0012,274.1,0.00113839,0.0,1790791239358,84037.31,0.0,0.1,56.78,84396.48,BTC-30OCT26,BTC,BTC,9.17,0.0011,1793347200000,put,61000.0,True,open,2026-09-30 18:00:39.948245+00:00,2026-10-30 08:00:00+00:00,0.08104896155996322,0.5678,84396.48,-0.3246518303977366,BTC,True
,,0.087,BTC-30OCT26-62000-C,0.265,0.2685,13.5,0.26665849,0.0,1790791239355,84037.31,,0.0,55.37,84396.48,BTC-30OCT26,BTC,BTC,0.0,0.26675,1793347200000,call,62000.0,True,open,2026-09-30 18:00:39.948245+00:00,2026-10-30 08:00:00+00:00,0.08104896155996322,0.5537,84396.48,-0.3083913095259563,BTC,True
0.0014,0.0011,0.0012,BTC-30OCT26-62000-P,0.0012,0.0014,1261.4,0.00128515,0.0,1790791239356,84037.31,0.0,6.8,55.37,84396.48,BTC-30OCT26,BTC,BTC,713.27,0.0013,1793347200000,put,62000.0,True,open,2026-09-30 18:00:39.948245+00:00,2026-10-30 08:00:00+00:00,0.08104896155996322,0.5537,84396.48,-0.3083913095259563,BTC,True
,,0.253,BTC-30OCT26-63000-C,0.253,0.2565,148.3,0.25494727,0.0,1790791239367,84037.31,,0.0,53.78,84396.74,BTC-30OCT26,BTC,BTC,0.0,0.25475,1793347200000,call,63000.0,True,open,2026-09-30 18:00:39.948245+00:00,2026-10-30 08:00:00+00:00,0.08104896155996322,0.5378000000000001,84396.74,-0.29239404887197434,BTC,True
0.0016,0.0014,0.0016,BTC-30OCT26-63000-P,0.0013,0.0015,650.5,0.00142275,0.0,1790791239357,84037.31,14.2857,1.8,53.78,84396.48,BTC-30OCT26,BTC,BTC,218.19,0.0014,1793347200000,put,63000.0,True,open,2026-09-30 18:00:39.948245+00:00,2026-10-30 08:00:00+00:00,0.08104896155996322,0.5378000000000001,84396.48,-0.29239096817951515,BTC,True
,,0.2415,BTC-30OCT26-64000-C,0.2415,0.245,422.1,0.24326582,0.0,1790791239357,84037.31,,0.0,52.28,84396.74,BTC-30OCT26,BTC,BTC,0.0,0.24325,1793347200000,call,64000.0,True,open,2026-09-30 18:00:39.948245+00:00,2026-10-30 08:00:00+00:00,0.08104896155996322,0.5228,84396.74,-0.2766456919038352,BTC,True
,,0.0015,BTC-30OCT26-64000-P,0.0015,0.0017,559.2,0.00159011,0.0,1790791239354,84037.31,,0.0,52.28,84396.48,BTC-30OCT26,BTC,BTC,0.0,0.0016,1793347200000,put,64000.0,True,open,2026-09-30 18:00:39.948245+00:00,2026-10-30 08:00:00+00:00,0.08104896155996322,0.5228,84396.48,-0.276642611211376,BTC,True
,,0.2249,BTC-30OCT26-65000-C,0.2295,0.233,430.4,0.23157921,0.0,1790791239366,84037.31,,0.0,50.64,84396.48,BTC-30OCT26,BTC,BTC,0.0,0.23125,1793347200000,call,65000.0,True,open,2026-09-30 18:00:39.948245+00:00,2026-10-30 08:00:00+00:00,0.08104896155996322,0.5064,84396.48,-0.26113842467541076,BTC,True
0.0017,0.0015,0.0017,BTC-30OCT26-65000-P,0.0016,0.0019,643.0,0.00175232,0.0,1790791239364,84037.31,13.3333,31.2,50.64,84396.48,BTC-30OCT26,BTC,BTC,4419.06,0.00175,1793347200000,put,65000.0,True,open,2026-09-30 18:00:39.948245+00:00,2026-10-30 08:00:00+00:00,0.08104896155996322,0.5064,84396.48,-0.26113842467541076,BTC,True
,,0.218,BTC-30OCT26-66000-C,0.218,0.2215,76.9,0.21991477,0.0,1790791239353,84037.31,,0.0,49.03,84396.48,BTC-30OCT26,BTC,BTC,0.0,0.21975,1793347200000,call,66000.0,True,open,2026-09-30 18:00:39.948245+00:00,2026-10-30 08:00:00+00:00,0.08104896155996322,0.4903,84396.48,-0.24587095254462235,BTC,True
,,0.0017,BTC-30OCT26-66000-P,0.0018,0.0021,508.1,0.0019367,0.0,1790791239354,84037.31,,0.0,49.03,84396.48,BTC-30OCT26,BTC,BTC,0.0,0.00195,1793347200000,put,66000.0,True,open,2026-09-30 18:00:39.948245+00:00,2026-10-30 08:00:00+00:00,0.08104896155996322,0.4903,84396.48,-0.24587095254462235,BTC,True
,,0.1965,BTC-30OCT26-67000-C,0.2065,0.21,108.4,0.20835237,0.0,1790791239365,84037.31,,0.0,47.76,84396.48,BTC-30OCT26,BTC,BTC,0.0,0.20825,1793347200000,call,67000.0,True,open,2026-09-30 18:00:39.948245+00:00,2026-10-30 08:00:00+00:00,0.08104896155996322,0.47759999999999997,84396.48,-0.2308330751800817,BTC,True
0.002,0.002,0.002,BTC-30OCT26-67000-P,0.002,0.0024,690.8,0.00222312,0.0,1790791239356,84037.31,0.0,6.1,47.76,84396.48,BTC-30OCT26,BTC,BTC,1034.45,0.0022,1793347200000,put,67000.0,True,open,2026-09-30 18:00:39.948245+00:00,2026-10-30 08:00:00+00:00,0.08104896155996322,0.47759999999999997,84396.48,-0.2308330751800817,BTC,True
0.2109,0.193,0.195,BTC-30OCT26-68000-C,0.195,0.1985,477.6,0.1967559,0.0,1790791239357,84037.31,-7.5391,75.0,46.19,84396.48,BTC-30OCT26,BTC,BTC,1262567.93,0.19675,1793347200000,call,68000.0,True,open,2026-09-30 18:00:39.948245+00:00,2026-10-30 08:00:00+00:00,0.08104896155996322,0.4619,84396.48,-0.21601798939494107,BTC,True
0.0028,0.0022,0.0023,BTC-30OCT26-68000-P,0.0023,0.0027,1397.7,0.00247547,0.0,1790791239355,84037.31,-4.1667,157.9,46.19,84396.48,BTC-30OCT26,BTC,BTC,31966.35,0.0025,1793347200000,put,68000.0,True,open,2026-09-30 18:00:39.948245+00:00,2026-10-30 08:00:00+00:00,0.08104896155996322,0.4619,84396.48,-0.21601798939494107,BTC,True
0.1975,0.1815,0.1825,BTC-30OCT26-69000-C,0.1835,0.187,640.3,0.18524704,0.0,1790791239356,84037.31,-7.5949,100.2,44.82,84396.48,BTC-30OCT26,BTC,BTC,1534302.82,0.18525,1793347200000,call,69000.0,True,open,2026-09-30 18:00:39.948245+00:00,2026-10-30 08:00:00+00:00,0.08104896155996322,0.4482,84396.48,-0.20141918997378838,BTC,True
0.003,0.0028,0.003,BTC-30OCT26-69000-P,0.0027,0.003,1603.6,0.00281543,0.0,1790791239356,84037.31,7.1429,3.8,44.82,84396.48,BTC-30OCT26,BTC,BTC,912.26,0.00285,1793347200000,put,69000.0,True,open,2026-09-30 18:00:39.948245+00:00,2026-10-30 08:00:00+00:00,0.08104896155996322,0.4482,84396.48,-0.20141918997378838,BTC,True
0.172,0.1639,0.172,BTC-30OCT26-70000-C,0.172,0.1755,5295.5,0.17379562,0.0,1790791239354,84037.31,1.9561,750.0,43.47,84396.48,BTC-30OCT26,BTC,BTC,10644021.6,0.17375,1793347200000,call,70000.0,True,open,2026-09-30 18:00:39.948245+00:00,2026-10-30 08:00:00+00:00,0.08104896155996322,0.4347,84396.48,-0.1870304525216888,BTC,True
0.0035,0.003,0.003,BTC-30OCT26-70000-P,0.0031,0.0034,2093.0,0.00321279,0.0,1790791239357,84037.31,0.0,17.7,43.47,84396.48,BTC-30OCT26,BTC,BTC,4797.13,0.00325,1793347200000,put,70000.0,True,open,2026-09-30 18:00:39.948245+00:00,2026-10-30 08:00:00+00:00,0.08104896155996322,0.4347,84396.48,-0.1870304525216888,BTC,True
0.16,0.1585,0.16,BTC-30OCT26-71000-C,0.1605,0.164,956.1,0.16243488,0.0,1790791239354,84037.31,0.9464,50.0,42.19,84396.48,BTC-30OCT26,BTC,BTC,665876.63,0.16225,1793347200000,call,71000.0,True,open,2026-09-30 18:00:39.948245+00:00,2026-10-30 08:00:00+00:00,0.08104896155996322,0.4219,84396.48,-0.17284581752973235,BTC,True
0.0044,0.0033,0.0036,BTC-30OCT26-71000-P,0.0036,0.0038,1330.4,0.0037009,0.0,1790791239354,84037.31,-7.6923,636.5,42.19,84396.48,BTC-30OCT26,BTC,BTC,204647.94,0.0037,1793347200000,put,71000.0,True,open,2026-09-30 18:00:39.948245+00:00,2026-10-30 08:00:00+00:00,0.08104896155996322,0.4219,84396.48,-0.17284581752973235,BTC,True
0.164,0.164,0.164,BTC-30OCT26-72000-C,0.1495,0.153,993.0,0.15111458,0.0,1790791239367,84037.31,0.0,0.2,40.83,84396.48,BTC-30OCT26,BTC,BTC,2798.59,0.15125,1793347200000,call,72000.0,True,open,2026-09-30 18:00:39.948245+00:00,2026-10-30 08:00:00+00:00,0.08104896155996322,0.4083,84396.48,-0.15885957555499247,BTC,True
0.005,0.0039,0.0042,BTC-30OCT26-72000-P,0.0041,0.0044,1204.0,0.00422942,0.0,1790791239364,84037.31,2.439,21.5,40.83,84396.48,BTC-30OCT26,BTC,BTC,7714.02,0.00425,1793347200000,put,72000.0,True,open,2026-09-30 18:00:39.948245+00:00,2026-10-30 08:00:00+00:00,0.08104896155996322,0.4083,84396.48,-0.15885957555499247,BTC,True
0.135,0.135,0.135,BTC-30OCT26-73000-C,0.138,0.142,612.3,0.14012962,0.0,1790791239364,84037.31,0.0,24.0,40.01,84396.48,BTC-30OCT26,BTC,BTC,270264.22,0.14,1793347200000,call,73000.0,True,open,2026-09-30 18:00:39.948245+00:00,2026-10-30 08:00:00+00:00,0.08104896155996322,0.40009999999999996,84396.48,-0.14506625342265667,BTC,True
0.006,0.0045,0.0055,BTC-30OCT26-73000-P,0.0047,0.0055,1394.6,0.00509327,0.0,1790791239367,84037.31,10.0,331.0,40.01,84396.48,BTC-30OCT26,BTC,BTC,154770.76,0.0051,1793347200000,put,73000.0,True,open,2026-09-30 18:00:39.948245+00:00,2026-10-30 08:00:00+00:00,0.08104896155996322,0.40009999999999996,84396.48,-0.14506625342265667,BTC,True
0.144,0.126,0.1435,BTC-30OCT26-74000-C,0.1275,0.131,658.9,0.1290048,0.0,1790791239354,84037.31,13.8889,400.0,38.61,84396.48,BTC-30OCT26,BTC,BTC,4720853.28,0.12925,1793347200000,call,74000.0,True,open,2026-09-30 18:00:39.948245+00:00,2026-10-30 08:00:00+00:00,0.08104896155996322,0.3861,84396.48,-0.13146060136687807,BTC,True
0.0068,0.005,0.006,BTC-30OCT26-74000-P,0.0055,0.006,1212.9,0.00581696,0.0,1790791239357,84037.31,0.0,217.1,38.61,84396.48,BTC-30OCT26,BTC,BTC,113372.04,0.00575,1793347200000,put,74000.0,True,open,2026-09-30 18:00:39.948245+00:00,2026-10-30 08:00:00+00:00,0.08104896155996322,0.3861,84396.48,-0.13146060136687807,BTC,True
0.1125,0.1125,0.1125,BTC-30OCT26-75000-C,0.1165,0.12,1167.5,0.11826053,0.0,1790791239354,84037.31,0.0,0.6,37.67,84396.48,BTC-30OCT26,BTC,BTC,5629.67,0.11825,1793347200000,call,75000.0,True,open,2026-09-30 18:00:39.948245+00:00,2026-10-30 08:00:00+00:00,0.08104896155996322,0.37670000000000003,84396.48,-0.11803758103473737,BTC,True
0.008,0.006,0.0065,BTC-30OCT26-75000-P,0.0065,0.0075,1203.2,0.00692181,0.0,1790791239365,84037.31,-13.3333,5.9,37.67,84396.48,BTC-30OCT26,BTC,BTC,3086.52,0.007,1793347200000,put,75000.0,True,open,2026-09-30 18:00:39.948245+00:00,2026-10-30 08:00:00+00:00,0.08104896155996322,0.37670000000000003,84396.48,-0.11803758103473737,BTC,True
0.121,0.105,0.12,BTC-30OCT26-76000-C,0.106,0.1095,494.8,0.10774681,0.0,1790791239354,84037.31,14.2857,200.0,36.78,84396.48,BTC-30OCT26,BTC,BTC,1911401.51,0.10775,1793347200000,call,76000.0,True,open,2026-09-30 18:00:39.948245+00:00,2026-10-30 08:00:00+00:00,0.08104896155996322,0.3678,84396.48,-0.10479235428471674,BTC,True
0.0105,0.007,0.008,BTC-30OCT26-76000-P,0.008,0.0085,891.8,0.00825691,0.0,1790791239353,84037.31,-11.1111,129.2,36.78,84396.74,BTC-30OCT26,BTC,BTC,102652.66,0.00825,1793347200000,put,76000.0,True,open,2026-09-30 18:00:39.948245+00:00,2026-10-30 08:00:00+00:00,0.08104896155996322,0.3678,84396.74,-0.10479543497717596,BTC,True
0.0955,0.0945,0.0955,BTC-30OCT26-77000-C,0.096,0.0995,213.3,0.09754942,0.0,1790791239364,84037.31,1.0582,25.1,35.99,84396.48,BTC-30OCT26,BTC,BTC,198465.91,0.09775,1793347200000,call,77000.0,True,open,2026-09-30 18:00:39.948245+00:00,2026-10-30 08:00:00+00:00,0.08104896155996322,0.3599,84396.48,-0.09172027271736398,BTC,True
0.012,0.0085,0.009,BTC-30OCT26-77000-P,0.0095,0.0105,633.9,0.00990834,0.0,1790791239365,84037.31,-21.7391,102.5,35.99,84396.48,BTC-30OCT26,BTC,BTC,95849.62,0.01,1793347200000,put,77000.0,True,open,2026-09-30 18:00:39.948245+00:00,2026-10-30 08:00:00+00:00,0.08104896155996322,0.3599,84396.48,-0.09172027271736398,BTC,True
0.085,0.085,0.085,BTC-30OCT26-78000-C,0.0865,0.0895,499.2,0.08783765,0.0,1790791239364,84037.31,0.0,25.0,35.44,84396.48,BTC-30OCT26,BTC,BTC,177874.15,0.088,1793347200000,call,78000.0,True,open,2026-09-30 18:00:39.948245+00:00,2026-10-30 08:00:00+00:00,0.08104896155996322,0.3544,84396.48,-0.0788168678814561,BTC,True
0.0152,0.01,0.012,BTC-30OCT26-78000-P,0.0115,0.0125,1440.1,0.01204539,0.0,1790791239364,84037.31,-7.6923,346.8,35.44,84396.48,BTC-30OCT26,BTC,BTC,396294.91,0.012,1793347200000,put,78000.0,True,open,2026-09-30 18:00:39.948245+00:00,2026-10-30 08:00:00+00:00,0.08104896155996322,0.3544,84396.48,-0.0788168678814561,BTC,True
0.09,0.0747,0.0747,BTC-30OCT26-79000-C,0.077,0.0805,269.3,0.07853694,0.0,1790791239367,84037.31,-13.6416,50.2,34.94,84396.74,BTC-30OCT26,BTC,BTC,341299.7,0.07875,1793347200000,call,79000.0,True,open,2026-09-30 18:00:39.948245+00:00,2026-10-30 08:00:00+00:00,0.08104896155996322,0.3494,84396.74,-0.06608092279648554,BTC,True
0.0165,0.0115,0.013,BTC-30OCT26-79000-P,0.014,0.015,903.0,0.01459292,0.0,1790791239357,84037.31,-18.75,256.6,34.94,84396.39,BTC-30OCT26,BTC,BTC,313930.19,0.0145,1793347200000,put,79000.0,True,open,2026-09-30 18:00:39.948245+00:00,2026-10-30 08:00:00+00:00,0.08104896155996322,0.3494,84396.39,-0.06607677570827158,BTC,True
0.075,0.0665,0.075,BTC-30OCT26-80000-C,0.069,0.0705,1384.4,0.06977991,0.0,1790791239356,84037.31,12.782,26.2,34.57,84396.48,BTC-30OCT26,BTC,BTC,148078.89,0.06975,1793347200000,call,80000.0,True,open,2026-09-30 18:00:39.948245+00:00,2026-10-30 08:00:00+00:00,0.08104896155996322,0.3457,84396.48,-0.05349905989716623,BTC,True
0.0215,0.014,0.016,BTC-30OCT26-80000-P,0.0175,0.018,1804.3,0.01768474,0.0,1790791239355,84037.31,-21.9512,366.4,34.57,84396.39,BTC-30OCT26,BTC,BTC,490253.14,0.01775,1793347200000,put,80000.0,True,open,2026-09-30 18:00:39.948245+00:00,2026-10-30 08:00:00+00:00,0.08104896155996322,0.3457,84396.39,-0.05349799350141149,BTC,True
0.0725,0.0725,0.0725,BTC-30OCT26-81000-C,0.0605,0.0625,694.4,0.06151876,0.0,1790791239357,84037.31,0.0,1.0,34.22,84396.48,BTC-30OCT26,BTC,BTC,6188.58,0.0615,1793347200000,call,81000.0,True,open,2026-09-30 18:00:39.948245+00:00,2026-10-30 08:00:00+00:00,0.08104896155996322,0.3422,84396.48,-0.041076539898609085,BTC,True
0.023,0.0175,0.0211,BTC-30OCT26-81000-P,0.021,0.022,609.0,0.02127295,0.0,1790791239364,84037.31,-8.2609,310.6,34.22,84396.48,BTC-30OCT26,BTC,BTC,573313.58,0.0215,1793347200000,put,81000.0,True,open,2026-09-30 18:00:39.948245+00:00,2026-10-30 08:00:00+00:00,0.08104896155996322,0.3422,84396.48,-0.041076539898609085,BTC,True
0.0655,0.0655,0.0655,BTC-30OCT26-82000-C,0.053,0.0545,1329.5,0.05385663,0.0,1790791239364,84037.31,0.0,0.2,33.94,84396.48,BTC-30OCT26,BTC,BTC,1120.09,0.05375,1793347200000,call,82000.0,True,open,2026-09-30 18:00:39.948245+00:00,2026-10-30 08:00:00+00:00,0.08104896155996322,0.3394,84396.48,-0.028806447306794745,BTC,True
0.0315,0.021,0.025,BTC-30OCT26-82000-P,0.025,0.026,370.7,0.02545964,0.0,1790791239354,84037.31,-20.6349,128.7,33.94,84396.48,BTC-30OCT26,BTC,BTC,278550.96,0.0255,1793347200000,put,82000.0,True,open,2026-09-30 18:00:39.948245+00:00,2026-10-30 08:00:00+00:00,0.08104896155996322,0.3394,84396.48,-0.028806447306794745,BTC,True
0.057,0.0425,0.057,BTC-30OCT26-83000-C,0.0465,0.0475,703.1,0.0468499,0.0,1790791239364,84037.31,34.1176,0.4,33.75,84396.48,BTC-30OCT26,BTC,BTC,1552.37,0.047,1793347200000,call,83000.0,True,open,2026-09-30 18:00:39.948245+00:00,2026-10-30 08:00:00+00:00,0.08104896155996322,0.3375,84396.48,-0.01668508677444994,BTC,True
0.0365,0.025,0.0295,BTC-30OCT26-83000-P,0.03,0.031,651.9,0.03030172,0.0,1790791239358,84037.31,-15.7143,34.3,33.75,84396.48,BTC-30OCT26,BTC,BTC,88320.51,0.0305,1793347200000,put,83000.0,True,open,2026-09-30 18:00:39.948245+00:00,2026-10-30 08:00:00+00:00,0.08104896155996322,0.3375,84396.48,-0.01668508677444994,BTC,True
0.0455,0.0365,0.041,BTC-30OCT26-84000-C,0.04,0.041,1282.0,0.04044639,0.0,1790791239365,84037.31,5.6701,7.6,33.59,84396.39,BTC-30OCT26,BTC,BTC,26415.12,0.0405,1793347200000,call,84000.0,True,open,2026-09-30 18:00:39.948245+00:00,2026-10-30 08:00:00+00:00,0.08104896155996322,0.33590000000000003,84396.39,-0.004707829331979464,BTC,True
0.041,0.0295,0.035,BTC-30OCT26-84000-P,0.0355,0.0365,747.9,0.03574575,0.0,1790791239365,84037.31,-14.6341,222.6,33.59,84396.74,BTC-30OCT26,BTC,BTC,714826.47,0.036,1793347200000,put,84000.0,True,open,2026-09-30 18:00:39.948245+00:00,2026-10-30 08:00:00+00:00,0.08104896155996322,0.33590000000000003,84396.74,-0.004711976420193427,BTC,True
0.044,0.0303,0.037,BTC-30OCT26-85000-C,0.0345,0.0355,2030.6,0.03486937,0.0,1790791239354,84037.31,15.625,467.5,33.65,84396.39,BTC-30OCT26,BTC,BTC,1280602.48,0.035,1793347200000,call,85000.0,True,open,2026-09-30 18:00:39.948245+00:00,2026-10-30 08:00:00+00:00,0.08104896155996322,0.33649999999999997,84396.39,0.007126628315023243,BTC,True
0.049,0.0339,0.0395,BTC-30OCT26-85000-P,0.0415,0.0425,664.3,0.04201727,0.0,1790791239365,84037.31,-19.3878,64.3,33.65,84396.39,BTC-30OCT26,BTC,BTC,193552.23,0.042,1793347200000,put,85000.0,True,open,2026-09-30 18:00:39.948245+00:00,2026-10-30 08:00:00+00:00,0.08104896155996322,0.33649999999999997,84396.39,0.007126628315023243,BTC,True
0.0335,0.0285,0.03,BTC-30OCT26-86000-C,0.0295,0.03,1157.6,0.02980177,0.0,1790791239354,84037.31,3.4483,17.6,33.64,84396.48,BTC-30OCT26,BTC,BTC,44956.33,0.02975,1793347200000,call,86000.0,True,open,2026-09-30 18:00:39.948245+00:00,2026-10-30 08:00:00+00:00,0.08104896155996322,0.33640000000000003,84396.48,0.018821601682459853,BTC,True
0.053,0.04,0.053,BTC-30OCT26-86000-P,0.048,0.049,176.6,0.04880004,0.0,1790791239356,84037.31,32.5,1.5,33.64,84396.48,BTC-30OCT26,BTC,BTC,5280.83,0.0485,1793347200000,put,86000.0,True,open,2026-09-30 18:00:39.948245+00:00,2026-10-30 08:00:00+00:00,0.08104896155996322,0.33640000000000003,84396.48,0.018821601682459853,BTC,True
0.032,0.0225,0.027,BTC-30OCT26-87000-C,0.025,0.0255,968.4,0.02528826,0.0,1790791239355,84037.31,10.2041,51.7,33.64,84396.48,BTC-30OCT26,BTC,BTC,114493.79,0.02525,1793347200000,call,87000.0,True,open,2026-09-30 18:00:39.948245+00:00,2026-10-30 08:00:00+00:00,0.08104896155996322,0.33640000000000003,84396.48,0.030382424083535944,BTC,True
,,0.0655,BTC-30OCT26-87000-P,0.055,0.057,397.1,0.05613535,0.0,1790791239357,84037.31,,0.0,33.64,84396.74,BTC-30OCT26,BTC,BTC,0.0,0.056,1793347200000,put,87000.0,True,open,2026-09-30 18:00:39.948245+00:00,2026-10-30 08:00:00+00:00,0.08104896155996322,0.33640000000000003,84396.74,0.030379343391076785,BTC,True
0.0285,0.018,0.022,BTC-30OCT26-88000-C,0.021,0.0215,1451.7,0.0213287,0.0,1790791239355,84037.31,7.3171,105.4,33.65,84396.48,BTC-30OCT26,BTC,BTC,207167.31,0.02125,1793347200000,call,88000.0,True,open,2026-09-30 18:00:39.948245+00:00,2026-10-30 08:00:00+00:00,0.08104896155996322,0.33649999999999997,84396.48,0.041811119907158585,BTC,True
,,0.073,BTC-30OCT26-88000-P,0.063,0.065,2383.0,0.06402461,0.0,1790791239356,84037.31,,0.0,33.65,84396.48,BTC-30OCT26,BTC,BTC,0.0,0.064,1793347200000,put,88000.0,True,open,2026-09-30 18:00:39.948245+00:00,2026-10-30 08:00:00+00:00,0.08104896155996322,0.33649999999999997,84396.48,0.041811119907158585,BTC,True
0.022,0.0155,0.0185,BTC-30OCT26-89000-C,0.0175,0.0185,973.8,0.01796137,0.0,1790791239358,84037.31,5.7143,369.2,33.76,84396.39,BTC-30OCT26,BTC,BTC,558494.07,0.018,1793347200000,call,89000.0,True,open,2026-09-30 18:00:39.948245+00:00,2026-10-30 08:00:00+00:00,0.08104896155996322,0.33759999999999996,84396.39,0.05311174155684676,BTC,True
0.0755,0.0755,0.0755,BTC-30OCT26-89000-P,0.0715,0.0745,11.2,0.07250557,0.0,1790791239365,84037.31,0.0,0.1,33.76,84396.48,BTC-30OCT26,BTC,BTC,633.31,0.073,1793347200000,put,89000.0,True,open,2026-09-30 18:00:39.948245+00:00,2026-10-30 08:00:00+00:00,0.08104896155996322,0.33759999999999996,84396.48,0.05311067516109205,BTC,True
0.021,0.0129,0.0156,BTC-30OCT26-90000-C,0.0145,0.0155,18089.4,0.01511294,0.0,1790791239354,84037.31,7.5862,2925.0,33.95,84396.39,BTC-30OCT26,BTC,BTC,3713601.78,0.015,1793347200000,call,90000.0,True,open,2026-09-30 18:00:39.948245+00:00,2026-10-30 08:00:00+00:00,0.08104896155996322,0.3395,84396.39,0.06428504215497197,BTC,True
,,0.088,BTC-30OCT26-90000-P,0.0795,0.0835,17.9,0.08150633,0.0,1790791239367,84037.31,,0.0,33.95,84396.48,BTC-30OCT26,BTC,BTC,0.0,0.0815,1793347200000,put,90000.0,True,open,2026-09-30 18:00:39.948245+00:00,2026-10-30 08:00:00+00:00,0.08104896155996322,0.3395,84396.48,0.06428397575921717,BTC,True
0.0175,0.0115,0.013,BTC-30OCT26-91000-C,0.012,0.013,1640.8,0.01264191,0.0,1790791239354,84037.31,4.0,212.7,34.11,84396.48,BTC-30OCT26,BTC,BTC,252528.91,0.0125,1793347200000,call,91000.0,True,open,2026-09-30 18:00:39.948245+00:00,2026-10-30 08:00:00+00:00,0.08104896155996322,0.3411,84396.48,0.07533381194580224,BTC,True
,,0.0685,BTC-30OCT26-91000-P,0.0885,0.093,3.5,0.09088427,0.0,1790791239355,84037.31,,0.0,34.11,84396.48,BTC-30OCT26,BTC,BTC,0.0,0.09075,1793347200000,put,91000.0,True,open,2026-09-30 18:00:39.948245+00:00,2026-10-30 08:00:00+00:00,0.08104896155996322,0.3411,84396.48,0.07533381194580224,BTC,True
0.015,0.009,0.0105,BTC-30OCT26-92000-C,0.0105,0.011,1775.6,0.01062027,0.0,1790791239365,84037.31,10.5263,108.2,34.39,84396.48,BTC-30OCT26,BTC,BTC,100312.3,0.01075,1793347200000,call,92000.0,True,open,2026-09-30 18:00:39.948245+00:00,2026-10-30 08:00:00+00:00,0.08104896155996322,0.3439,84396.48,0.08626288247799241,BTC,True
,,0.104,BTC-30OCT26-92000-P,0.0985,0.103,2.6,0.10071145,0.0,1790791239357,84037.31,,0.0,34.39,84396.48,BTC-30OCT26,BTC,BTC,0.0,0.10075,1793347200000,put,92000.0,True,open,2026-09-30 18:00:39.948245+00:00,2026-10-30 08:00:00+00:00,0.08104896155996322,0.3439,84396.48,0.08626288247799241,BTC,True
0.012,0.0085,0.0095,BTC-30OCT26-93000-C,0.0085,0.0095,538.3,0.00889994,0.0,1790791239358,84037.31,11.7647,3.9,34.67,84396.48,BTC-30OCT26,BTC,BTC,3074.22,0.009,1793347200000,call,93000.0,True,open,2026-09-30 18:00:39.948245+00:00,2026-10-30 08:00:00+00:00,0.08104896155996322,0.3467,84396.48,0.09707379858220813,BTC,True
,,0.114,BTC-30OCT26-93000-P,0.1085,0.1135,2.0,0.11083993,0.0,1790791239367,84037.31,,0.0,34.67,84396.48,BTC-30OCT26,BTC,BTC,0.0,0.111,1793347200000,put,93000.0,True,open,2026-09-30 18:00:39.948245+00:00,2026-10-30 08:00:00+00:00,0.08104896155996322,0.3467,84396.48,0.09707379858220813,BTC,True
0.011,0.0065,0.008,BTC-30OCT26-94000-C,0.007,0.008,1019.9,0.00755977,0.0,1790791239357,84037.31,6.6667,7.8,35.12,84396.48,BTC-30OCT26,BTC,BTC,6030.81,0.0075,1793347200000,call,94000.0,True,open,2026-09-30 18:00:39.948245+00:00,2026-10-30 08:00:00+00:00,0.08104896155996322,0.35119999999999996,84396.48,0.10776908769895598,BTC,True
,,0.2335,BTC-30OCT26-94000-P,0.119,0.124,0.1,0.12134858,0.0,1790791239354,84037.31,,0.0,35.12,84396.48,BTC-30OCT26,BTC,BTC,0.0,0.1215,1793347200000,put,94000.0,True,open,2026-09-30 18:00:39.948245+00:00,2026-10-30 08:00:00+00:00,0.08104896155996322,0.35119999999999996,84396.48,0.10776908769895598,BTC,True
0.009,0.0055,0.0065,BTC-30OCT26-95000-C,0.006,0.0065,23350.8,0.00633183,0.0,1790791239365,84037.31,18.1818,408.1,35.43,84396.48,BTC-30OCT26,BTC,BTC,258626.28,0.00625,1793347200000,call,95000.0,True,open,2026-09-30 18:00:39.948245+00:00,2026-10-30 08:00:00+00:00,0.08104896155996322,0.3543,84396.48,0.11835119702949301,BTC,True
,,0.127,BTC-30OCT26-95000-P,0.1295,0.1345,201.2,0.13196946,0.0,1790791239354,84037.31,,0.0,35.43,84396.48,BTC-30OCT26,BTC,BTC,0.0,0.132,1793347200000,put,95000.0,True,open,2026-09-30 18:00:39.948245+00:00,2026-10-30 08:00:00+00:00,0.08104896155996322,0.3543,84396.48,0.11835119702949301,BTC,True
0.0075,0.0048,0.007,BTC-30OCT26-96000-C,0.005,0.0055,426.8,0.0053391,0.0,1790791239365,84037.31,40.0,103.3,35.81,84396.48,BTC-30OCT26,BTC,BTC,61009.56,0.00525,1793347200000,call,96000.0,True,open,2026-09-30 18:00:39.948245+00:00,2026-10-30 08:00:00+00:00,0.08104896155996322,0.35810000000000003,84396.48,0.1288224968967885,BTC,True
,,0.144,BTC-30OCT26-96000-P,0.1405,0.1455,0.1,0.14282555,0.0,1790791239356,84037.31,,0.0,35.81,84396.48,BTC-30OCT26,BTC,BTC,0.0,0.143,1793347200000,put,96000.0,True,open,2026-09-30 18:00:39.948245+00:00,2026-10-30 08:00:00+00:00,0.08104896155996322,0.35810000000000003,84396.48,0.1288224968967885,BTC,True
0.0051,0.0034,0.0043,BTC-30OCT26-98000-C,0.0037,0.0041,479.3,0.00391178,0.0,1790791239357,84037.31,16.2162,139.5,36.82,84396.48,BTC-30OCT26,BTC,BTC,51501.34,0.0039,1793347200000,call,98000.0,True,open,2026-09-30 18:00:39.948245+00:00,2026-10-30 08:00:00+00:00,0.08104896155996322,0.3682,84396.48,0.1494417840995242,BTC,True
,,0.157,BTC-30OCT26-98000-P,0.1625,0.1675,27.0,0.16509417,0.0,1790791239357,84037.31,,0.0,36.82,84396.39,BTC-30OCT26,BTC,BTC,0.0,0.165,1793347200000,put,98000.0,True,open,2026-09-30 18:00:39.948245+00:00,2026-10-30 08:00:00+00:00,0.08104896155996322,0.3682,84396.39,0.14944285049527886,BTC,True
0.0032,0.0028,0.0028,BTC-30OCT26-100000-C,0.0027,0.0031,12956.7,0.00292744,0.0,1790791239357,84037.31,-3.4483,1.5,37.95,84396.48,BTC-30OCT26,BTC,BTC,365.84,0.0029,1793347200000,call,100000.0,True,open,2026-09-30 18:00:39.948245+00:00,2026-10-30 08:00:00+00:00,0.08104896155996322,0.3795,84396.48,0.1696444914170436,BTC,True
,,0.1545,BTC-30OCT26-100000-P,0.1855,0.1905,1.3,0.18780915,0.0,1790791239354,84037.31,,0.0,37.95,84396.48,BTC-30OCT26,BTC,BTC,0.0,0.188,1793347200000,put,100000.0,True,open,2026-09-30 18:00:39.948245+00:00,2026-10-30 08:00:00+00:00,0.08104896155996322,0.3795,84396.48,0.1696444914170436,BTC,True
0.0023,0.0023,0.0023,BTC-30OCT26-102000-C,0.002,0.0024,341.7,0.00221835,0.0,1790791239364,84037.31,0.0,1.0,39.08,84396.48,BTC-30OCT26,BTC,BTC,195.22,0.0022,1793347200000,call,102000.0,True,open,2026-09-30 18:00:39.948245+00:00,2026-10-30 08:00:00+00:00,0.08104896155996322,0.3908,84396.48,0.1894471187132233,BTC,True
,,,BTC-30OCT26-102000-P,0.208,0.2135,0.0,0.21079587,0.0,1790791239356,84037.31,,0.0,39.08,84396.48,BTC-30OCT26,BTC,BTC,0.0,0.21075,1793347200000,put,102000.0,True,open,2026-09-30 18:00:39.948245+00:00,2026-10-30 08:00:00+00:00,0.08104896155996322,0.3908,84396.48,0.1894471187132233,BTC,True
0.0017,0.0014,0.0014,BTC-30OCT26-104000-C,0.0015,0.0018,206.3,0.00170442,0.0,1790791239364,84037.31,-17.6471,30.3,40.22,84396.48,BTC-30OCT26,BTC,BTC,3522.43,0.00165,1793347200000,call,104000.0,True,open,2026-09-30 18:00:39.948245+00:00,2026-10-30 08:00:00+00:00,0.08104896155996322,0.4022,84396.48,0.2088652045703249,BTC,True
,,,BTC-30OCT26-104000-P,0.2315,0.2365,0.0,0.23398141,0.0,1790791239355,84037.31,,0.0,40.22,84396.48,BTC-30OCT26,BTC,BTC,0.0,0.234,1793347200000,put,104000.0,True,open,2026-09-30 18:00:39.948245+00:00,2026-10-30 08:00:00+00:00,0.08104896155996322,0.4022,84396.48,0.2088652045703249,BTC,True
0.0013,0.0013,0.0013,BTC-30OCT26-105000-C,0.0014,0.0017,1194.6,0.00152574,0.0,1790791239358,84037.31,0.0,0.2,40.9,84396.48,BTC-30OCT26,BTC,BTC,21.69,0.00155,1793347200000,call,105000.0,True,open,2026-09-30 18:00:39.948245+00:00,2026-10-30 08:00:00+00:00,0.08104896155996322,0.409,84396.48,0.2184346555864755,BTC,True
,,0.2538,BTC-30OCT26-105000-P,0.243,0.248,0.9,0.24565155,0.0,1790791239358,84037.31,,0.0,40.9,84396.48,BTC-30OCT26,BTC,BTC,0.0,0.2455,1793347200000,put,105000.0,True,open,2026-09-30 18:00:39.948245+00:00,2026-10-30 08:00:00+00:00,0.08104896155996322,0.409,84396.48,0.2184346555864755,BTC,True
,,0.0014,BTC-30OCT26-106000-C,0.0012,0.0015,45.8,0.00135904,0.0,1790791239354,84037.31,,0.0,41.52,84396.74,BTC-30OCT26,BTC,BTC,0.0,0.00135,1793347200000,call,106000.0,True,open,2026-09-30 18:00:39.948245+00:00,2026-10-30 08:00:00+00:00,0.08104896155996322,0.4152,84396.74,0.2279103188485601,BTC,True
,,,BTC-30OCT26-106000-P,0.255,0.26,0.0,0.25733366,0.0,1790791239367,84037.31,,0.0,41.52,84396.74,BTC-30OCT26,BTC,BTC,0.0,0.2575,1793347200000,put,106000.0,True,open,2026-09-30 18:00:39.948245+00:00,2026-10-30 08:00:00+00:00,0.08104896155996322,0.4152,84396.74,0.2279103188485601,BTC,True
0.001,0.0007,0.0007,BTC-30OCT26-110000-C,0.0008,0.001,1209.0,0.00090547,0.0,1790791239364,84037.31,-30.0,11.3,44.14,84396.48,BTC-30OCT26,BTC,BTC,836.84,0.0009,1793347200000,call,110000.0,True,open,2026-09-30 18:00:39.948245+00:00,2026-10-30 08:00:00+00:00,0.08104896155996322,0.4414,84396.48,0.2649546712213684,BTC,True
,,0.2986,BTC-30OCT26-110000-P,0.3015,0.307,0.2,0.30427536,0.0,1790791239355,84037.31,,0.0,44.14,84396.48,BTC-30OCT26,BTC,BTC,0.0,0.30425,1793347200000,put,110000.0,True,open,2026-09-30 18:00:39.948245+00:00,2026-10-30 08:00:00+00:00,0.08104896155996322,0.4414,84396.48,0.2649546712213684,BTC,True
0.0005,0.0005,0.0005,BTC-30OCT26-115000-C,0.0005,0.0006,97.8,0.00055364,0.0,1790791239367,84037.31,0.0,0.6,47.03,84396.48,BTC-30OCT26,BTC,BTC,24.97,0.00055,1793347200000,call,115000.0,True,open,2026-09-30 18:00:39.948245+00:00,2026-10-30 08:00:00+00:00,0.08104896155996322,0.4703,84396.48,0.30940643379220234,BTC,True
,,0.3697,BTC-30OCT26-115000-P,0.36,0.366,34.6,0.36316556,0.0,1790791239364,84037.31,,0.0,47.03,84396.48,BTC-30OCT26,BTC,BTC,0.0,0.363,1793347200000,put,115000.0,True,open,2026-09-30 18:00:39.948245+00:00,2026-10-30 08:00:00+00:00,0.08104896155996322,0.4703,84396.48,0.30940643379220234,BTC,True
,,0.313,BTC-27NOV26-58000-C,0.3165,0.3195,1.7,0.31794571,0.0,1790791239358,84037.31,,0.0,52.68,84740.53,BTC-27NOV26,BTC,BTC,0.0,0.318,1795766400000,call,58000.0,True,open,2026-09-30 18:00:39.948245+00:00,2026-11-27 08:00:00+00:00,0.1577612903270865,0.5268,84740.53,-0.37915098905773587,BTC,True
0.0026,0.0023,0.0023,BTC-27NOV26-58000-P,0.0022,0.0026,270.1,0.00238684,0.0,1790791239365,84037.31,-8.0,5.1,52.68,84740.53,BTC-27NOV26,BTC,BTC,1032.57,0.0024,1795766400000,put,58000.0,True,open,2026-09-30 18:00:39.948245+00:00,2026-11-27 08:00:00+00:00,0.1577612903270865,0.5268,84740.53,-0.37915098905773587,BTC,True
,,0.2845,BTC-27NOV26-60000-C,0.293,0.2965,0.8,0.29489333,0.0,1790791239357,84037.31,,0.0,50.56,84740.68,BTC-27NOV26,BTC,BTC,0.0,0.29475,1795766400000,call,60000.0,True,open,2026-09-30 18:00:39.948245+00:00,2026-11-27 08:00:00+00:00,0.1577612903270865,0.5056,84740.68,-0.3452512074897851,BTC,True
0.0033,0.0027,0.0027,BTC-27NOV26-60000-P,0.0028,0.0032,239.2,0.00293588,0.0,1790791239365,84037.31,-10.0,10.3,50.56,84740.53,BTC-27NOV26,BTC,BTC,2611.66,0.003,1795766400000,put,60000.0,True,open,2026-09-30 18:00:39.948245+00:00,2026-11-27 08:00:00+00:00,0.1577612903270865,0.5056,84740.53,-0.34524943738205455,BTC,True
,,0.273,BTC-27NOV26-62000-C,0.2705,0.2735,0.1,0.27192698,0.0,1790791239363,84037.31,,0.0,48.36,84740.68,BTC-27NOV26,BTC,BTC,0.0,0.272,1795766400000,call,62000.0,True,open,2026-09-30 18:00:39.948245+00:00,2026-11-27 08:00:00+00:00,0.1577612903270865,0.4836,84740.68,-0.3124613846667942,BTC,True
0.0035,0.0035,0.0035,BTC-27NOV26-62000-P,0.0034,0.0038,346.5,0.00357095,0.0,1790791239356,84037.31,0.0,0.2,48.36,84740.68,BTC-27NOV26,BTC,BTC,59.05,0.0036,1795766400000,put,62000.0,True,open,2026-09-30 18:00:39.948245+00:00,2026-11-27 08:00:00+00:00,0.1577612903270865,0.4836,84740.68,-0.3124613846667942,BTC,True
,,0.25,BTC-27NOV26-64000-C,0.2475,0.251,0.2,0.249159,0.0,1790791239357,84037.31,,0.0,46.32,84740.53,BTC-27NOV26,BTC,BTC,0.0,0.24925,1795766400000,call,64000.0,True,open,2026-09-30 18:00:39.948245+00:00,2026-11-27 08:00:00+00:00,0.1577612903270865,0.4632,84740.53,-0.2807109162444834,BTC,True
0.0044,0.0043,0.0043,BTC-27NOV26-64000-P,0.0042,0.0047,42.1,0.00440438,0.0,1790791239365,84037.31,-2.2727,0.6,46.32,84740.68,BTC-27NOV26,BTC,BTC,219.14,0.00445,1795766400000,put,64000.0,True,open,2026-09-30 18:00:39.948245+00:00,2026-11-27 08:00:00+00:00,0.1577612903270865,0.4632,84740.68,-0.28071268635221386,BTC,True
,,0.2285,BTC-27NOV26-66000-C,0.225,0.2285,0.1,0.22659406,0.0,1790791239357,84037.31,,0.0,44.33,84740.68,BTC-27NOV26,BTC,BTC,0.0,0.22675,1795766400000,call,66000.0,True,open,2026-09-30 18:00:39.948245+00:00,2026-11-27 08:00:00+00:00,0.1577612903270865,0.44329999999999997,84740.68,-0.24994102768546017,BTC,True
,,0.0055,BTC-27NOV26-66000-P,0.005,0.006,174.8,0.00544086,0.0,1790791239365,84037.31,,0.0,44.33,84740.68,BTC-27NOV26,BTC,BTC,0.0,0.0055,1795766400000,put,66000.0,True,open,2026-09-30 18:00:39.948245+00:00,2026-11-27 08:00:00+00:00,0.1577612903270865,0.44329999999999997,84740.68,-0.24994102768546017,BTC,True
,,0.2045,BTC-27NOV26-67000-C,0.214,0.217,0.6,0.21543799,0.0,1790791239356,84037.31,,0.0,43.41,84740.53,BTC-27NOV26,BTC,BTC,0.0,0.2155,1795766400000,call,67000.0,True,open,2026-09-30 18:00:39.948245+00:00,2026-11-27 08:00:00+00:00,0.1577612903270865,0.4341,84740.53,-0.23490138021318915,BTC,True
0.006,0.0055,0.0055,BTC-27NOV26-67000-P,0.0055,0.0065,181.6,0.00608551,0.0,1790791239354,84037.31,-8.3333,49.6,43.41,84740.68,BTC-27NOV26,BTC,BTC,23324.88,0.006,1795766400000,put,67000.0,True,open,2026-09-30 18:00:39.948245+00:00,2026-11-27 08:00:00+00:00,0.1577612903270865,0.4341,84740.68,-0.23490315032091966,BTC,True
,,0.1367,BTC-27NOV26-68000-C,0.203,0.206,0.0,0.20449632,0.0,1790791239357,84037.31,,0.0,42.72,84740.53,BTC-27NOV26,BTC,BTC,0.0,0.2045,1795766400000,call,68000.0,True,open,2026-09-30 18:00:39.948245+00:00,2026-11-27 08:00:00+00:00,0.1577612903270865,0.42719999999999997,84740.53,-0.22008629442804858,BTC,True
,,0.0075,BTC-27NOV26-68000-P,0.0065,0.0075,181.7,0.00694454,0.0,1790791239367,84037.31,,0.0,42.72,84740.68,BTC-27NOV26,BTC,BTC,0.0,0.007,1795766400000,put,68000.0,True,open,2026-09-30 18:00:39.948245+00:00,2026-11-27 08:00:00+00:00,0.1577612903270865,0.42719999999999997,84740.68,-0.220088064535779,BTC,True
,,,BTC-27NOV26-69000-C,0.192,0.1955,0.0,0.19365544,0.0,1790791239367,84037.31,,0.0,42.02,84740.68,BTC-27NOV26,BTC,BTC,0.0,0.19375,1795766400000,call,69000.0,True,open,2026-09-30 18:00:39.948245+00:00,2026-11-27 08:00:00+00:00,0.1577612903270865,0.4202,84740.68,-0.2054892651146263,BTC,True
0.009,0.0075,0.0075,BTC-27NOV26-69000-P,0.0075,0.0085,117.5,0.00790437,0.0,1790791239358,84037.31,-16.6667,1.0,42.02,84740.68,BTC-27NOV26,BTC,BTC,687.91,0.008,1795766400000,put,69000.0,True,open,2026-09-30 18:00:39.948245+00:00,2026-11-27 08:00:00+00:00,0.1577612903270865,0.4202,84740.68,-0.2054892651146263,BTC,True
,,0.184,BTC-27NOV26-70000-C,0.181,0.1845,3.3,0.18287483,0.0,1790791239367,84037.31,,0.0,41.25,84740.53,BTC-27NOV26,BTC,BTC,0.0,0.18275,1795766400000,call,70000.0,True,open,2026-09-30 18:00:39.948245+00:00,2026-11-27 08:00:00+00:00,0.1577612903270865,0.4125,84740.53,-0.19109875755479616,BTC,True
0.0095,0.009,0.009,BTC-27NOV26-70000-P,0.0085,0.0095,232.8,0.00892447,0.0,1790791239367,84037.31,-5.2632,1.4,41.25,84740.68,BTC-27NOV26,BTC,BTC,1085.91,0.009,1795766400000,put,70000.0,True,open,2026-09-30 18:00:39.948245+00:00,2026-11-27 08:00:00+00:00,0.1577612903270865,0.4125,84740.68,-0.19110052766252672,BTC,True
,,0.1775,BTC-27NOV26-71000-C,0.1705,0.174,0.2,0.17208241,0.0,1790791239355,84037.31,,0.0,40.3,84740.68,BTC-27NOV26,BTC,BTC,0.0,0.17225,1795766400000,call,71000.0,True,open,2026-09-30 18:00:39.948245+00:00,2026-11-27 08:00:00+00:00,0.1577612903270865,0.40299999999999997,84740.68,-0.17691589267057029,BTC,True
,,0.01,BTC-27NOV26-71000-P,0.0095,0.0105,28.5,0.00993276,0.0,1790791239355,84037.31,,0.0,40.3,84740.68,BTC-27NOV26,BTC,BTC,0.0,0.01,1795766400000,put,71000.0,True,open,2026-09-30 18:00:39.948245+00:00,2026-11-27 08:00:00+00:00,0.1577612903270865,0.40299999999999997,84740.68,-0.17691589267057029,BTC,True
,,0.1825,BTC-27NOV26-72000-C,0.16,0.1635,25.5,0.16176699,0.0,1790791239364,84037.31,,0.0,39.79,84740.53,BTC-27NOV26,BTC,BTC,0.0,0.16175,1795766400000,call,72000.0,True,open,2026-09-30 18:00:39.948245+00:00,2026-11-27 08:00:00+00:00,0.1577612903270865,0.3979,84740.53,-0.16292788058809987,BTC,True
0.0115,0.0115,0.0115,BTC-27NOV26-72000-P,0.011,0.012,86.6,0.01141805,0.0,1790791239365,84037.31,0.0,0.5,39.79,84740.53,BTC-27NOV26,BTC,BTC,480.13,0.0115,1795766400000,put,72000.0,True,open,2026-09-30 18:00:39.948245+00:00,2026-11-27 08:00:00+00:00,0.1577612903270865,0.3979,84740.53,-0.16292788058809987,BTC,True
,,0.1421,BTC-27NOV26-73000-C,0.1495,0.153,0.6,0.15146409,0.0,1790791239354,84037.31,,0.0,39.09,84740.68,BTC-27NOV26,BTC,BTC,0.0,0.15125,1795766400000,call,73000.0,True,open,2026-09-30 18:00:39.948245+00:00,2026-11-27 08:00:00+00:00,0.1577612903270865,0.3909,84740.68,-0.14913632856349454,BTC,True
0.014,0.0125,0.0125,BTC-27NOV26-73000-P,0.0125,0.0135,61.3,0.01291586,0.0,1790791239366,84037.31,-10.7143,0.4,39.09,84740.53,BTC-27NOV26,BTC,BTC,432.05,0.013,1795766400000,put,73000.0,True,open,2026-09-30 18:00:39.948245+00:00,2026-11-27 08:00:00+00:00,0.1577612903270865,0.3909,84740.53,-0.14913455845576412,BTC,True
,,0.0835,BTC-27NOV26-74000-C,0.14,0.1435,0.4,0.14163975,0.0,1790791239354,84037.31,,0.0,38.7,84740.53,BTC-27NOV26,BTC,BTC,0.0,0.14175,1795766400000,call,74000.0,True,open,2026-09-30 18:00:39.948245+00:00,2026-11-27 08:00:00+00:00,0.1577612903270865,0.387,84740.53,-0.13552890639998544,BTC,True
0.016,0.0135,0.0135,BTC-27NOV26-74000-P,0.0145,0.0155,108.0,0.01489218,0.0,1790791239365,84037.31,-15.625,0.8,38.7,84740.53,BTC-27NOV26,BTC,BTC,1010.79,0.015,1795766400000,put,74000.0,True,open,2026-09-30 18:00:39.948245+00:00,2026-11-27 08:00:00+00:00,0.1577612903270865,0.387,84740.53,-0.13552890639998544,BTC,True
,,0.125,BTC-27NOV26-75000-C,0.13,0.1335,295.5,0.13184341,0.0,1790791239357,84037.31,,0.0,38.12,84740.68,BTC-27NOV26,BTC,BTC,0.0,0.13175,1795766400000,call,75000.0,True,open,2026-09-30 18:00:39.948245+00:00,2026-11-27 08:00:00+00:00,0.1577612903270865,0.3812,84740.68,-0.12210765617557523,BTC,True
,,0.0185,BTC-27NOV26-75000-P,0.0165,0.0175,1721.0,0.0168966,0.0,1790791239357,84037.31,,0.0,38.12,84740.68,BTC-27NOV26,BTC,BTC,0.0,0.017,1795766400000,put,75000.0,True,open,2026-09-30 18:00:39.948245+00:00,2026-11-27 08:00:00+00:00,0.1577612903270865,0.3812,84740.68,-0.12210765617557523,BTC,True
,,0.1205,BTC-27NOV26-76000-C,0.1205,0.124,27.5,0.12252295,0.0,1790791239367,84037.31,,0.0,37.75,84740.68,BTC-27NOV26,BTC,BTC,0.0,0.12225,1795766400000,call,76000.0,True,open,2026-09-30 18:00:39.948245+00:00,2026-11-27 08:00:00+00:00,0.1577612903270865,0.3775,84740.68,-0.10886242942555459,BTC,True
0.021,0.02,0.02,BTC-27NOV26-76000-P,0.019,0.02,78.9,0.01937684,0.0,1790791239364,84037.31,-4.7619,2.1,37.75,84740.68,BTC-27NOV26,BTC,BTC,3640.4,0.0195,1795766400000,put,76000.0,True,open,2026-09-30 18:00:39.948245+00:00,2026-11-27 08:00:00+00:00,0.1577612903270865,0.3775,84740.68,-0.10886242942555459,BTC,True
,,0.1075,BTC-27NOV26-77000-C,0.1115,0.115,74.1,0.11351471,0.0,1790791239363,84037.31,,0.0,37.41,84740.68,BTC-27NOV26,BTC,BTC,0.0,0.11325,1795766400000,call,77000.0,True,open,2026-09-30 18:00:39.948245+00:00,2026-11-27 08:00:00+00:00,0.1577612903270865,0.3741,84740.68,-0.09579034785820181,BTC,True
0.0235,0.022,0.022,BTC-27NOV26-77000-P,0.0215,0.0225,232.0,0.02216861,0.0,1790791239363,84037.31,-4.3478,0.8,37.41,84740.42,BTC-27NOV26,BTC,BTC,1539.85,0.022,1795766400000,put,77000.0,True,open,2026-09-30 18:00:39.948245+00:00,2026-11-27 08:00:00+00:00,0.1577612903270865,0.3741,84740.42,-0.09578727966947766,BTC,True
0.114,0.114,0.114,BTC-27NOV26-78000-C,0.104,0.1055,255.8,0.10484078,0.0,1790791239356,84037.31,0.0,0.2,37.1,84740.68,BTC-27NOV26,BTC,BTC,1941.59,0.10475,1795766400000,call,78000.0,True,open,2026-09-30 18:00:39.948245+00:00,2026-11-27 08:00:00+00:00,0.1577612903270865,0.371,84740.68,-0.08288694302229392,BTC,True
0.0275,0.0225,0.0225,BTC-27NOV26-78000-P,0.025,0.026,191.3,0.0252961,0.0,1790791239354,84037.31,-18.1818,5.2,37.1,84740.68,BTC-27NOV26,BTC,BTC,11550.06,0.0255,1795766400000,put,78000.0,True,open,2026-09-30 18:00:39.948245+00:00,2026-11-27 08:00:00+00:00,0.1577612903270865,0.371,84740.68,-0.08288694302229392,BTC,True
,,0.0915,BTC-27NOV26-79000-C,0.0955,0.0975,153.0,0.09652137,0.0,1790791239364,84037.31,,0.0,36.81,84740.53,BTC-27NOV26,BTC,BTC,0.0,0.0965,1795766400000,call,79000.0,True,open,2026-09-30 18:00:39.948245+00:00,2026-11-27 08:00:00+00:00,0.1577612903270865,0.36810000000000004,84740.53,-0.0701461471371338,BTC,True
0.032,0.0255,0.0285,BTC-27NOV26-79000-P,0.0285,0.0295,169.2,0.02877739,0.0,1790791239356,84037.31,-8.0645,4.9,36.81,84740.68,BTC-27NOV26,BTC,BTC,12526.17,0.029,1795766400000,put,79000.0,True,open,2026-09-30 18:00:39.948245+00:00,2026-11-27 08:00:00+00:00,0.1577612903270865,0.36810000000000004,84740.68,-0.07014791724486416,BTC,True
0.1,0.0875,0.1,BTC-27NOV26-80000-C,0.0875,0.089,1146.5,0.08863053,0.0,1790791239354,84037.31,14.2857,0.3,36.59,84740.68,BTC-27NOV26,BTC,BTC,2442.11,0.08825,1795766400000,call,80000.0,True,open,2026-09-30 18:00:39.948245+00:00,2026-11-27 08:00:00+00:00,0.1577612903270865,0.36590000000000006,84740.68,-0.05756913503800404,BTC,True
0.038,0.0275,0.0335,BTC-27NOV26-80000-P,0.032,0.033,233.3,0.03268639,0.0,1790791239364,84037.31,-5.6338,50.2,36.59,84740.42,BTC-27NOV26,BTC,BTC,138432.55,0.0325,1795766400000,put,80000.0,True,open,2026-09-30 18:00:39.948245+00:00,2026-11-27 08:00:00+00:00,0.1577612903270865,0.36590000000000006,84740.42,-0.05756606684927987,BTC,True
0.078,0.078,0.078,BTC-27NOV26-81000-C,0.08,0.0815,162.9,0.08112017,0.0,1790791239364,84037.31,0.0,0.2,36.38,84740.53,BTC-27NOV26,BTC,BTC,1304.54,0.08075,1795766400000,call,81000.0,True,open,2026-09-30 18:00:39.948245+00:00,2026-11-27 08:00:00+00:00,0.1577612903270865,0.3638,84740.53,-0.045144844931716416,BTC,True
0.042,0.0355,0.0371,BTC-27NOV26-81000-P,0.0365,0.0375,344.7,0.03697711,0.0,1790791239353,84037.31,-11.6667,304.0,36.38,84740.42,BTC-27NOV26,BTC,BTC,969206.15,0.037,1795766400000,put,81000.0,True,open,2026-09-30 18:00:39.948245+00:00,2026-11-27 08:00:00+00:00,0.1577612903270865,0.3638,84740.42,-0.045143546850722666,BTC,True
0.071,0.071,0.071,BTC-27NOV26-82000-C,0.073,0.0745,150.0,0.07405174,0.0,1790791239365,84037.31,0.0,0.5,36.22,84740.68,BTC-27NOV26,BTC,BTC,2968.65,0.07375,1795766400000,call,82000.0,True,open,2026-09-30 18:00:39.948245+00:00,2026-11-27 08:00:00+00:00,0.1577612903270865,0.36219999999999997,84740.68,-0.03287652244763253,BTC,True
0.0415,0.0415,0.0415,BTC-27NOV26-82000-P,0.0415,0.0425,130.8,0.04170987,0.0,1790791239356,84037.31,0.0,19.4,36.22,84740.42,BTC-27NOV26,BTC,BTC,67816.68,0.042,1795766400000,put,82000.0,True,open,2026-09-30 18:00:39.948245+00:00,2026-11-27 08:00:00+00:00,0.1577612903270865,0.36219999999999997,84740.42,-0.03287345425890839,BTC,True
0.0675,0.067,0.0675,BTC-27NOV26-83000-C,0.0665,0.068,100.1,0.06742765,0.0,1790791239354,84037.31,0.7463,5.8,36.1,84740.53,BTC-27NOV26,BTC,BTC,32631.34,0.06725,1795766400000,call,83000.0,True,open,2026-09-30 18:00:39.948245+00:00,2026-11-27 08:00:00+00:00,0.1577612903270865,0.361,84740.53,-0.020753391807557267,BTC,True
0.0535,0.048,0.048,BTC-27NOV26-83000-P,0.0465,0.0475,177.0,0.04688609,0.0,1790791239364,84037.31,-9.434,0.9,36.1,84740.53,BTC-27NOV26,BTC,BTC,3741.23,0.047,1795766400000,put,83000.0,True,open,2026-09-30 18:00:39.948245+00:00,2026-11-27 08:00:00+00:00,0.1577612903270865,0.361,84740.53,-0.020753391807557267,BTC,True
0.064,0.0595,0.064,BTC-27NOV26-84000-C,0.0605,0.0615,82.0,0.06114264,0.0,1790791239355,84037.31,6.6667,3.4,35.95,84740.53,BTC-27NOV26,BTC,BTC,17462.49,0.061,1795766400000,call,84000.0,True,open,2026-09-30 18:00:39.948245+00:00,2026-11-27 08:00:00+00:00,0.1577612903270865,0.35950000000000004,84740.53,-0.008777200760841639,BTC,True
0.0575,0.049,0.052,BTC-27NOV26-84000-P,0.052,0.053,70.9,0.0524008,0.0,1790791239357,84037.31,-8.7719,11.2,35.95,84740.53,BTC-27NOV26,BTC,BTC,47387.46,0.0525,1795766400000,put,84000.0,True,open,2026-09-30 18:00:39.948245+00:00,2026-11-27 08:00:00+00:00,0.1577612903270865,0.35950000000000004,84740.53,-0.008777200760841639,BTC,True
0.0625,0.0545,0.0625,BTC-27NOV26-85000-C,0.0545,0.056,829.5,0.05536559,0.0,1790791239364,84037.31,11.6071,6.1,35.87,84740.68,BTC-27NOV26,BTC,BTC,28133.89,0.05525,1795766400000,call,85000.0,True,open,2026-09-30 18:00:39.948245+00:00,2026-11-27 08:00:00+00:00,0.1577612903270865,0.35869999999999996,84740.68,0.0030554867784307153,BTC,True
0.064,0.0545,0.0545,BTC-27NOV26-85000-P,0.058,0.059,116.1,0.05842525,0.0,1790791239358,84037.31,-14.8438,23.4,35.87,84740.42,BTC-27NOV26,BTC,BTC,118908.32,0.0585,1795766400000,put,85000.0,True,open,2026-09-30 18:00:39.948245+00:00,2026-11-27 08:00:00+00:00,0.1577612903270865,0.35869999999999996,84740.42,0.0030585549671549805,BTC,True
0.0585,0.0465,0.0505,BTC-27NOV26-86000-C,0.0495,0.0505,179.2,0.04996486,0.0,1790791239354,84037.31,8.6022,16.0,35.79,84740.68,BTC-27NOV26,BTC,BTC,68460.62,0.05,1795766400000,call,86000.0,True,open,2026-09-30 18:00:39.948245+00:00,2026-11-27 08:00:00+00:00,0.1577612903270865,0.3579,84740.68,0.014751526541621998,BTC,True
0.072,0.057,0.057,BTC-27NOV26-86000-P,0.0645,0.0655,93.1,0.06482538,0.0,1790791239365,84037.31,-19.7183,5.9,35.79,84740.42,BTC-27NOV26,BTC,BTC,33979.53,0.065,1795766400000,put,86000.0,True,open,2026-09-30 18:00:39.948245+00:00,2026-11-27 08:00:00+00:00,0.1577612903270865,0.3579,84740.42,0.014754594730346194,BTC,True
0.0535,0.0432,0.0535,BTC-27NOV26-87000-C,0.0445,0.0455,201.3,0.04502022,0.0,1790791239363,84037.31,23.8426,13.0,35.76,84740.53,BTC-27NOV26,BTC,BTC,49673.77,0.045,1795766400000,call,87000.0,True,open,2026-09-30 18:00:39.948245+00:00,2026-11-27 08:00:00+00:00,0.1577612903270865,0.3576,84740.53,0.026314119050428502,BTC,True
0.0705,0.064,0.064,BTC-27NOV26-87000-P,0.071,0.0725,26.3,0.07168138,0.0,1790791239358,84037.31,-9.2199,5.8,35.76,84740.53,BTC-27NOV26,BTC,BTC,33079.46,0.07175,1795766400000,put,87000.0,True,open,2026-09-30 18:00:39.948245+00:00,2026-11-27 08:00:00+00:00,0.1577612903270865,0.3576,84740.53,0.026314119050428502,BTC,True
0.0485,0.0377,0.044,BTC-27NOV26-88000-C,0.04,0.041,1082.8,0.04052556,0.0,1790791239366,84037.31,16.7109,103.0,35.78,84740.68,BTC-27NOV26,BTC,BTC,323875.63,0.0405,1795766400000,call,88000.0,True,open,2026-09-30 18:00:39.948245+00:00,2026-11-27 08:00:00+00:00,0.1577612903270865,0.3578,84740.68,0.03774104476632075,BTC,True
0.0865,0.0705,0.0705,BTC-27NOV26-88000-P,0.0785,0.0795,36.1,0.07898796,0.0,1790791239356,84037.31,-18.4971,4.6,35.78,84740.53,BTC-27NOV26,BTC,BTC,29684.4,0.079,1795766400000,put,88000.0,True,open,2026-09-30 18:00:39.948245+00:00,2026-11-27 08:00:00+00:00,0.1577612903270865,0.3578,84740.53,0.0377428148740512,BTC,True
0.037,0.0335,0.037,BTC-27NOV26-89000-C,0.0355,0.0365,510.1,0.03624479,0.0,1790791239365,84037.31,10.4478,3.2,35.71,84740.42,BTC-27NOV26,BTC,BTC,9905.3,0.036,1795766400000,call,89000.0,True,open,2026-09-30 18:00:39.948245+00:00,2026-11-27 08:00:00+00:00,0.1577612903270865,0.35710000000000003,84740.42,0.049043668208978326,BTC,True
0.086,0.086,0.086,BTC-27NOV26-89000-P,0.0855,0.0875,14.2,0.08650789,0.0,1790791239365,84037.31,0.0,2.9,35.71,84740.68,BTC-27NOV26,BTC,BTC,21017.2,0.0865,1795766400000,put,89000.0,True,open,2026-09-30 18:00:39.948245+00:00,2026-11-27 08:00:00+00:00,0.1577612903270865,0.35710000000000003,84740.68,0.04904060002025412,BTC,True
0.0375,0.0329,0.033,BTC-27NOV26-90000-C,0.032,0.033,1327.1,0.03244278,0.0,1790791239365,84037.31,0.0,1001.1,35.72,84740.53,BTC-27NOV26,BTC,BTC,2792974.77,0.0325,1795766400000,call,90000.0,True,open,2026-09-30 18:00:39.948245+00:00,2026-11-27 08:00:00+00:00,0.1577612903270865,0.35719999999999996,84740.53,0.060215670726109886,BTC,True
,,0.1,BTC-27NOV26-90000-P,0.0935,0.0955,6.7,0.09450602,0.0,1790791239354,84037.31,,0.0,35.72,84740.68,BTC-27NOV26,BTC,BTC,0.0,0.0945,1795766400000,put,90000.0,True,open,2026-09-30 18:00:39.948245+00:00,2026-11-27 08:00:00+00:00,0.1577612903270865,0.35719999999999996,84740.68,0.060213900618379355,BTC,True
0.0295,0.0295,0.0295,BTC-27NOV26-91000-C,0.0285,0.0295,208.0,0.02907401,0.0,1790791239364,84037.31,0.0,2.9,35.81,84740.68,BTC-27NOV26,BTC,BTC,7170.76,0.029,1795766400000,call,91000.0,True,open,2026-09-30 18:00:39.948245+00:00,2026-11-27 08:00:00+00:00,0.1577612903270865,0.35810000000000003,84740.68,0.07126373680496433,BTC,True
,,,BTC-27NOV26-91000-P,0.102,0.1045,0.0,0.10293854,0.0,1790791239364,84037.31,,0.0,35.81,84740.68,BTC-27NOV26,BTC,BTC,0.0,0.10325,1795766400000,put,91000.0,True,open,2026-09-30 18:00:39.948245+00:00,2026-11-27 08:00:00+00:00,0.1577612903270865,0.35810000000000003,84740.68,0.07126373680496433,BTC,True
0.0285,0.0255,0.0265,BTC-27NOV26-92000-C,0.0255,0.026,402.0,0.02586969,0.0,1790791239354,84037.31,1.9231,46.3,35.81,84740.68,BTC-27NOV26,BTC,BTC,103325.9,0.02575,1795766400000,call,92000.0,True,open,2026-09-30 18:00:39.948245+00:00,2026-11-27 08:00:00+00:00,0.1577612903270865,0.35810000000000003,84740.68,0.0821928073371546,BTC,True
,,0.103,BTC-27NOV26-92000-P,0.1105,0.1135,2.1,0.11153493,0.0,1790791239354,84037.31,,0.0,35.81,84740.53,BTC-27NOV26,BTC,BTC,0.0,0.112,1795766400000,put,92000.0,True,open,2026-09-30 18:00:39.948245+00:00,2026-11-27 08:00:00+00:00,0.1577612903270865,0.35810000000000003,84740.53,0.08219457744488502,BTC,True
0.024,0.0225,0.023,BTC-27NOV26-93000-C,0.0225,0.0235,186.4,0.02312977,0.0,1790791239355,84037.31,0.0,143.3,35.93,84740.68,BTC-27NOV26,BTC,BTC,275452.75,0.023,1795766400000,call,93000.0,True,open,2026-09-30 18:00:39.948245+00:00,2026-11-27 08:00:00+00:00,0.1577612903270865,0.3593,84740.68,0.09300372344137024,BTC,True
,,0.1075,BTC-27NOV26-93000-P,0.1185,0.1225,0.0,0.12059572,0.0,1790791239356,84037.31,,0.0,35.93,84740.53,BTC-27NOV26,BTC,BTC,0.0,0.1205,1795766400000,put,93000.0,True,open,2026-09-30 18:00:39.948245+00:00,2026-11-27 08:00:00+00:00,0.1577612903270865,0.3593,84740.53,0.09300549354910079,BTC,True
0.0225,0.0215,0.0215,BTC-27NOV26-94000-C,0.02,0.0205,306.5,0.02060463,0.0,1790791239357,84037.31,-4.4444,248.6,36.02,84740.68,BTC-27NOV26,BTC,BTC,467787.34,0.02025,1795766400000,call,94000.0,True,open,2026-09-30 18:00:39.948245+00:00,2026-11-27 08:00:00+00:00,0.1577612903270865,0.3602,84740.68,0.1036990125581182,BTC,True
,,0.115,BTC-27NOV26-94000-P,0.1275,0.132,3.0,0.12987129,0.0,1790791239357,84037.31,,0.0,36.02,84740.68,BTC-27NOV26,BTC,BTC,0.0,0.12975,1795766400000,put,94000.0,True,open,2026-09-30 18:00:39.948245+00:00,2026-11-27 08:00:00+00:00,0.1577612903270865,0.3602,84740.68,0.1036990125581182,BTC,True
0.0211,0.018,0.018,BTC-27NOV26-95000-C,0.018,0.0185,824.1,0.01848956,0.0,1790791239354,84037.31,-14.6919,200.3,36.24,84740.68,BTC-27NOV26,BTC,BTC,357571.06,0.01825,1795766400000,call,95000.0,True,open,2026-09-30 18:00:39.948245+00:00,2026-11-27 08:00:00+00:00,0.1577612903270865,0.3624,84740.68,0.11428112188865513,BTC,True
0.1378,0.1378,0.1378,BTC-27NOV26-95000-P,0.1375,0.1415,0.1,0.13955693,0.0,1790791239365,84037.31,0.0,0.1,36.24,84740.53,BTC-27NOV26,BTC,BTC,1162.91,0.1395,1795766400000,put,95000.0,True,open,2026-09-30 18:00:39.948245+00:00,2026-11-27 08:00:00+00:00,0.1577612903270865,0.3624,84740.53,0.11428289199638558,BTC,True
0.0205,0.016,0.017,BTC-27NOV26-96000-C,0.016,0.017,218.8,0.01657897,0.0,1790791239365,84037.31,6.25,1.2,36.46,84740.42,BTC-27NOV26,BTC,BTC,1780.51,0.0165,1795766400000,call,96000.0,True,open,2026-09-30 18:00:39.948245+00:00,2026-11-27 08:00:00+00:00,0.1577612903270865,0.36460000000000004,84740.42,0.12475548994467472,BTC,True
,,,BTC-27NOV26-96000-P,0.1475,0.1515,0.0,0.14944693,0.0,1790791239364,84037.31,,0.0,36.46,84740.53,BTC-27NOV26,BTC,BTC,0.0,0.1495,1795766400000,put,96000.0,True,open,2026-09-30 18:00:39.948245+00:00,2026-11-27 08:00:00+00:00,0.1577612903270865,0.36460000000000004,84740.53,0.12475419186368093,BTC,True
0.018,0.0143,0.018,BTC-27NOV26-97000-C,0.014,0.015,41.2,0.01466703,0.0,1790791239363,84037.31,25.8741,10.9,36.51,84740.68,BTC-27NOV26,BTC,BTC,16544.53,0.0145,1795766400000,call,97000.0,True,open,2026-09-30 18:00:39.948245+00:00,2026-11-27 08:00:00+00:00,0.1577612903270865,0.3651,84740.68,0.13511520879149713,BTC,True
,,,BTC-27NOV26-97000-P,0.157,0.1615,0.0,0.15933582,0.0,1790791239363,84037.31,,0.0,36.51,84740.53,BTC-27NOV26,BTC,BTC,0.0,0.15925,1795766400000,put,97000.0,True,open,2026-09-30 18:00:39.948245+00:00,2026-11-27 08:00:00+00:00,0.1577612903270865,0.3651,84740.53,0.13511697889922766,BTC,True
0.017,0.013,0.0146,BTC-27NOV26-98000-C,0.0125,0.0135,706.7,0.01309627,0.0,1790791239354,84037.31,12.3077,49.3,36.69,84740.68,BTC-27NOV26,BTC,BTC,64254.45,0.013,1795766400000,call,98000.0,True,open,2026-09-30 18:00:39.948245+00:00,2026-11-27 08:00:00+00:00,0.1577612903270865,0.3669,84740.68,0.14537170895868623,BTC,True
,,,BTC-27NOV26-98000-P,0.1675,0.172,0.0,0.16956576,0.0,1790791239354,84037.31,,0.0,36.69,84740.53,BTC-27NOV26,BTC,BTC,0.0,0.16975,1795766400000,put,98000.0,True,open,2026-09-30 18:00:39.948245+00:00,2026-11-27 08:00:00+00:00,0.1577612903270865,0.3669,84740.53,0.1453734790664167,BTC,True
,,0.0123,BTC-27NOV26-99000-C,0.0115,0.012,11.5,0.01170185,0.0,1790791239364,84037.31,,0.0,36.89,84740.68,BTC-27NOV26,BTC,BTC,0.0,0.01175,1795766400000,call,99000.0,True,open,2026-09-30 18:00:39.948245+00:00,2026-11-27 08:00:00+00:00,0.1577612903270865,0.3689,84740.68,0.15552408042270424,BTC,True
,,,BTC-27NOV26-99000-P,0.1775,0.1825,0.0,0.17997206,0.0,1790791239354,84037.31,,0.0,36.89,84740.68,BTC-27NOV26,BTC,BTC,0.0,0.18,1795766400000,put,99000.0,True,open,2026-09-30 18:00:39.948245+00:00,2026-11-27 08:00:00+00:00,0.1577612903270865,0.3689,84740.68,0.15552408042270424,BTC,True
0.011,0.01,0.011,BTC-27NOV26-100000-C,0.01,0.011,451.3,0.01056346,0.0,1790791239357,84037.31,4.7619,1.0,37.21,84740.68,BTC-27NOV26,BTC,BTC,890.94,0.0105,1795766400000,call,100000.0,True,open,2026-09-30 18:00:39.948245+00:00,2026-11-27 08:00:00+00:00,0.1577612903270865,0.3721,84740.68,0.1655744162762057,BTC,True
,,0.1903,BTC-27NOV26-100000-P,0.1885,0.193,26.1,0.19063438,0.0,1790791239358,84037.31,,0.0,37.21,84740.53,BTC-27NOV26,BTC,BTC,0.0,0.19075,1795766400000,put,100000.0,True,open,2026-09-30 18:00:39.948245+00:00,2026-11-27 08:00:00+00:00,0.1577612903270865,0.3721,84740.53,0.16557618638393623,BTC,True
0.01,0.0085,0.0085,BTC-27NOV26-102000-C,0.008,0.009,375.0,0.00854786,0.0,1790791239358,84037.31,0.0,14.4,37.75,84740.68,BTC-27NOV26,BTC,BTC,10858.78,0.0085,1795766400000,call,102000.0,True,open,2026-09-30 18:00:39.948245+00:00,2026-11-27 08:00:00+00:00,0.1577612903270865,0.3775,84740.68,0.1853770435723854,BTC,True
,,0.2275,BTC-27NOV26-102000-P,0.21,0.2145,2.0,0.21221854,0.0,1790791239354,84037.31,,0.0,37.75,84740.42,BTC-27NOV26,BTC,BTC,0.0,0.21225,1795766400000,put,102000.0,True,open,2026-09-30 18:00:39.948245+00:00,2026-11-27 08:00:00+00:00,0.1577612903270865,0.3775,84740.42,0.1853801117611096,BTC,True
0.0075,0.007,0.0075,BTC-27NOV26-104000-C,0.0065,0.0075,16.4,0.00703146,0.0,1790791239354,84037.31,7.1429,0.2,38.44,84740.68,BTC-27NOV26,BTC,BTC,121.27,0.007,1795766400000,call,104000.0,True,open,2026-09-30 18:00:39.948245+00:00,2026-11-27 08:00:00+00:00,0.1577612903270865,0.38439999999999996,84740.68,0.204795129429487,BTC,True
,,,BTC-27NOV26-104000-P,0.2315,0.237,0.0,0.23430353,0.0,1790791239364,84037.31,,0.0,38.44,84740.53,BTC-27NOV26,BTC,BTC,0.0,0.23425,1795766400000,put,104000.0,True,open,2026-09-30 18:00:39.948245+00:00,2026-11-27 08:00:00+00:00,0.1577612903270865,0.38439999999999996,84740.53,0.2047968995372175,BTC,True
,,0.0065,BTC-27NOV26-105000-C,0.006,0.0065,20.2,0.00622039,0.0,1790791239356,84037.31,,0.0,38.53,84740.68,BTC-27NOV26,BTC,BTC,0.0,0.00625,1795766400000,call,105000.0,True,open,2026-09-30 18:00:39.948245+00:00,2026-11-27 08:00:00+00:00,0.1577612903270865,0.38530000000000003,84740.68,0.21436458044563772,BTC,True
,,0.246,BTC-27NOV26-105000-P,0.2425,0.248,3.3,0.24529485,0.0,1790791239356,84037.31,,0.0,38.53,84740.68,BTC-27NOV26,BTC,BTC,0.0,0.24525,1795766400000,put,105000.0,True,open,2026-09-30 18:00:39.948245+00:00,2026-11-27 08:00:00+00:00,0.1577612903270865,0.38530000000000003,84740.68,0.21436458044563772,BTC,True
,,0.008,BTC-27NOV26-106000-C,0.005,0.006,29.4,0.00553435,0.0,1790791239354,84037.31,,0.0,38.67,84740.53,BTC-27NOV26,BTC,BTC,0.0,0.0055,1795766400000,call,106000.0,True,open,2026-09-30 18:00:39.948245+00:00,2026-11-27 08:00:00+00:00,0.1577612903270865,0.38670000000000004,84740.53,0.22384509450791187,BTC,True
,,,BTC-27NOV26-106000-P,0.254,0.259,0.0,0.25640777,0.0,1790791239364,84037.31,,0.0,38.67,84740.53,BTC-27NOV26,BTC,BTC,0.0,0.2565,1795766400000,put,106000.0,True,open,2026-09-30 18:00:39.948245+00:00,2026-11-27 08:00:00+00:00,0.1577612903270865,0.38670000000000004,84740.53,0.22384509450791187,BTC,True
0.005,0.005,0.005,BTC-27NOV26-108000-C,0.0044,0.0048,102.7,0.00463314,0.0,1790791239354,84037.31,0.0,1.0,39.45,84740.68,BTC-27NOV26,BTC,BTC,421.52,0.0046,1795766400000,call,108000.0,True,open,2026-09-30 18:00:39.948245+00:00,2026-11-27 08:00:00+00:00,0.1577612903270865,0.3945,84740.68,0.24253545741233404,BTC,True
,,,BTC-27NOV26-108000-P,0.2765,0.282,0.0,0.27910795,0.0,1790791239356,84037.31,,0.0,39.45,84740.53,BTC-27NOV26,BTC,BTC,0.0,0.27925,1795766400000,put,108000.0,True,open,2026-09-30 18:00:39.948245+00:00,2026-11-27 08:00:00+00:00,0.1577612903270865,0.3945,84740.53,0.2425372275200645,BTC,True
0.0038,0.0037,0.0038,BTC-27NOV26-110000-C,0.0036,0.004,258.8,0.0038331,0.0,1790791239355,84037.31,2.7027,4.1,40.07,84740.68,BTC-27NOV26,BTC,BTC,1275.42,0.0038,1795766400000,call,110000.0,True,open,2026-09-30 18:00:39.948245+00:00,2026-11-27 08:00:00+00:00,0.1577612903270865,0.4007,84740.68,0.2608845960805306,BTC,True
,,,BTC-27NOV26-110000-P,0.299,0.3045,0.0,0.30191111,0.0,1790791239357,84037.31,,0.0,40.07,84740.68,BTC-27NOV26,BTC,BTC,0.0,0.30175,1795766400000,put,110000.0,True,open,2026-09-30 18:00:39.948245+00:00,2026-11-27 08:00:00+00:00,0.1577612903270865,0.4007,84740.68,0.2608845960805306,BTC,True
0.0038,0.0032,0.0038,BTC-27NOV26-112000-C,0.003,0.0034,8.3,0.00322269,0.0,1790791239367,84037.31,18.75,0.2,40.79,84740.68,BTC-27NOV26,BTC,BTC,59.28,0.0032,1795766400000,call,112000.0,True,open,2026-09-30 18:00:39.948245+00:00,2026-11-27 08:00:00+00:00,0.1577612903270865,0.4079,84740.68,0.2789031015832089,BTC,True
,,,BTC-27NOV26-112000-P,0.322,0.328,0.0,0.32490025,0.0,1790791239365,84037.31,,0.0,40.79,84740.53,BTC-27NOV26,BTC,BTC,0.0,0.325,1795766400000,put,112000.0,True,open,2026-09-30 18:00:39.948245+00:00,2026-11-27 08:00:00+00:00,0.1577612903270865,0.4079,84740.53,0.27890487169093936,BTC,True
,,0.0028,BTC-27NOV26-115000-C,0.0023,0.0028,44.6,0.00256173,0.0,1790791239367,84037.31,,0.0,42.0,84740.68,BTC-27NOV26,BTC,BTC,0.0,0.00255,1795766400000,call,115000.0,True,open,2026-09-30 18:00:39.948245+00:00,2026-11-27 08:00:00+00:00,0.1577612903270865,0.42,84740.68,0.30533635865136444,BTC,True
,,0.3715,BTC-27NOV26-115000-P,0.3565,0.363,0.2,0.35964137,0.0,1790791239357,84037.31,,0.0,42.0,84740.53,BTC-27NOV26,BTC,BTC,0.0,0.35975,1795766400000,put,115000.0,True,open,2026-09-30 18:00:39.948245+00:00,2026-11-27 08:00:00+00:00,0.1577612903270865,0.42,84740.53,0.3053381287590949,BTC,True
0.0018,0.0015,0.0016,BTC-27NOV26-120000-C,0.0015,0.0019,118.8,0.00171074,0.0,1790791239354,84037.31,-11.1111,1.3,43.63,84740.68,BTC-27NOV26,BTC,BTC,166.41,0.0017,1795766400000,call,120000.0,True,open,2026-09-30 18:00:39.948245+00:00,2026-11-27 08:00:00+00:00,0.1577612903270865,0.4363,84740.68,0.34789597307016024,BTC,True
,,0.421,BTC-27NOV26-120000-P,0.415,0.421,9.9,0.41779383,0.0,1790791239364,84037.31,,0.0,43.63,84740.42,BTC-27NOV26,BTC,BTC,0.0,0.418,1795766400000,put,120000.0,True,open,2026-09-30 18:00:39.948245+00:00,2026-11-27 08:00:00+00:00,0.1577612903270865,0.4363,84740.42,0.3478990412588845,BTC,True
,,0.765,BTC-25DEC26-20000-C,0.7645,0.766,5.1,0.76515446,0.0,1790791239357,84037.31,,0.0,111.27,85060.62,BTC-25DEC26,BTC,BTC,0.0,0.76525,1798185600000,call,20000.0,True,open,2026-09-30 18:00:39.948245+00:00,2026-12-25 08:00:00+00:00,0.2344736190942098,1.1127,85060.62,-1.447631905217422,BTC,True
0.0002,0.0002,0.0002,BTC-25DEC26-20000-P,0.0002,0.0003,933.0,0.0002805,0.0,1790791239354,84037.31,0.0,0.3,111.27,85060.77,BTC-25DEC26,BTC,BTC,4.99,0.00025,1798185600000,put,20000.0,True,open,2026-09-30 18:00:39.948245+00:00,2026-12-25 08:00:00+00:00,0.2344736190942098,1.1127,85060.77,-1.4476336686640998,BTC,True
,,0.6455,BTC-25DEC26-30000-C,0.647,0.6485,300.8,0.64781401,0.0,1790791239357,84037.31,,0.0,86.41,85060.62,BTC-25DEC26,BTC,BTC,0.0,0.64775,1798185600000,call,30000.0,True,open,2026-09-30 18:00:39.948245+00:00,2026-12-25 08:00:00+00:00,0.2344736190942098,0.8641,85060.62,-1.0421667971092576,BTC,True
,,0.0004,BTC-25DEC26-30000-P,0.0004,0.0007,2197.9,0.00050308,0.0,1790791239357,84037.31,,0.0,86.41,85060.77,BTC-25DEC26,BTC,BTC,0.0,0.00055,1798185600000,put,30000.0,True,open,2026-09-30 18:00:39.948245+00:00,2026-12-25 08:00:00+00:00,0.2344736190942098,0.8641,85060.77,-1.0421685605559354,BTC,True
,,0.59,BTC-25DEC26-35000-C,0.588,0.59,87.9,0.58930476,0.0,1790791239365,84037.31,,0.0,78.3,85060.62,BTC-25DEC26,BTC,BTC,0.0,0.589,1798185600000,call,35000.0,True,open,2026-09-30 18:00:39.948245+00:00,2026-12-25 08:00:00+00:00,0.2344736190942098,0.7829999999999999,85060.62,-0.8880161172819994,BTC,True
0.0007,0.0007,0.0007,BTC-25DEC26-35000-P,0.0006,0.0009,2141.9,0.00077534,0.0,1790791239357,84037.31,0.0,0.8,78.3,85060.62,BTC-25DEC26,BTC,BTC,47.12,0.00075,1798185600000,put,35000.0,True,open,2026-09-30 18:00:39.948245+00:00,2026-12-25 08:00:00+00:00,0.2344736190942098,0.7829999999999999,85060.62,-0.8880161172819994,BTC,True
,,0.5245,BTC-25DEC26-40000-C,0.5295,0.532,253.2,0.53085322,0.0,1790791239354,84037.31,,0.0,70.56,85060.62,BTC-25DEC26,BTC,BTC,0.0,0.53075,1798185600000,call,40000.0,True,open,2026-09-30 18:00:39.948245+00:00,2026-12-25 08:00:00+00:00,0.2344736190942098,0.7056,85060.62,-0.7544847246574766,BTC,True
0.0011,0.001,0.0011,BTC-25DEC26-40000-P,0.001,0.0011,4954.9,0.0011053,0.0,1790791239354,84037.31,10.0,1.7,70.56,85060.62,BTC-25DEC26,BTC,BTC,152.68,0.00105,1798185600000,put,40000.0,True,open,2026-09-30 18:00:39.948245+00:00,2026-12-25 08:00:00+00:00,0.2344736190942098,0.7056,85060.62,-0.7544847246574766,BTC,True
,,0.4645,BTC-25DEC26-45000-C,0.471,0.474,94.5,0.47240095,0.0,1790791239355,84037.31,,0.0,62.75,85060.62,BTC-25DEC26,BTC,BTC,0.0,0.4725,1798185600000,call,45000.0,True,open,2026-09-30 18:00:39.948245+00:00,2026-12-25 08:00:00+00:00,0.2344736190942098,0.6275,85060.62,-0.6367016890010934,BTC,True
0.0016,0.0014,0.0016,BTC-25DEC26-45000-P,0.0013,0.0016,2812.2,0.00143455,0.0,1790791239356,84037.31,14.2857,1.0,62.75,85060.62,BTC-25DEC26,BTC,BTC,121.8,0.00145,1798185600000,put,45000.0,True,open,2026-09-30 18:00:39.948245+00:00,2026-12-25 08:00:00+00:00,0.2344736190942098,0.6275,85060.62,-0.6367016890010934,BTC,True
,,0.4065,BTC-25DEC26-50000-C,0.4125,0.416,260.7,0.4143651,0.0,1790791239356,84037.31,,0.0,57.02,85060.62,BTC-25DEC26,BTC,BTC,0.0,0.41425,1798185600000,call,50000.0,True,open,2026-09-30 18:00:39.948245+00:00,2026-12-25 08:00:00+00:00,0.2344736190942098,0.5702,85060.62,-0.5313411733432669,BTC,True
0.0023,0.0021,0.0023,BTC-25DEC26-50000-P,0.002,0.0023,2215.7,0.00218021,0.0,1790791239365,84037.31,9.5238,3.7,57.02,85060.62,BTC-25DEC26,BTC,BTC,653.71,0.00215,1798185600000,put,50000.0,True,open,2026-09-30 18:00:39.948245+00:00,2026-12-25 08:00:00+00:00,0.2344736190942098,0.5702,85060.62,-0.5313411733432669,BTC,True
,,0.239,BTC-25DEC26-52000-C,0.3895,0.393,0.1,0.39120413,0.0,1790791239357,84037.31,,0.0,54.69,85060.62,BTC-25DEC26,BTC,BTC,0.0,0.39125,1798185600000,call,52000.0,True,open,2026-09-30 18:00:39.948245+00:00,2026-12-25 08:00:00+00:00,0.2344736190942098,0.5468999999999999,85060.62,-0.4921204601899857,BTC,True
0.0026,0.0025,0.0026,BTC-25DEC26-52000-P,0.0023,0.0027,436.8,0.00253185,0.0,1790791239358,84037.31,4.0,2.2,54.69,85060.62,BTC-25DEC26,BTC,BTC,462.21,0.0025,1798185600000,put,52000.0,True,open,2026-09-30 18:00:39.948245+00:00,2026-12-25 08:00:00+00:00,0.2344736190942098,0.5468999999999999,85060.62,-0.4921204601899857,BTC,True
,,0.3715,BTC-25DEC26-54000-C,0.3665,0.37,32.2,0.36817416,0.0,1790791239355,84037.31,,0.0,52.65,85060.77,BTC-25DEC26,BTC,BTC,0.0,0.36825,1798185600000,call,54000.0,True,open,2026-09-30 18:00:39.948245+00:00,2026-12-25 08:00:00+00:00,0.2344736190942098,0.5265,85060.77,-0.45438189565381637,BTC,True
0.0031,0.003,0.0031,BTC-25DEC26-54000-P,0.0028,0.0031,1907.3,0.00301448,0.0,1790791239365,84037.31,3.3333,2.1,52.65,85060.77,BTC-25DEC26,BTC,BTC,538.39,0.00295,1798185600000,put,54000.0,True,open,2026-09-30 18:00:39.948245+00:00,2026-12-25 08:00:00+00:00,0.2344736190942098,0.5265,85060.77,-0.45438189565381637,BTC,True
,,0.3565,BTC-25DEC26-55000-C,0.355,0.3585,122.4,0.3566847,0.0,1790791239364,84037.31,,0.0,51.63,85060.62,BTC-25DEC26,BTC,BTC,0.0,0.35675,1798185600000,call,55000.0,True,open,2026-09-30 18:00:39.948245+00:00,2026-12-25 08:00:00+00:00,0.2344736190942098,0.5163,85060.62,-0.43603099353894204,BTC,True
0.0034,0.0031,0.0032,BTC-25DEC26-55000-P,0.0031,0.0034,3197.3,0.00328132,0.0,1790791239364,84037.31,0.0,17.2,51.63,85060.62,BTC-25DEC26,BTC,BTC,4605.74,0.00325,1798185600000,put,55000.0,True,open,2026-09-30 18:00:39.948245+00:00,2026-12-25 08:00:00+00:00,0.2344736190942098,0.5163,85060.62,-0.43603099353894204,BTC,True
,,0.349,BTC-25DEC26-56000-C,0.3435,0.347,42.2,0.34523697,0.0,1790791239356,84037.31,,0.0,50.68,85060.62,BTC-25DEC26,BTC,BTC,0.0,0.34525,1798185600000,call,56000.0,True,open,2026-09-30 18:00:39.948245+00:00,2026-12-25 08:00:00+00:00,0.2344736190942098,0.5068,85060.62,-0.41801248803626373,BTC,True
0.0037,0.0037,0.0037,BTC-25DEC26-56000-P,0.0034,0.0037,520.5,0.00358989,0.0,1790791239354,84037.31,0.0,0.1,50.68,85060.62,BTC-25DEC26,BTC,BTC,31.17,0.00355,1798185600000,put,56000.0,True,open,2026-09-30 18:00:39.948245+00:00,2026-12-25 08:00:00+00:00,0.2344736190942098,0.5068,85060.62,-0.41801248803626373,BTC,True
,,0.3255,BTC-25DEC26-58000-C,0.3205,0.324,40.3,0.32243931,0.0,1790791239367,84037.31,,0.0,48.82,85060.62,BTC-25DEC26,BTC,BTC,0.0,0.32225,1798185600000,call,58000.0,True,open,2026-09-30 18:00:39.948245+00:00,2026-12-25 08:00:00+00:00,0.2344736190942098,0.4882,85060.62,-0.38292116822499367,BTC,True
0.0045,0.0042,0.0044,BTC-25DEC26-58000-P,0.0041,0.0044,1835.3,0.00430484,0.0,1790791239354,84037.31,0.0,12.1,48.82,85060.62,BTC-25DEC26,BTC,BTC,4417.22,0.00425,1798185600000,put,58000.0,True,open,2026-09-30 18:00:39.948245+00:00,2026-12-25 08:00:00+00:00,0.2344736190942098,0.4882,85060.62,-0.38292116822499367,BTC,True
0.294,0.293,0.294,BTC-25DEC26-60000-C,0.298,0.3015,784.1,0.29983987,0.0,1790791239354,84037.31,0.3413,3.0,47.11,85060.62,BTC-25DEC26,BTC,BTC,73251.49,0.29975,1798185600000,call,60000.0,True,open,2026-09-30 18:00:39.948245+00:00,2026-12-25 08:00:00+00:00,0.2344736190942098,0.4711,85060.62,-0.34901961654931235,BTC,True
0.0055,0.005,0.005,BTC-25DEC26-60000-P,0.005,0.0055,6265.1,0.00521801,0.0,1790791239365,84037.31,-9.0909,33.0,47.11,85060.62,BTC-25DEC26,BTC,BTC,14121.18,0.00525,1798185600000,put,60000.0,True,open,2026-09-30 18:00:39.948245+00:00,2026-12-25 08:00:00+00:00,0.2344736190942098,0.4711,85060.62,-0.34901961654931235,BTC,True
,,0.2715,BTC-25DEC26-62000-C,0.276,0.279,247.1,0.27753832,0.0,1790791239354,84037.31,,0.0,45.63,85060.62,BTC-25DEC26,BTC,BTC,0.0,0.2775,1798185600000,call,62000.0,True,open,2026-09-30 18:00:39.948245+00:00,2026-12-25 08:00:00+00:00,0.2344736190942098,0.45630000000000004,85060.62,-0.3162297937263214,BTC,True
0.0065,0.0065,0.0065,BTC-25DEC26-62000-P,0.006,0.007,1549.4,0.00642906,0.0,1790791239357,84037.31,0.0,4.3,45.63,85060.62,BTC-25DEC26,BTC,BTC,2325.28,0.0065,1798185600000,put,62000.0,True,open,2026-09-30 18:00:39.948245+00:00,2026-12-25 08:00:00+00:00,0.2344736190942098,0.45630000000000004,85060.62,-0.3162297937263214,BTC,True
,,0.2499,BTC-25DEC26-64000-C,0.254,0.257,404.9,0.25530314,0.0,1790791239356,84037.31,,0.0,43.9,85060.62,BTC-25DEC26,BTC,BTC,0.0,0.2555,1798185600000,call,64000.0,True,open,2026-09-30 18:00:39.948245+00:00,2026-12-25 08:00:00+00:00,0.2344736190942098,0.439,85060.62,-0.2844810954117411,BTC,True
0.008,0.0075,0.008,BTC-25DEC26-64000-P,0.0075,0.008,380.8,0.00770648,0.0,1790791239364,84037.31,0.0,9.4,43.9,85060.62,BTC-25DEC26,BTC,BTC,6292.14,0.00775,1798185600000,put,64000.0,True,open,2026-09-30 18:00:39.948245+00:00,2026-12-25 08:00:00+00:00,0.2344736190942098,0.439,85060.62,-0.2844810954117411,BTC,True
,,0.2455,BTC-25DEC26-65000-C,0.243,0.246,916.8,0.24429023,0.0,1790791239355,84037.31,,0.0,43.07,85060.62,BTC-25DEC26,BTC,BTC,0.0,0.2445,1798185600000,call,65000.0,True,open,2026-09-30 18:00:39.948245+00:00,2026-12-25 08:00:00+00:00,0.2344736190942098,0.4307,85060.62,-0.26897690887577586,BTC,True
0.009,0.009,0.009,BTC-25DEC26-65000-P,0.008,0.009,891.7,0.00844987,0.0,1790791239354,84037.31,0.0,2.5,43.07,85060.77,BTC-25DEC26,BTC,BTC,1871.33,0.0085,1798185600000,put,65000.0,True,open,2026-09-30 18:00:39.948245+00:00,2026-12-25 08:00:00+00:00,0.2344736190942098,0.4307,85060.77,-0.26897867232245365,BTC,True
,,0.229,BTC-25DEC26-66000-C,0.232,0.235,279.7,0.23352642,0.0,1790791239365,84037.31,,0.0,42.47,85060.62,BTC-25DEC26,BTC,BTC,0.0,0.2335,1798185600000,call,66000.0,True,open,2026-09-30 18:00:39.948245+00:00,2026-12-25 08:00:00+00:00,0.2344736190942098,0.42469999999999997,85060.62,-0.25370943674498747,BTC,True
0.01,0.01,0.01,BTC-25DEC26-66000-P,0.009,0.01,419.1,0.00944237,0.0,1790791239365,84037.31,0.0,1.2,42.47,85060.62,BTC-25DEC26,BTC,BTC,1008.18,0.0095,1798185600000,put,66000.0,True,open,2026-09-30 18:00:39.948245+00:00,2026-12-25 08:00:00+00:00,0.2344736190942098,0.42469999999999997,85060.62,-0.25370943674498747,BTC,True
,,0.204,BTC-25DEC26-68000-C,0.211,0.214,1023.2,0.21244487,0.0,1790791239358,84037.31,,0.0,41.41,85060.62,BTC-25DEC26,BTC,BTC,0.0,0.2125,1798185600000,call,68000.0,True,open,2026-09-30 18:00:39.948245+00:00,2026-12-25 08:00:00+00:00,0.2344736190942098,0.41409999999999997,85060.62,-0.22385647359530633,BTC,True
0.011,0.011,0.011,BTC-25DEC26-68000-P,0.0115,0.0125,696.7,0.01187342,0.0,1790791239355,84037.31,0.0,0.5,41.41,85060.62,BTC-25DEC26,BTC,BTC,469.03,0.012,1798185600000,put,68000.0,True,open,2026-09-30 18:00:39.948245+00:00,2026-12-25 08:00:00+00:00,0.2344736190942098,0.41409999999999997,85060.62,-0.22385647359530633,BTC,True
0.194,0.1875,0.194,BTC-25DEC26-70000-C,0.19,0.1935,1885.4,0.19176697,0.0,1790791239357,84037.31,3.4667,2.9,40.27,85060.62,BTC-25DEC26,BTC,BTC,45655.74,0.19175,1798185600000,call,70000.0,True,open,2026-09-30 18:00:39.948245+00:00,2026-12-25 08:00:00+00:00,0.2344736190942098,0.40270000000000006,85060.62,-0.19486893672205408,BTC,True
0.016,0.0145,0.0145,BTC-25DEC26-70000-P,0.0145,0.015,2111.7,0.01470813,0.0,1790791239354,84037.31,-6.4516,117.0,40.27,85060.62,BTC-25DEC26,BTC,BTC,154572.36,0.01475,1798185600000,put,70000.0,True,open,2026-09-30 18:00:39.948245+00:00,2026-12-25 08:00:00+00:00,0.2344736190942098,0.40270000000000006,85060.62,-0.19486893672205408,BTC,True
,,0.1645,BTC-25DEC26-72000-C,0.17,0.1735,1214.3,0.17194193,0.0,1790791239354,84037.31,,0.0,39.36,85060.62,BTC-25DEC26,BTC,BTC,0.0,0.17175,1798185600000,call,72000.0,True,open,2026-09-30 18:00:39.948245+00:00,2026-12-25 08:00:00+00:00,0.2344736190942098,0.3936,85060.62,-0.16669805975535765,BTC,True
0.0195,0.0165,0.0165,BTC-25DEC26-72000-P,0.018,0.019,878.0,0.01839569,0.0,1790791239356,84037.31,-15.3846,15.7,39.36,85060.77,BTC-25DEC26,BTC,BTC,22921.09,0.0185,1798185600000,put,72000.0,True,open,2026-09-30 18:00:39.948245+00:00,2026-12-25 08:00:00+00:00,0.2344736190942098,0.3936,85060.77,-0.16669982320203547,BTC,True
,,0.1446,BTC-25DEC26-74000-C,0.151,0.1545,137.9,0.15303565,0.0,1790791239355,84037.31,,0.0,38.6,85060.77,BTC-25DEC26,BTC,BTC,0.0,0.15275,1798185600000,call,74000.0,True,open,2026-09-30 18:00:39.948245+00:00,2026-12-25 08:00:00+00:00,0.2344736190942098,0.386,85060.77,-0.1393008490139211,BTC,True
0.0249,0.0205,0.0205,BTC-25DEC26-74000-P,0.0225,0.0235,185.8,0.02300202,0.0,1790791239366,84037.31,-14.5833,10.6,38.6,85060.77,BTC-25DEC26,BTC,BTC,20569.98,0.023,1798185600000,put,74000.0,True,open,2026-09-30 18:00:39.948245+00:00,2026-12-25 08:00:00+00:00,0.2344736190942098,0.386,85060.77,-0.1393008490139211,BTC,True
,,0.1365,BTC-25DEC26-75000-C,0.142,0.1455,1924.7,0.14406116,0.0,1790791239364,84037.31,,0.0,38.34,85060.77,BTC-25DEC26,BTC,BTC,0.0,0.14375,1798185600000,call,75000.0,True,open,2026-09-30 18:00:39.948245+00:00,2026-12-25 08:00:00+00:00,0.2344736190942098,0.3834,85060.77,-0.12587782868178038,BTC,True
0.029,0.0245,0.0245,BTC-25DEC26-75000-P,0.0255,0.026,1735.0,0.02578383,0.0,1790791239364,84037.31,-12.5,4.1,38.34,85060.62,BTC-25DEC26,BTC,BTC,9126.69,0.02575,1798185600000,put,75000.0,True,open,2026-09-30 18:00:39.948245+00:00,2026-12-25 08:00:00+00:00,0.2344736190942098,0.3834,85060.62,-0.12587606523510256,BTC,True
,,0.133,BTC-25DEC26-76000-C,0.1335,0.137,480.6,0.13529804,0.0,1790791239366,84037.31,,0.0,38.05,85060.62,BTC-25DEC26,BTC,BTC,0.0,0.13525,1798185600000,call,76000.0,True,open,2026-09-30 18:00:39.948245+00:00,2026-12-25 08:00:00+00:00,0.2344736190942098,0.38049999999999995,85060.62,-0.11263083848508194,BTC,True
,,0.032,BTC-25DEC26-76000-P,0.0285,0.029,474.2,0.02877701,0.0,1790791239354,84037.31,,0.0,38.05,85060.62,BTC-25DEC26,BTC,BTC,0.0,0.02875,1798185600000,put,76000.0,True,open,2026-09-30 18:00:39.948245+00:00,2026-12-25 08:00:00+00:00,0.2344736190942098,0.38049999999999995,85060.62,-0.11263083848508194,BTC,True
,,0.113,BTC-25DEC26-78000-C,0.117,0.1205,1087.7,0.11873135,0.0,1790791239367,84037.31,,0.0,37.6,85060.62,BTC-25DEC26,BTC,BTC,0.0,0.11875,1798185600000,call,78000.0,True,open,2026-09-30 18:00:39.948245+00:00,2026-12-25 08:00:00+00:00,0.2344736190942098,0.376,85060.62,-0.08665535208182132,BTC,True
0.039,0.0365,0.0365,BTC-25DEC26-78000-P,0.035,0.036,1458.2,0.03572292,0.0,1790791239364,84037.31,-6.4103,4.9,37.6,85060.77,BTC-25DEC26,BTC,BTC,15171.92,0.0355,1798185600000,put,78000.0,True,open,2026-09-30 18:00:39.948245+00:00,2026-12-25 08:00:00+00:00,0.2344736190942098,0.376,85060.77,-0.0866571155284991,BTC,True
0.1125,0.1,0.1125,BTC-25DEC26-80000-C,0.1025,0.1045,8727.2,0.10357836,0.0,1790791239354,84037.31,12.5,3.6,37.32,85060.62,BTC-25DEC26,BTC,BTC,30647.69,0.1035,1798185600000,call,80000.0,True,open,2026-09-30 18:00:39.948245+00:00,2026-12-25 08:00:00+00:00,0.2344736190942098,0.3732,85060.62,-0.06133754409753135,BTC,True
0.05,0.0385,0.043,BTC-25DEC26-80000-P,0.0435,0.0445,1921.7,0.04408254,0.0,1790791239357,84037.31,-7.5269,89.4,37.32,85060.62,BTC-25DEC26,BTC,BTC,335412.16,0.044,1798185600000,put,80000.0,True,open,2026-09-30 18:00:39.948245+00:00,2026-12-25 08:00:00+00:00,0.2344736190942098,0.3732,85060.62,-0.06133754409753135,BTC,True
,,0.084,BTC-25DEC26-82000-C,0.0885,0.09,1321.7,0.08957299,0.0,1790791239357,84037.31,,0.0,37.02,85060.77,BTC-25DEC26,BTC,BTC,0.0,0.08925,1798185600000,call,82000.0,True,open,2026-09-30 18:00:39.948245+00:00,2026-12-25 08:00:00+00:00,0.2344736190942098,0.37020000000000003,85060.77,-0.03664669495383772,BTC,True
0.0575,0.047,0.047,BTC-25DEC26-82000-P,0.053,0.054,804.1,0.05358897,0.0,1790791239357,84037.31,-18.2609,5.0,37.02,85060.62,BTC-25DEC26,BTC,BTC,22942.3,0.0535,1798185600000,put,82000.0,True,open,2026-09-30 18:00:39.948245+00:00,2026-12-25 08:00:00+00:00,0.2344736190942098,0.37020000000000003,85060.62,-0.036644931507159875,BTC,True
0.0865,0.072,0.074,BTC-25DEC26-84000-C,0.0765,0.0775,1257.7,0.07696788,0.0,1790791239366,84037.31,0.6803,5.9,36.8,85060.62,BTC-25DEC26,BTC,BTC,36769.37,0.077,1798185600000,call,84000.0,True,open,2026-09-30 18:00:39.948245+00:00,2026-12-25 08:00:00+00:00,0.2344736190942098,0.368,85060.62,-0.012547379928099402,BTC,True
0.07,0.0575,0.0575,BTC-25DEC26-84000-P,0.064,0.065,149.3,0.06449656,0.0,1790791239354,84037.31,-17.2662,6.5,36.8,85060.62,BTC-25DEC26,BTC,BTC,36671.71,0.0645,1798185600000,put,84000.0,True,open,2026-09-30 18:00:39.948245+00:00,2026-12-25 08:00:00+00:00,0.2344736190942098,0.368,85060.62,-0.012547379928099402,BTC,True
0.0785,0.0667,0.071,BTC-25DEC26-85000-C,0.0705,0.0715,3190.6,0.07122119,0.0,1790791239367,84037.31,5.1852,312.2,36.74,85060.77,BTC-25DEC26,BTC,BTC,1769728.25,0.071,1798185600000,call,85000.0,True,open,2026-09-30 18:00:39.948245+00:00,2026-12-25 08:00:00+00:00,0.2344736190942098,0.3674,85060.77,-0.0007146857277742867,BTC,True
0.0765,0.076,0.076,BTC-25DEC26-85000-P,0.07,0.071,557.4,0.07050687,0.0,1790791239354,84037.31,-0.6536,0.6,36.74,85060.62,BTC-25DEC26,BTC,BTC,3814.25,0.0705,1798185600000,put,85000.0,True,open,2026-09-30 18:00:39.948245+00:00,2026-12-25 08:00:00+00:00,0.2344736190942098,0.3674,85060.62,-0.0007129222810965754,BTC,True
0.073,0.061,0.067,BTC-25DEC26-86000-C,0.065,0.0665,500.0,0.06577092,0.0,1790791239355,84037.31,7.2,15.8,36.68,85060.62,BTC-25DEC26,BTC,BTC,93620.49,0.06575,1798185600000,call,86000.0,True,open,2026-09-30 18:00:39.948245+00:00,2026-12-25 08:00:00+00:00,0.2344736190942098,0.3668,85060.62,0.01098311748209469,BTC,True
0.0835,0.069,0.069,BTC-25DEC26-86000-P,0.0765,0.0775,105.4,0.07681291,0.0,1790791239357,84037.31,-17.3653,29.8,36.68,85060.62,BTC-25DEC26,BTC,BTC,196519.23,0.077,1798185600000,put,86000.0,True,open,2026-09-30 18:00:39.948245+00:00,2026-12-25 08:00:00+00:00,0.2344736190942098,0.3668,85060.62,0.01098311748209469,BTC,True
0.063,0.052,0.0575,BTC-25DEC26-88000-C,0.0555,0.0565,3979.2,0.05584037,0.0,1790791239367,84037.31,5.5046,51.5,36.59,85060.62,BTC-25DEC26,BTC,BTC,247503.5,0.056,1798185600000,call,88000.0,True,open,2026-09-30 18:00:39.948245+00:00,2026-12-25 08:00:00+00:00,0.2344736190942098,0.36590000000000006,85060.62,0.0339726357067934,BTC,True
0.098,0.0875,0.092,BTC-25DEC26-88000-P,0.09,0.091,145.2,0.09039496,0.0,1790791239365,84037.31,-6.1224,6.4,36.59,85060.62,BTC-25DEC26,BTC,BTC,50269.83,0.0905,1798185600000,put,88000.0,True,open,2026-09-30 18:00:39.948245+00:00,2026-12-25 08:00:00+00:00,0.2344736190942098,0.36590000000000006,85060.62,0.0339726357067934,BTC,True
0.0525,0.0455,0.0455,BTC-25DEC26-90000-C,0.0465,0.048,3754.3,0.04728172,0.0,1790791239365,84037.31,-1.087,48.8,36.61,85060.62,BTC-25DEC26,BTC,BTC,205155.47,0.04725,1798185600000,call,90000.0,True,open,2026-09-30 18:00:39.948245+00:00,2026-12-25 08:00:00+00:00,0.2344736190942098,0.3661,85060.62,0.05644549155885197,BTC,True
0.1085,0.1085,0.1085,BTC-25DEC26-90000-P,0.1045,0.106,604.2,0.10534892,0.0,1790791239357,84037.31,0.0,1.6,36.61,85060.77,BTC-25DEC26,BTC,BTC,14546.28,0.10525,1798185600000,put,90000.0,True,open,2026-09-30 18:00:39.948245+00:00,2026-12-25 08:00:00+00:00,0.2344736190942098,0.3661,85060.77,0.056443728112174255,BTC,True
0.037,0.037,0.037,BTC-25DEC26-92000-C,0.039,0.0405,783.9,0.03979899,0.0,1790791239355,84037.31,0.0,0.6,36.62,85060.62,BTC-25DEC26,BTC,BTC,1841.29,0.03975,1798185600000,call,92000.0,True,open,2026-09-30 18:00:39.948245+00:00,2026-12-25 08:00:00+00:00,0.2344736190942098,0.36619999999999997,85060.62,0.0784243982776274,BTC,True
,,0.1245,BTC-25DEC26-92000-P,0.1205,0.123,24.6,0.12137879,0.0,1790791239365,84037.31,,0.0,36.62,85060.62,BTC-25DEC26,BTC,BTC,0.0,0.12175,1798185600000,put,92000.0,True,open,2026-09-30 18:00:39.948245+00:00,2026-12-25 08:00:00+00:00,0.2344736190942098,0.36619999999999997,85060.62,0.0784243982776274,BTC,True
0.04,0.035,0.035,BTC-25DEC26-94000-C,0.033,0.034,615.4,0.0334727,0.0,1790791239357,84037.31,-12.5,20.7,36.73,85060.62,BTC-25DEC26,BTC,BTC,70391.7,0.0335,1798185600000,call,94000.0,True,open,2026-09-30 18:00:39.948245+00:00,2026-12-25 08:00:00+00:00,0.2344736190942098,0.36729999999999996,85060.62,0.09993060349859097,BTC,True
,,0.135,BTC-25DEC26-94000-P,0.1375,0.1405,5.9,0.13856465,0.0,1790791239357,84037.31,,0.0,36.73,85060.62,BTC-25DEC26,BTC,BTC,0.0,0.139,1798185600000,put,94000.0,True,open,2026-09-30 18:00:39.948245+00:00,2026-12-25 08:00:00+00:00,0.2344736190942098,0.36729999999999996,85060.62,0.09993060349859097,BTC,True
0.0345,0.0287,0.0315,BTC-25DEC26-95000-C,0.03,0.031,1545.1,0.03068116,0.0,1790791239356,84037.31,9.7561,250.2,36.81,85060.62,BTC-25DEC26,BTC,BTC,599380.39,0.0305,1798185600000,call,95000.0,True,open,2026-09-30 18:00:39.948245+00:00,2026-12-25 08:00:00+00:00,0.2344736190942098,0.36810000000000004,85060.62,0.1105127128291278,BTC,True
0.155,0.1431,0.1431,BTC-25DEC26-95000-P,0.1455,0.1495,143.2,0.14752987,0.0,1790791239353,84037.31,-7.6774,0.2,36.81,85060.62,BTC-25DEC26,BTC,BTC,2499.23,0.1475,1798185600000,put,95000.0,True,open,2026-09-30 18:00:39.948245+00:00,2026-12-25 08:00:00+00:00,0.2344736190942098,0.36810000000000004,85060.62,0.1105127128291278,BTC,True
0.0335,0.027,0.0295,BTC-25DEC26-96000-C,0.0275,0.0285,1586.0,0.02813801,0.0,1790791239358,84037.31,9.2593,9.4,36.91,85060.62,BTC-25DEC26,BTC,BTC,25602.91,0.028,1798185600000,call,96000.0,True,open,2026-09-30 18:00:39.948245+00:00,2026-12-25 08:00:00+00:00,0.2344736190942098,0.3691,85060.62,0.12098401269642328,BTC,True
,,0.1595,BTC-25DEC26-96000-P,0.1545,0.1585,50.8,0.15674302,0.0,1790791239365,84037.31,,0.0,36.91,85060.77,BTC-25DEC26,BTC,BTC,0.0,0.1565,1798185600000,put,96000.0,True,open,2026-09-30 18:00:39.948245+00:00,2026-12-25 08:00:00+00:00,0.2344736190942098,0.3691,85060.77,0.12098224924974538,BTC,True
0.0285,0.023,0.0245,BTC-25DEC26-98000-C,0.023,0.024,472.5,0.02362112,0.0,1790791239357,84037.31,6.5217,28.8,37.11,85060.77,BTC-25DEC26,BTC,BTC,68399.63,0.0235,1798185600000,call,98000.0,True,open,2026-09-30 18:00:39.948245+00:00,2026-12-25 08:00:00+00:00,0.2344736190942098,0.3711,85060.77,0.1416015364524811,BTC,True
0.184,0.184,0.184,BTC-25DEC26-98000-P,0.1735,0.1775,3.0,0.17573874,0.0,1790791239367,84037.31,0.0,0.2,37.11,85060.62,BTC-25DEC26,BTC,BTC,3066.45,0.1755,1798185600000,put,98000.0,True,open,2026-09-30 18:00:39.948245+00:00,2026-12-25 08:00:00+00:00,0.2344736190942098,0.3711,85060.62,0.14160329989915893,BTC,True
0.0205,0.0188,0.0205,BTC-25DEC26-100000-C,0.0195,0.02,5816.5,0.0197766,0.0,1790791239354,84037.31,3.5354,231.7,37.31,85060.77,BTC-25DEC26,BTC,BTC,364766.41,0.01975,1798185600000,call,100000.0,True,open,2026-09-30 18:00:39.948245+00:00,2026-12-25 08:00:00+00:00,0.2344736190942098,0.37310000000000004,85060.77,0.1618042437700006,BTC,True
,,0.2,BTC-25DEC26-100000-P,0.194,0.1975,302.9,0.19540682,0.0,1790791239364,84037.31,,0.0,37.31,85060.62,BTC-25DEC26,BTC,BTC,0.0,0.19575,1798185600000,put,100000.0,True,open,2026-09-30 18:00:39.948245+00:00,2026-12-25 08:00:00+00:00,0.2344736190942098,0.37310000000000004,85060.62,0.16180600721667837,BTC,True
0.0165,0.0155,0.0165,BTC-25DEC26-102000-C,0.016,0.017,496.7,0.01662508,0.0,1790791239365,84037.31,3.125,0.3,37.58,85060.62,BTC-25DEC26,BTC,BTC,401.09,0.0165,1798185600000,call,102000.0,True,open,2026-09-30 18:00:39.948245+00:00,2026-12-25 08:00:00+00:00,0.2344736190942098,0.37579999999999997,85060.62,0.18160863451285805,BTC,True
,,0.2195,BTC-25DEC26-102000-P,0.2135,0.218,7.8,0.21576619,0.0,1790791239355,84037.31,,0.0,37.58,85060.62,BTC-25DEC26,BTC,BTC,0.0,0.21575,1798185600000,put,102000.0,True,open,2026-09-30 18:00:39.948245+00:00,2026-12-25 08:00:00+00:00,0.2344736190942098,0.37579999999999997,85060.62,0.18160863451285805,BTC,True
0.0125,0.0125,0.0125,BTC-25DEC26-104000-C,0.0135,0.0145,169.5,0.01407538,0.0,1790791239367,84037.31,0.0,0.2,37.95,85060.62,BTC-25DEC26,BTC,BTC,207.61,0.014,1798185600000,call,104000.0,True,open,2026-09-30 18:00:39.948245+00:00,2026-12-25 08:00:00+00:00,0.2344736190942098,0.3795,85060.62,0.2010267203699596,BTC,True
,,0.319,BTC-25DEC26-104000-P,0.2345,0.239,0.3,0.23673081,0.0,1790791239354,84037.31,,0.0,37.95,85060.62,BTC-25DEC26,BTC,BTC,0.0,0.23675,1798185600000,put,104000.0,True,open,2026-09-30 18:00:39.948245+00:00,2026-12-25 08:00:00+00:00,0.2344736190942098,0.3795,85060.62,0.2010267203699596,BTC,True
0.014,0.0125,0.014,BTC-25DEC26-105000-C,0.0125,0.0135,961.0,0.01306623,0.0,1790791239357,84037.31,7.6923,12.6,38.24,85060.62,BTC-25DEC26,BTC,BTC,13515.96,0.013,1798185600000,call,105000.0,True,open,2026-09-30 18:00:39.948245+00:00,2026-12-25 08:00:00+00:00,0.2344736190942098,0.3824,85060.62,0.2105961713861104,BTC,True
,,0.24,BTC-25DEC26-105000-P,0.245,0.25,107.5,0.24747627,0.0,1790791239354,84037.31,,0.0,38.24,85060.62,BTC-25DEC26,BTC,BTC,0.0,0.2475,1798185600000,put,105000.0,True,open,2026-09-30 18:00:39.948245+00:00,2026-12-25 08:00:00+00:00,0.2344736190942098,0.3824,85060.62,0.2105961713861104,BTC,True
,,0.0116,BTC-25DEC26-106000-C,0.0115,0.0125,615.0,0.01205978,0.0,1790791239357,84037.31,,0.0,38.45,85060.77,BTC-25DEC26,BTC,BTC,0.0,0.012,1798185600000,call,106000.0,True,open,2026-09-30 18:00:39.948245+00:00,2026-12-25 08:00:00+00:00,0.2344736190942098,0.3845,85060.77,0.22007315189397636,BTC,True
,,0.6095,BTC-25DEC26-106000-P,0.2555,0.2605,0.2,0.25822611,0.0,1790791239357,84037.31,,0.0,38.45,85060.62,BTC-25DEC26,BTC,BTC,0.0,0.258,1798185600000,put,106000.0,True,open,2026-09-30 18:00:39.948245+00:00,2026-12-25 08:00:00+00:00,0.2344736190942098,0.3845,85060.62,0.22007491534065407,BTC,True
0.01,0.01,0.01,BTC-25DEC26-108000-C,0.0095,0.0105,165.6,0.01008099,0.0,1790791239365,84037.31,0.0,0.2,38.66,85060.62,BTC-25DEC26,BTC,BTC,166.77,0.01,1798185600000,call,108000.0,True,open,2026-09-30 18:00:39.948245+00:00,2026-12-25 08:00:00+00:00,0.2344736190942098,0.38659999999999994,85060.62,0.23876704835280677,BTC,True
,,0.639,BTC-25DEC26-108000-P,0.277,0.2825,0.1,0.27975982,0.0,1790791239357,84037.31,,0.0,38.66,85060.62,BTC-25DEC26,BTC,BTC,0.0,0.27975,1798185600000,put,108000.0,True,open,2026-09-30 18:00:39.948245+00:00,2026-12-25 08:00:00+00:00,0.2344736190942098,0.38659999999999994,85060.62,0.23876704835280677,BTC,True
0.008,0.0075,0.0075,BTC-25DEC26-110000-C,0.008,0.009,2963.7,0.00861236,0.0,1790791239357,84037.31,-6.25,1.1,39.08,85060.62,BTC-25DEC26,BTC,BTC,689.18,0.0085,1798185600000,call,110000.0,True,open,2026-09-30 18:00:39.948245+00:00,2026-12-25 08:00:00+00:00,0.2344736190942098,0.3908,85060.62,0.2571161870210033,BTC,True
,,0.305,BTC-25DEC26-110000-P,0.299,0.3045,81.6,0.30180367,0.0,1790791239358,84037.31,,0.0,39.08,85060.62,BTC-25DEC26,BTC,BTC,0.0,0.30175,1798185600000,put,110000.0,True,open,2026-09-30 18:00:39.948245+00:00,2026-12-25 08:00:00+00:00,0.2344736190942098,0.3908,85060.62,0.2571161870210033,BTC,True
0.0065,0.0065,0.0065,BTC-25DEC26-115000-C,0.0055,0.0065,2306.3,0.00602357,0.0,1790791239357,84037.31,0.0,0.3,40.38,85060.62,BTC-25DEC26,BTC,BTC,163.21,0.006,1798185600000,call,115000.0,True,open,2026-09-30 18:00:39.948245+00:00,2026-12-25 08:00:00+00:00,0.2344736190942098,0.40380000000000005,85060.62,0.30156794959183697,BTC,True
,,0.6405,BTC-25DEC26-115000-P,0.355,0.361,5.0,0.35799644,0.0,1790791239355,84037.31,,0.0,40.38,85060.62,BTC-25DEC26,BTC,BTC,0.0,0.358,1798185600000,put,115000.0,True,open,2026-09-30 18:00:39.948245+00:00,2026-12-25 08:00:00+00:00,0.2344736190942098,0.40380000000000005,85060.62,0.30156794959183697,BTC,True
0.0048,0.0048,0.0048,BTC-25DEC26-120000-C,0.0041,0.0045,5781.9,0.00432784,0.0,1790791239365,84037.31,0.0,0.1,41.71,85060.62,BTC-25DEC26,BTC,BTC,40.71,0.0043,1798185600000,call,120000.0,True,open,2026-09-30 18:00:39.948245+00:00,2026-12-25 08:00:00+00:00,0.2344736190942098,0.4171,85060.62,0.34412756401063294,BTC,True
,,0.415,BTC-25DEC26-120000-P,0.412,0.418,35.8,0.41508212,0.0,1790791239364,84037.31,,0.0,41.71,85060.62,BTC-25DEC26,BTC,BTC,0.0,0.415,1798185600000,put,120000.0,True,open,2026-09-30 18:00:39.948245+00:00,2026-12-25 08:00:00+00:00,0.2344736190942098,0.4171,85060.62,0.34412756401063294,BTC,True
,,0.0033,BTC-25DEC26-125000-C,0.003,0.0034,516.6,0.00321961,0.0,1790791239354,84037.31,,0.0,43.12,85060.62,BTC-25DEC26,BTC,BTC,0.0,0.0032,1798185600000,call,125000.0,True,open,2026-09-30 18:00:39.948245+00:00,2026-12-25 08:00:00+00:00,0.2344736190942098,0.43119999999999997,85060.62,0.38494955853088814,BTC,True
,,0.4725,BTC-25DEC26-125000-P,0.4695,0.476,9.3,0.47275532,0.0,1790791239358,84037.31,,0.0,43.12,85060.62,BTC-25DEC26,BTC,BTC,0.0,0.47275,1798185600000,put,125000.0,True,open,2026-09-30 18:00:39.948245+00:00,2026-12-25 08:00:00+00:00,0.2344736190942098,0.43119999999999997,85060.62,0.38494955853088814,BTC,True
,,0.0025,BTC-25DEC26-130000-C,0.0022,0.0027,1569.1,0.00245926,0.0,1790791239355,84037.31,,0.0,44.53,85060.62,BTC-25DEC26,BTC,BTC,0.0,0.00245,1798185600000,call,130000.0,True,open,2026-09-30 18:00:39.948245+00:00,2026-12-25 08:00:00+00:00,0.2344736190942098,0.44530000000000003,85060.62,0.42417027168416943,BTC,True
,,0.5458,BTC-25DEC26-130000-P,0.5275,0.534,57.0,0.5307764,0.0,1790791239357,84037.31,,0.0,44.53,85060.62,BTC-25DEC26,BTC,BTC,0.0,0.53075,1798185600000,put,130000.0,True,open,2026-09-30 18:00:39.948245+00:00,2026-12-25 08:00:00+00:00,0.2344736190942098,0.44530000000000003,85060.62,0.42417027168416943,BTC,True
0.0021,0.0019,0.0019,BTC-25DEC26-135000-C,0.0017,0.0021,1444.3,0.00190729,0.0,1790791239354,84037.31,-5.0,6.2,45.88,85060.62,BTC-25DEC26,BTC,BTC,1022.25,0.0019,1798185600000,call,135000.0,True,open,2026-09-30 18:00:39.948245+00:00,2026-12-25 08:00:00+00:00,0.2344736190942098,0.45880000000000004,85060.62,0.4619105996670165,BTC,True
,,0.9095,BTC-25DEC26-135000-P,0.585,0.5925,0.7,0.58900808,0.0,1790791239354,84037.31,,0.0,45.88,85060.62,BTC-25DEC26,BTC,BTC,0.0,0.58875,1798185600000,put,135000.0,True,open,2026-09-30 18:00:39.948245+00:00,2026-12-25 08:00:00+00:00,0.2344736190942098,0.45880000000000004,85060.62,0.4619105996670165,BTC,True
0.0016,0.0016,0.0016,BTC-25DEC26-140000-C,0.0014,0.0016,1418.3,0.00155158,0.0,1790791239354,84037.31,0.0,10.0,47.39,85060.77,BTC-25DEC26,BTC,BTC,1347.5,0.0015,1798185600000,call,140000.0,True,open,2026-09-30 18:00:39.948245+00:00,2026-12-25 08:00:00+00:00,0.2344736190942098,0.4739,85060.77,0.4982764803912134,BTC,True
0.66,0.66,0.66,BTC-25DEC26-140000-P,0.6435,0.651,0.3,0.64743389,0.0,1790791239357,84037.31,0.0,0.1,47.39,85060.62,BTC-25DEC26,BTC,BTC,5502.71,0.64725,1798185600000,put,140000.0,True,open,2026-09-30 18:00:39.948245+00:00,2026-12-25 08:00:00+00:00,0.2344736190942098,0.4739,85060.62,0.4982782438378912,BTC,True
0.0011,0.001,0.001,BTC-25DEC26-150000-C,0.0009,0.0012,1735.6,0.00104837,0.0,1790791239365,84037.31,-9.0909,20.1,50.11,85060.62,BTC-25DEC26,BTC,BTC,1699.21,0.00105,1798185600000,call,150000.0,True,open,2026-09-30 18:00:39.948245+00:00,2026-12-25 08:00:00+00:00,0.2344736190942098,0.5011,85060.62,0.5672711153248428,BTC,True
,,0.9125,BTC-25DEC26-150000-P,0.76,0.7685,4.4,0.7644937,0.0,1790791239357,84037.31,,0.0,50.11,85060.77,BTC-25DEC26,BTC,BTC,0.0,0.76425,1798185600000,put,150000.0,True,open,2026-09-30 18:00:39.948245+00:00,2026-12-25 08:00:00+00:00,0.2344736190942098,0.5011,85060.77,0.567269351878165,BTC,True
,,0.0006,BTC-25DEC26-160000-C,0.0006,0.001,1280.8,0.00078625,0.0,1790791239365,84037.31,,0.0,52.99,85060.62,BTC-25DEC26,BTC,BTC,0.0,0.0008,1798185600000,call,160000.0,True,open,2026-09-30 18:00:39.948245+00:00,2026-12-25 08:00:00+00:00,0.2344736190942098,0.5299,85060.62,0.631809636462414,BTC,True
,,1.088,BTC-25DEC26-160000-P,0.877,0.886,0.1,0.88179195,0.0,1790791239365,84037.31,,0.0,52.99,85060.62,BTC-25DEC26,BTC,BTC,0.0,0.8815,1798185600000,put,160000.0,True,open,2026-09-30 18:00:39.948245+00:00,2026-12-25 08:00:00+00:00,0.2344736190942098,0.5299,85060.62,0.631809636462414,BTC,True
,,0.0005,BTC-25DEC26-170000-C,0.0005,0.0008,2018.4,0.0006378,0.0,1790791239365,84037.31,,0.0,55.93,85060.77,BTC-25DEC26,BTC,BTC,0.0,0.00065,1798185600000,call,170000.0,True,open,2026-09-30 18:00:39.948245+00:00,2026-12-25 08:00:00+00:00,0.2344736190942098,0.5593,85060.77,0.6924324948321711,BTC,True
,,1.2205,BTC-25DEC26-170000-P,0.9945,1.005,0.1,0.99920917,0.0,1790791239354,84037.31,,0.0,55.93,85060.62,BTC-25DEC26,BTC,BTC,0.0,0.99975,1798185600000,put,170000.0,True,open,2026-09-30 18:00:39.948245+00:00,2026-12-25 08:00:00+00:00,0.2344736190942098,0.5593,85060.62,0.6924342582788487,BTC,True
,,0.0004,BTC-25DEC26-180000-C,0.0003,0.0006,934.4,0.00043565,0.0,1790791239357,84037.31,,0.0,57.48,85060.62,BTC-25DEC26,BTC,BTC,0.0,0.00045,1798185600000,call,180000.0,True,open,2026-09-30 18:00:39.948245+00:00,2026-12-25 08:00:00+00:00,0.2344736190942098,0.5748,85060.62,0.7495926721187973,BTC,True
,,1.3495,BTC-25DEC26-180000-P,1.11,1.123,0.1,1.11657004,0.0,1790791239357,84037.31,,0.0,57.48,85060.77,BTC-25DEC26,BTC,BTC,0.0,1.1165,1798185600000,put,180000.0,True,open,2026-09-30 18:00:39.948245+00:00,2026-12-25 08:00:00+00:00,0.2344736190942098,0.5748,85060.77,0.7495909086721195,BTC,True
,,0.0003,BTC-25DEC26-190000-C,0.0002,0.0005,1027.0,0.00032798,0.0,1790791239356,84037.31,,0.0,59.35,85060.62,BTC-25DEC26,BTC,BTC,0.0,0.00035,1798185600000,call,190000.0,True,open,2026-09-30 18:00:39.948245+00:00,2026-12-25 08:00:00+00:00,0.2344736190942098,0.5935,85060.62,0.8036598933890731,BTC,True
,,,BTC-25DEC26-190000-P,1.2275,1.2415,0.0,1.2340254,0.0,1790791239365,84037.31,,0.0,59.35,85060.62,BTC-25DEC26,BTC,BTC,0.0,1.2345,1798185600000,put,190000.0,True,open,2026-09-30 18:00:39.948245+00:00,2026-12-25 08:00:00+00:00,0.2344736190942098,0.5935,85060.62,0.8036598933890731,BTC,True
0.0003,0.0003,0.0003,BTC-25DEC26-200000-C,0.0002,0.0005,962.3,0.00032388,0.0,1790791239355,84037.31,0.0,1.0,62.54,85060.77,BTC-25DEC26,BTC,BTC,25.19,0.00035,1798185600000,call,200000.0,True,open,2026-09-30 18:00:39.948245+00:00,2026-12-25 08:00:00+00:00,0.2344736190942098,0.6254,85060.77,0.854951424329946,BTC,True
,,,BTC-25DEC26-200000-P,1.3435,1.3595,0.0,1.35158432,0.0,1790791239354,84037.31,,0.0,62.54,85060.77,BTC-25DEC26,BTC,BTC,0.0,1.3515,1798185600000,put,200000.0,True,open,2026-09-30 18:00:39.948245+00:00,2026-12-25 08:00:00+00:00,0.2344736190942098,0.6254,85060.77,0.854951424329946,BTC,True
,,0.0002,BTC-25DEC26-210000-C,0.0002,0.0004,162.4,0.00025344,0.0,1790791239355,84037.31,,0.0,64.15,85060.62,BTC-25DEC26,BTC,BTC,0.0,0.0003,1798185600000,call,210000.0,True,open,2026-09-30 18:00:39.948245+00:00,2026-12-25 08:00:00+00:00,0.2344736190942098,0.6415000000000001,85060.62,0.9037433519460557,BTC,True
,,,BTC-25DEC26-210000-P,1.4615,1.478,0.0,1.4690769,0.0,1790791239354,84037.31,,0.0,64.15,85060.77,BTC-25DEC26,BTC,BTC,0.0,1.46975,1798185600000,put,210000.0,True,open,2026-09-30 18:00:39.948245+00:00,2026-12-25 08:00:00+00:00,0.2344736190942098,0.6415000000000001,85060.77,0.9037415884993779,BTC,True
0.0004,0.0004,0.0004,BTC-25DEC26-220000-C,0.0001,0.0004,252.8,0.00021238,0.0,1790791239354,84037.31,0.0,1.0,65.97,85060.77,BTC-25DEC26,BTC,BTC,33.5,0.00025,1798185600000,call,220000.0,True,open,2026-09-30 18:00:39.948245+00:00,2026-12-25 08:00:00+00:00,0.2344736190942098,0.6597,85060.77,0.9502616041342706,BTC,True
,,,BTC-25DEC26-220000-P,1.578,1.596,0.0,1.58659887,0.0,1790791239364,84037.31,,0.0,65.97,85060.62,BTC-25DEC26,BTC,BTC,0.0,1.587,1798185600000,put,220000.0,True,open,2026-09-30 18:00:39.948245+00:00,2026-12-25 08:00:00+00:00,0.2344736190942098,0.6597,85060.62,0.9502633675809486,BTC,True
,,0.0001,BTC-25DEC26-230000-C,0.0001,0.0004,190.6,0.00021205,0.0,1790791239365,84037.31,,0.0,68.65,85060.62,BTC-25DEC26,BTC,BTC,0.0,0.00025,1798185600000,call,230000.0,True,open,2026-09-30 18:00:39.948245+00:00,2026-12-25 08:00:00+00:00,0.2344736190942098,0.6865000000000001,85060.62,0.9947151301517823,BTC,True
,,,BTC-25DEC26-230000-P,1.695,1.7145,0.0,1.70416156,0.0,1790791239356,84037.31,,0.0,68.65,85060.62,BTC-25DEC26,BTC,BTC,0.0,1.70475,1798185600000,put,230000.0,True,open,2026-09-30 18:00:39.948245+00:00,2026-12-25 08:00:00+00:00,0.2344736190942098,0.6865000000000001,85060.62,0.9947151301517823,BTC,True
,,0.0001,BTC-25DEC26-240000-C,0.0001,0.0003,784.8,0.00018057,0.0,1790791239364,84037.31,,0.0,70.24,85060.62,BTC-25DEC26,BTC,BTC,0.0,0.0002,1798185600000,call,240000.0,True,open,2026-09-30 18:00:39.948245+00:00,2026-12-25 08:00:00+00:00,0.2344736190942098,0.7023999999999999,85060.62,1.0372747445705783,BTC,True
,,,BTC-25DEC26-240000-P,1.8115,1.833,0.0,1.8216931,0.0,1790791239357,84037.31,,0.0,70.24,85060.62,BTC-25DEC26,BTC,BTC,0.0,1.82225,1798185600000,put,240000.0,True,open,2026-09-30 18:00:39.948245+00:00,2026-12-25 08:00:00+00:00,0.2344736190942098,0.7023999999999999,85060.62,1.0372747445705783,BTC,True
,,0.0001,BTC-25DEC26-250000-C,0.0001,0.0002,1281.4,0.00017809,0.0,1790791239354,84037.31,,0.0,72.56,85060.62,BTC-25DEC26,BTC,BTC,0.0,0.00015,1798185600000,call,250000.0,True,open,2026-09-30 18:00:39.948245+00:00,2026-12-25 08:00:00+00:00,0.2344736190942098,0.7256,85060.62,1.0780967390908334,BTC,True
,,1.96,BTC-25DEC26-250000-P,1.9275,1.951,10.0,1.93925364,0.0,1790791239365,84037.31,,0.0,72.56,85060.62,BTC-25DEC26,BTC,BTC,0.0,1.93925,1798185600000,put,250000.0,True,open,2026-09-30 18:00:39.948245+00:00,2026-12-25 08:00:00+00:00,0.2344736190942098,0.7256,85060.62,1.0780967390908334,BTC,True
,,0.6045,BTC-26MAR27-35000-C,0.595,0.5965,21.8,0.59547127,0.0,1790791239364,84037.31,,0.0,61.61,86152.07,BTC-26MAR27,BTC,BTC,0.0,0.59575,1806048000000,call,35000.0,True,open,2026-09-30 18:00:39.948245+00:00,2027-03-26 08:00:00+00:00,0.4837886875873605,0.6161,86152.07,-0.9007659290542471,BTC,True
,,0.0018,BTC-26MAR27-35000-P,0.0017,0.0018,604.9,0.0017254,0.0,1790791239364,84037.31,,0.0,61.61,86151.77,BTC-26MAR27,BTC,BTC,0.0,0.00175,1806048000000,put,35000.0,True,open,2026-09-30 18:00:39.948245+00:00,2027-03-26 08:00:00+00:00,0.4837886875873605,0.6161,86151.77,-0.9007624468335375,BTC,True
,,0.524,BTC-26MAR27-40000-C,0.5375,0.5395,82.1,0.53848537,0.0,1790791239365,84037.31,,0.0,57.32,86151.77,BTC-26MAR27,BTC,BTC,0.0,0.5385,1806048000000,call,40000.0,True,open,2026-09-30 18:00:39.948245+00:00,2027-03-26 08:00:00+00:00,0.4837886875873605,0.5732,86151.77,-0.7672310542090149,BTC,True
0.0029,0.0026,0.0029,BTC-26MAR27-40000-P,0.0026,0.003,1918.2,0.00277581,0.0,1790791239356,84037.31,11.5385,6.3,57.32,86151.77,BTC-26MAR27,BTC,BTC,1453.32,0.0028,1806048000000,put,40000.0,True,open,2026-09-30 18:00:39.948245+00:00,2027-03-26 08:00:00+00:00,0.4837886875873605,0.5732,86151.77,-0.7672310542090149,BTC,True
,,0.4935,BTC-26MAR27-45000-C,0.481,0.483,4.8,0.48186278,0.0,1790791239365,84037.31,,0.0,53.14,86151.77,BTC-26MAR27,BTC,BTC,0.0,0.482,1806048000000,call,45000.0,True,open,2026-09-30 18:00:39.948245+00:00,2027-03-26 08:00:00+00:00,0.4837886875873605,0.5314,86151.77,-0.6494480185526313,BTC,True
0.0045,0.0045,0.0045,BTC-26MAR27-45000-P,0.0041,0.0044,251.6,0.00418952,0.0,1790791239354,84037.31,0.0,0.1,53.14,86151.77,BTC-26MAR27,BTC,BTC,37.61,0.00425,1806048000000,put,45000.0,True,open,2026-09-30 18:00:39.948245+00:00,2027-03-26 08:00:00+00:00,0.4837886875873605,0.5314,86151.77,-0.6494480185526313,BTC,True
,,0.4218,BTC-26MAR27-50000-C,0.4245,0.428,21.6,0.42595636,0.0,1790791239357,84037.31,,0.0,49.51,86151.77,BTC-26MAR27,BTC,BTC,0.0,0.42625,1806048000000,call,50000.0,True,open,2026-09-30 18:00:39.948245+00:00,2027-03-26 08:00:00+00:00,0.4837886875873605,0.4951,86151.77,-0.544087502894805,BTC,True
,,0.0065,BTC-26MAR27-50000-P,0.006,0.0065,2333.9,0.00631941,0.0,1790791239357,84037.31,,0.0,49.51,86151.77,BTC-26MAR27,BTC,BTC,0.0,0.00625,1806048000000,put,50000.0,True,open,2026-09-30 18:00:39.948245+00:00,2027-03-26 08:00:00+00:00,0.4837886875873605,0.4951,86151.77,-0.544087502894805,BTC,True
,,0.42,BTC-26MAR27-52000-C,0.4025,0.4065,6.0,0.4038887,0.0,1790791239358,84037.31,,0.0,48.22,86151.77,BTC-26MAR27,BTC,BTC,0.0,0.4045,1806048000000,call,52000.0,True,open,2026-09-30 18:00:39.948245+00:00,2027-03-26 08:00:00+00:00,0.4837886875873605,0.48219999999999996,86151.77,-0.5048667897415239,BTC,True
0.0075,0.007,0.0075,BTC-26MAR27-52000-P,0.007,0.008,322.7,0.00746627,0.0,1790791239358,84037.31,1.3514,201.1,48.22,86151.77,BTC-26MAR27,BTC,BTC,124336.69,0.0075,1806048000000,put,52000.0,True,open,2026-09-30 18:00:39.948245+00:00,2027-03-26 08:00:00+00:00,0.4837886875873605,0.48219999999999996,86151.77,-0.5048667897415239,BTC,True
,,0.3805,BTC-26MAR27-54000-C,0.3805,0.3845,0.1,0.3819456,0.0,1790791239364,84037.31,,0.0,46.9,86152.07,BTC-26MAR27,BTC,BTC,0.0,0.3825,1806048000000,call,54000.0,True,open,2026-09-30 18:00:39.948245+00:00,2027-03-26 08:00:00+00:00,0.4837886875873605,0.469,86152.07,-0.46712994397938645,BTC,True
,,0.0101,BTC-26MAR27-54000-P,0.0085,0.009,85.5,0.00873769,0.0,1790791239355,84037.31,,0.0,46.9,86151.77,BTC-26MAR27,BTC,BTC,0.0,0.00875,1806048000000,put,54000.0,True,open,2026-09-30 18:00:39.948245+00:00,2027-03-26 08:00:00+00:00,0.4837886875873605,0.469,86151.77,-0.4671264617586768,BTC,True
,,0.357,BTC-26MAR27-55000-C,0.3695,0.3735,29.5,0.37106234,0.0,1790791239365,84037.31,,0.0,46.28,86151.77,BTC-26MAR27,BTC,BTC,0.0,0.3715,1806048000000,call,55000.0,True,open,2026-09-30 18:00:39.948245+00:00,2027-03-26 08:00:00+00:00,0.4837886875873605,0.4628,86151.77,-0.44877732309048035,BTC,True
0.01,0.0094,0.01,BTC-26MAR27-55000-P,0.009,0.01,1313.3,0.00946169,0.0,1790791239354,84037.31,6.383,52.1,46.28,86151.77,BTC-26MAR27,BTC,BTC,40906.9,0.0095,1806048000000,put,55000.0,True,open,2026-09-30 18:00:39.948245+00:00,2027-03-26 08:00:00+00:00,0.4837886875873605,0.4628,86151.77,-0.44877732309048035,BTC,True
,,0.381,BTC-26MAR27-56000-C,0.3585,0.363,14.4,0.36044885,0.0,1790791239356,84037.31,,0.0,45.91,86151.77,BTC-26MAR27,BTC,BTC,0.0,0.36075,1806048000000,call,56000.0,True,open,2026-09-30 18:00:39.948245+00:00,2027-03-26 08:00:00+00:00,0.4837886875873605,0.45909999999999995,86151.77,-0.4307588175878019,BTC,True
,,0.0115,BTC-26MAR27-56000-P,0.01,0.011,131.7,0.01045546,0.0,1790791239356,84037.31,,0.0,45.91,86151.77,BTC-26MAR27,BTC,BTC,0.0,0.0105,1806048000000,put,56000.0,True,open,2026-09-30 18:00:39.948245+00:00,2027-03-26 08:00:00+00:00,0.4837886875873605,0.45909999999999995,86151.77,-0.4307588175878019,BTC,True
,,0.279,BTC-26MAR27-58000-C,0.3375,0.3415,4.3,0.33875493,0.0,1790791239364,84037.31,,0.0,44.47,86151.77,BTC-26MAR27,BTC,BTC,0.0,0.3395,1806048000000,call,58000.0,True,open,2026-09-30 18:00:39.948245+00:00,2027-03-26 08:00:00+00:00,0.4837886875873605,0.4447,86151.77,-0.39566749777653193,BTC,True
,,0.0125,BTC-26MAR27-58000-P,0.0115,0.0125,139.6,0.01197606,0.0,1790791239365,84037.31,,0.0,44.47,86151.77,BTC-26MAR27,BTC,BTC,0.0,0.012,1806048000000,put,58000.0,True,open,2026-09-30 18:00:39.948245+00:00,2027-03-26 08:00:00+00:00,0.4837886875873605,0.4447,86151.77,-0.39566749777653193,BTC,True
,,0.3133,BTC-26MAR27-60000-C,0.3165,0.321,647.9,0.31800673,0.0,1790791239354,84037.31,,0.0,43.73,86151.77,BTC-26MAR27,BTC,BTC,0.0,0.31875,1806048000000,call,60000.0,True,open,2026-09-30 18:00:39.948245+00:00,2027-03-26 08:00:00+00:00,0.4837886875873605,0.43729999999999997,86151.77,-0.3617659461008505,BTC,True
0.0145,0.0145,0.0145,BTC-26MAR27-60000-P,0.014,0.015,817.2,0.01444238,0.0,1790791239355,84037.31,0.0,0.1,43.73,86151.77,BTC-26MAR27,BTC,BTC,121.06,0.0145,1806048000000,put,60000.0,True,open,2026-09-30 18:00:39.948245+00:00,2027-03-26 08:00:00+00:00,0.4837886875873605,0.43729999999999997,86151.77,-0.3617659461008505,BTC,True
,,0.295,BTC-26MAR27-62000-C,0.2955,0.3,52.3,0.29728769,0.0,1790791239365,84037.31,,0.0,42.73,86151.77,BTC-26MAR27,BTC,BTC,0.0,0.29775,1806048000000,call,62000.0,True,open,2026-09-30 18:00:39.948245+00:00,2027-03-26 08:00:00+00:00,0.4837886875873605,0.42729999999999996,86151.77,-0.3289761232778596,BTC,True
0.0176,0.0176,0.0176,BTC-26MAR27-62000-P,0.0165,0.0175,443.5,0.01693787,0.0,1790791239354,84037.31,0.0,200.0,42.73,86151.77,BTC-26MAR27,BTC,BTC,294058.3,0.017,1806048000000,put,62000.0,True,open,2026-09-30 18:00:39.948245+00:00,2027-03-26 08:00:00+00:00,0.4837886875873605,0.42729999999999996,86151.77,-0.3289761232778596,BTC,True
,,0.2917,BTC-26MAR27-64000-C,0.275,0.28,137.9,0.27706435,0.0,1790791239357,84037.31,,0.0,41.84,86151.77,BTC-26MAR27,BTC,BTC,0.0,0.2775,1806048000000,call,64000.0,True,open,2026-09-30 18:00:39.948245+00:00,2027-03-26 08:00:00+00:00,0.4837886875873605,0.41840000000000005,86151.77,-0.2972274249632794,BTC,True
,,0.0205,BTC-26MAR27-64000-P,0.0195,0.0205,125.8,0.01992905,0.0,1790791239364,84037.31,,0.0,41.84,86151.77,BTC-26MAR27,BTC,BTC,0.0,0.02,1806048000000,put,64000.0,True,open,2026-09-30 18:00:39.948245+00:00,2027-03-26 08:00:00+00:00,0.4837886875873605,0.41840000000000005,86151.77,-0.2972274249632794,BTC,True
,,0.2629,BTC-26MAR27-65000-C,0.265,0.27,229.7,0.26709566,0.0,1790791239364,84037.31,,0.0,41.4,86151.77,BTC-26MAR27,BTC,BTC,0.0,0.2675,1806048000000,call,65000.0,True,open,2026-09-30 18:00:39.948245+00:00,2027-03-26 08:00:00+00:00,0.4837886875873605,0.414,86151.77,-0.28172323842731406,BTC,True
0.023,0.0205,0.0205,BTC-26MAR27-65000-P,0.021,0.022,893.7,0.02156762,0.0,1790791239355,84037.31,-10.8696,7.6,41.4,86151.77,BTC-26MAR27,BTC,BTC,14424.65,0.0215,1806048000000,put,65000.0,True,open,2026-09-30 18:00:39.948245+00:00,2027-03-26 08:00:00+00:00,0.4837886875873605,0.414,86151.77,-0.28172323842731406,BTC,True
,,0.2555,BTC-26MAR27-66000-C,0.256,0.2605,23.9,0.25735087,0.0,1790791239365,84037.31,,0.0,41.03,86151.77,BTC-26MAR27,BTC,BTC,0.0,0.25825,1806048000000,call,66000.0,True,open,2026-09-30 18:00:39.948245+00:00,2027-03-26 08:00:00+00:00,0.4837886875873605,0.4103,86151.77,-0.2664557662965257,BTC,True
0.025,0.025,0.025,BTC-26MAR27-66000-P,0.023,0.024,98.5,0.02343009,0.0,1790791239364,84037.31,0.0,3.6,41.03,86151.77,BTC-26MAR27,BTC,BTC,7477.49,0.0235,1806048000000,put,66000.0,True,open,2026-09-30 18:00:39.948245+00:00,2027-03-26 08:00:00+00:00,0.4837886875873605,0.4103,86151.77,-0.2664557662965257,BTC,True
,,0.23,BTC-26MAR27-68000-C,0.237,0.241,190.9,0.23848954,0.0,1790791239358,84037.31,,0.0,40.46,86151.77,BTC-26MAR27,BTC,BTC,0.0,0.239,1806048000000,call,68000.0,True,open,2026-09-30 18:00:39.948245+00:00,2027-03-26 08:00:00+00:00,0.4837886875873605,0.4046,86151.77,-0.23660280314684448,BTC,True
0.0295,0.0275,0.0275,BTC-26MAR27-68000-P,0.0275,0.0285,557.5,0.02778329,0.0,1790791239358,84037.31,-3.5088,11.2,40.46,86151.77,BTC-26MAR27,BTC,BTC,26734.19,0.028,1806048000000,put,68000.0,True,open,2026-09-30 18:00:39.948245+00:00,2027-03-26 08:00:00+00:00,0.4837886875873605,0.4046,86151.77,-0.23660280314684448,BTC,True
0.218,0.215,0.218,BTC-26MAR27-70000-C,0.218,0.223,770.4,0.22016208,0.0,1790791239354,84037.31,1.3953,7.0,39.87,86151.77,BTC-26MAR27,BTC,BTC,126332.1,0.2205,1806048000000,call,70000.0,True,open,2026-09-30 18:00:39.948245+00:00,2027-03-26 08:00:00+00:00,0.4837886875873605,0.3987,86151.77,-0.20761526627359214,BTC,True
0.0354,0.03,0.0325,BTC-26MAR27-70000-P,0.032,0.033,612.0,0.03267034,0.0,1790791239357,84037.31,-5.7971,108.3,39.87,86152.07,BTC-26MAR27,BTC,BTC,317015.05,0.0325,1806048000000,put,70000.0,True,open,2026-09-30 18:00:39.948245+00:00,2027-03-26 08:00:00+00:00,0.4837886875873605,0.3987,86152.07,-0.20761874849430187,BTC,True
,,0.1955,BTC-26MAR27-72000-C,0.201,0.2055,88.9,0.20262841,0.0,1790791239364,84037.31,,0.0,39.37,86151.77,BTC-26MAR27,BTC,BTC,0.0,0.20325,1806048000000,call,72000.0,True,open,2026-09-30 18:00:39.948245+00:00,2027-03-26 08:00:00+00:00,0.4837886875873605,0.3937,86151.77,-0.1794443893068959,BTC,True
0.0405,0.0355,0.037,BTC-26MAR27-72000-P,0.038,0.039,188.9,0.03835119,0.0,1790791239365,84037.31,-8.642,2.8,39.37,86152.07,BTC-26MAR27,BTC,BTC,8868.39,0.0385,1806048000000,put,72000.0,True,open,2026-09-30 18:00:39.948245+00:00,2027-03-26 08:00:00+00:00,0.4837886875873605,0.3937,86152.07,-0.17944787152760558,BTC,True
,,0.1838,BTC-26MAR27-74000-C,0.184,0.1885,66.8,0.185898,0.0,1790791239364,84037.31,,0.0,38.94,86151.77,BTC-26MAR27,BTC,BTC,0.0,0.18625,1806048000000,call,74000.0,True,open,2026-09-30 18:00:39.948245+00:00,2027-03-26 08:00:00+00:00,0.4837886875873605,0.38939999999999997,86151.77,-0.15204541511878142,BTC,True
0.0485,0.046,0.046,BTC-26MAR27-74000-P,0.0445,0.0455,223.8,0.04483531,0.0,1790791239364,84037.31,-4.1667,14.0,38.94,86151.77,BTC-26MAR27,BTC,BTC,54425.67,0.045,1806048000000,put,74000.0,True,open,2026-09-30 18:00:39.948245+00:00,2027-03-26 08:00:00+00:00,0.4837886875873605,0.38939999999999997,86151.77,-0.15204541511878142,BTC,True
,,,BTC-26MAR27-75000-C,0.176,0.1805,0.0,0.17783433,0.0,1790791239357,84037.31,,0.0,38.74,86152.07,BTC-26MAR27,BTC,BTC,0.0,0.17825,1806048000000,call,75000.0,True,open,2026-09-30 18:00:39.948245+00:00,2027-03-26 08:00:00+00:00,0.4837886875873605,0.3874,86152.07,-0.13862587700735046,BTC,True
,,0.05,BTC-26MAR27-75000-P,0.048,0.049,17.5,0.0483789,0.0,1790791239367,84037.31,,0.0,38.74,86151.77,BTC-26MAR27,BTC,BTC,0.0,0.0485,1806048000000,put,75000.0,True,open,2026-09-30 18:00:39.948245+00:00,2027-03-26 08:00:00+00:00,0.4837886875873605,0.3874,86151.77,-0.1386223947866408,BTC,True
,,0.1685,BTC-26MAR27-76000-C,0.1685,0.1725,541.7,0.17006334,0.0,1790791239364,84037.31,,0.0,38.58,86151.77,BTC-26MAR27,BTC,BTC,0.0,0.1705,1806048000000,call,76000.0,True,open,2026-09-30 18:00:39.948245+00:00,2027-03-26 08:00:00+00:00,0.4837886875873605,0.3858,86151.77,-0.12537716803662008,BTC,True
0.0565,0.048,0.052,BTC-26MAR27-76000-P,0.0515,0.0525,624.3,0.05221517,0.0,1790791239357,84037.31,-3.7037,36.2,38.58,86151.77,BTC-26MAR27,BTC,BTC,161550.51,0.052,1806048000000,put,76000.0,True,open,2026-09-30 18:00:39.948245+00:00,2027-03-26 08:00:00+00:00,0.4837886875873605,0.3858,86151.77,-0.12537716803662008,BTC,True
,,0.15,BTC-26MAR27-78000-C,0.1545,0.1565,647.6,0.15514291,0.0,1790791239367,84037.31,,0.0,38.29,86151.77,BTC-26MAR27,BTC,BTC,0.0,0.1555,1806048000000,call,78000.0,True,open,2026-09-30 18:00:39.948245+00:00,2027-03-26 08:00:00+00:00,0.4837886875873605,0.3829,86151.77,-0.0994016816333595,BTC,True
0.0655,0.056,0.056,BTC-26MAR27-78000-P,0.06,0.061,364.1,0.06050926,0.0,1790791239365,84037.31,-14.5038,17.7,38.29,86151.77,BTC-26MAR27,BTC,BTC,89150.21,0.0605,1806048000000,put,78000.0,True,open,2026-09-30 18:00:39.948245+00:00,2027-03-26 08:00:00+00:00,0.4837886875873605,0.3829,86151.77,-0.0994016816333595,BTC,True
0.151,0.1435,0.1455,BTC-26MAR27-80000-C,0.1405,0.1425,1105.8,0.14129853,0.0,1790791239354,84037.31,-3.6424,7.0,38.11,86151.77,BTC-26MAR27,BTC,BTC,86654.17,0.1415,1806048000000,call,80000.0,True,open,2026-09-30 18:00:39.948245+00:00,2027-03-26 08:00:00+00:00,0.4837886875873605,0.3811,86151.77,-0.07408387364906958,BTC,True
0.0735,0.0675,0.069,BTC-26MAR27-80000-P,0.0695,0.0705,256.8,0.0698794,0.0,1790791239365,84037.31,-6.1224,29.8,38.11,86151.77,BTC-26MAR27,BTC,BTC,176693.12,0.07,1806048000000,put,80000.0,True,open,2026-09-30 18:00:39.948245+00:00,2027-03-26 08:00:00+00:00,0.4837886875873605,0.3811,86151.77,-0.07408387364906958,BTC,True
0.128,0.1235,0.128,BTC-26MAR27-82000-C,0.1275,0.1295,1226.4,0.12831639,0.0,1790791239365,84037.31,3.6437,1.1,37.94,86151.77,BTC-26MAR27,BTC,BTC,11776.19,0.1285,1806048000000,call,82000.0,True,open,2026-09-30 18:00:39.948245+00:00,2027-03-26 08:00:00+00:00,0.4837886875873605,0.37939999999999996,86151.77,-0.04939126105869805,BTC,True
0.0845,0.079,0.079,BTC-26MAR27-82000-P,0.0795,0.081,64.4,0.08011179,0.0,1790791239356,84037.31,-6.5089,4.0,37.94,86151.77,BTC-26MAR27,BTC,BTC,27801.55,0.08025,1806048000000,put,82000.0,True,open,2026-09-30 18:00:39.948245+00:00,2027-03-26 08:00:00+00:00,0.4837886875873605,0.37939999999999996,86151.77,-0.04939126105869805,BTC,True
0.116,0.1155,0.1155,BTC-26MAR27-84000-C,0.1155,0.117,291.9,0.11635631,0.0,1790791239365,84037.31,-0.431,2.8,37.84,86151.77,BTC-26MAR27,BTC,BTC,27173.26,0.11625,1806048000000,call,84000.0,True,open,2026-09-30 18:00:39.948245+00:00,2027-03-26 08:00:00+00:00,0.4837886875873605,0.3784,86151.77,-0.02529370947963763,BTC,True
,,0.0954,BTC-26MAR27-84000-P,0.0905,0.092,410.4,0.09136623,0.0,1790791239364,84037.31,,0.0,37.84,86152.07,BTC-26MAR27,BTC,BTC,0.0,0.09125,1806048000000,put,84000.0,True,open,2026-09-30 18:00:39.948245+00:00,2027-03-26 08:00:00+00:00,0.4837886875873605,0.3784,86152.07,-0.025297191700347298,BTC,True
0.1125,0.1085,0.1125,BTC-26MAR27-85000-C,0.11,0.1115,466.7,0.11072454,0.0,1790791239358,84037.31,3.6866,4.5,37.8,86151.77,BTC-26MAR27,BTC,BTC,40861.29,0.11075,1806048000000,call,85000.0,True,open,2026-09-30 18:00:39.948245+00:00,2027-03-26 08:00:00+00:00,0.4837886875873605,0.37799999999999995,86151.77,-0.013459251832634717,BTC,True
,,0.105,BTC-26MAR27-85000-P,0.0965,0.098,14.5,0.09734172,0.0,1790791239365,84037.31,,0.0,37.8,86151.77,BTC-26MAR27,BTC,BTC,0.0,0.09725,1806048000000,put,85000.0,True,open,2026-09-30 18:00:39.948245+00:00,2027-03-26 08:00:00+00:00,0.4837886875873605,0.37799999999999995,86151.77,-0.013459251832634717,BTC,True
0.1085,0.1025,0.1055,BTC-26MAR27-86000-C,0.1045,0.106,364.5,0.10527132,0.0,1790791239363,84037.31,0.9569,24.2,37.76,86151.77,BTC-26MAR27,BTC,BTC,214461.85,0.10525,1806048000000,call,86000.0,True,open,2026-09-30 18:00:39.948245+00:00,2027-03-26 08:00:00+00:00,0.4837886875873605,0.3776,86151.77,-0.001763212069443477,BTC,True
0.1035,0.1035,0.1035,BTC-26MAR27-86000-P,0.103,0.104,28.3,0.10349576,0.0,1790791239356,84037.31,0.0,1.4,37.76,86151.77,BTC-26MAR27,BTC,BTC,12183.42,0.1035,1806048000000,put,86000.0,True,open,2026-09-30 18:00:39.948245+00:00,2027-03-26 08:00:00+00:00,0.4837886875873605,0.3776,86151.77,-0.001763212069443477,BTC,True
0.0985,0.091,0.0985,BTC-26MAR27-88000-C,0.0945,0.0955,120.5,0.09510118,0.0,1790791239364,84037.31,5.3476,3.3,37.72,86152.07,BTC-26MAR27,BTC,BTC,27222.22,0.095,1806048000000,call,88000.0,True,open,2026-09-30 18:00:39.948245+00:00,2027-03-26 08:00:00+00:00,0.4837886875873605,0.3772,86152.07,0.021222823934545592,BTC,True
0.123,0.1185,0.1185,BTC-26MAR27-88000-P,0.1155,0.117,61.1,0.11654014,0.0,1790791239357,84037.31,-3.6585,5.6,37.72,86152.07,BTC-26MAR27,BTC,BTC,56873.33,0.11625,1806048000000,put,88000.0,True,open,2026-09-30 18:00:39.948245+00:00,2027-03-26 08:00:00+00:00,0.4837886875873605,0.3772,86152.07,0.021222823934545592,BTC,True
0.093,0.0875,0.0875,BTC-26MAR27-90000-C,0.085,0.0865,762.2,0.08583558,0.0,1790791239355,84037.31,-5.914,40.7,37.72,86151.77,BTC-26MAR27,BTC,BTC,315751.37,0.08575,1806048000000,call,90000.0,True,open,2026-09-30 18:00:39.948245+00:00,2027-03-26 08:00:00+00:00,0.4837886875873605,0.3772,86151.77,0.04369916200731392,BTC,True
0.137,0.1255,0.1255,BTC-26MAR27-90000-P,0.1295,0.131,45.0,0.13048906,0.0,1790791239355,84037.31,-8.3942,11.3,37.72,86152.07,BTC-26MAR27,BTC,BTC,127587.25,0.13025,1806048000000,put,90000.0,True,open,2026-09-30 18:00:39.948245+00:00,2027-03-26 08:00:00+00:00,0.4837886875873605,0.3772,86152.07,0.043695679786604255,BTC,True
0.0805,0.0805,0.0805,BTC-26MAR27-92000-C,0.0765,0.078,420.8,0.07726927,0.0,1790791239355,84037.31,0.0,1.4,37.7,86151.77,BTC-26MAR27,BTC,BTC,9541.61,0.07725,1806048000000,call,92000.0,True,open,2026-09-30 18:00:39.948245+00:00,2027-03-26 08:00:00+00:00,0.4837886875873605,0.377,86151.77,0.06567806872608908,BTC,True
0.1525,0.1395,0.1395,BTC-26MAR27-92000-P,0.144,0.1455,11.1,0.14513728,0.0,1790791239365,84037.31,-8.5246,2.8,37.7,86151.77,BTC-26MAR27,BTC,BTC,34322.05,0.14475,1806048000000,put,92000.0,True,open,2026-09-30 18:00:39.948245+00:00,2027-03-26 08:00:00+00:00,0.4837886875873605,0.377,86151.77,0.06567806872608908,BTC,True
0.0735,0.0695,0.0725,BTC-26MAR27-94000-C,0.069,0.07,186.2,0.06950279,0.0,1790791239364,84037.31,4.3165,4.3,37.72,86151.77,BTC-26MAR27,BTC,BTC,26488.96,0.0695,1806048000000,call,94000.0,True,open,2026-09-30 18:00:39.948245+00:00,2027-03-26 08:00:00+00:00,0.4837886875873605,0.3772,86151.77,0.08718427394705261,BTC,True
0.1675,0.1675,0.1675,BTC-26MAR27-94000-P,0.1595,0.161,20.2,0.16058532,0.0,1790791239364,84037.31,0.0,1.4,37.72,86151.77,BTC-26MAR27,BTC,BTC,19548.85,0.16025,1806048000000,put,94000.0,True,open,2026-09-30 18:00:39.948245+00:00,2027-03-26 08:00:00+00:00,0.4837886875873605,0.3772,86151.77,0.08718427394705261,BTC,True
0.069,0.0665,0.069,BTC-26MAR27-95000-C,0.065,0.0665,458.1,0.065935,0.0,1790791239357,84037.31,3.7594,20.1,37.75,86152.07,BTC-26MAR27,BTC,BTC,112685.54,0.06575,1806048000000,call,95000.0,True,open,2026-09-30 18:00:39.948245+00:00,2027-03-26 08:00:00+00:00,0.4837886875873605,0.3775,86152.07,0.09776290105687997,BTC,True
,,0.173,BTC-26MAR27-95000-P,0.1675,0.169,9.3,0.16862478,0.0,1790791239356,84037.31,,0.0,37.75,86152.07,BTC-26MAR27,BTC,BTC,0.0,0.16825,1806048000000,put,95000.0,True,open,2026-09-30 18:00:39.948245+00:00,2027-03-26 08:00:00+00:00,0.4837886875873605,0.3775,86152.07,0.09776290105687997,BTC,True
0.066,0.0655,0.0655,BTC-26MAR27-96000-C,0.062,0.063,170.8,0.06246766,0.0,1790791239353,84037.31,-0.7576,2.8,37.75,86151.77,BTC-26MAR27,BTC,BTC,15591.01,0.0625,1806048000000,call,96000.0,True,open,2026-09-30 18:00:39.948245+00:00,2027-03-26 08:00:00+00:00,0.4837886875873605,0.3775,86151.77,0.10823768314488508,BTC,True
,,0.1745,BTC-26MAR27-96000-P,0.1755,0.179,4.4,0.1767647,0.0,1790791239355,84037.31,,0.0,37.75,86151.77,BTC-26MAR27,BTC,BTC,0.0,0.17725,1806048000000,put,96000.0,True,open,2026-09-30 18:00:39.948245+00:00,2027-03-26 08:00:00+00:00,0.4837886875873605,0.3775,86151.77,0.10823768314488508,BTC,True
0.062,0.057,0.058,BTC-26MAR27-98000-C,0.0555,0.0565,220.0,0.05615905,0.0,1790791239356,84037.31,-6.4516,7.0,37.83,86151.77,BTC-26MAR27,BTC,BTC,34767.08,0.056,1806048000000,call,98000.0,True,open,2026-09-30 18:00:39.948245+00:00,2027-03-26 08:00:00+00:00,0.4837886875873605,0.37829999999999997,86151.77,0.1288569703476207,BTC,True
,,0.2061,BTC-26MAR27-98000-P,0.192,0.196,1.6,0.19367062,0.0,1790791239355,84037.31,,0.0,37.83,86151.77,BTC-26MAR27,BTC,BTC,0.0,0.194,1806048000000,put,98000.0,True,open,2026-09-30 18:00:39.948245+00:00,2027-03-26 08:00:00+00:00,0.4837886875873605,0.37829999999999997,86151.77,0.1288569703476207,BTC,True
0.055,0.055,0.055,BTC-26MAR27-100000-C,0.0495,0.051,1288.4,0.05042819,0.0,1790791239358,84037.31,0.0,0.1,37.9,86151.77,BTC-26MAR27,BTC,BTC,468.14,0.05025,1806048000000,call,100000.0,True,open,2026-09-30 18:00:39.948245+00:00,2027-03-26 08:00:00+00:00,0.4837886875873605,0.379,86151.77,0.14905967766514028,BTC,True
,,0.211,BTC-26MAR27-100000-P,0.2085,0.2135,12.7,0.21115428,0.0,1790791239354,84037.31,,0.0,37.9,86152.07,BTC-26MAR27,BTC,BTC,0.0,0.211,1806048000000,put,100000.0,True,open,2026-09-30 18:00:39.948245+00:00,2027-03-26 08:00:00+00:00,0.4837886875873605,0.379,86152.07,0.14905619544443047,BTC,True
0.0505,0.044,0.0505,BTC-26MAR27-102000-C,0.0445,0.046,111.7,0.04531073,0.0,1790791239364,84037.31,14.7727,2.4,38.0,86151.77,BTC-26MAR27,BTC,BTC,10228.83,0.04525,1806048000000,call,102000.0,True,open,2026-09-30 18:00:39.948245+00:00,2027-03-26 08:00:00+00:00,0.4837886875873605,0.38,86151.77,0.1688623049613199,BTC,True
,,0.546,BTC-26MAR27-102000-P,0.2265,0.2315,0.1,0.22925135,0.0,1790791239357,84037.31,,0.0,38.0,86151.77,BTC-26MAR27,BTC,BTC,0.0,0.229,1806048000000,put,102000.0,True,open,2026-09-30 18:00:39.948245+00:00,2027-03-26 08:00:00+00:00,0.4837886875873605,0.38,86151.77,0.1688623049613199,BTC,True
0.0455,0.044,0.0455,BTC-26MAR27-104000-C,0.04,0.041,135.4,0.04073351,0.0,1790791239365,84037.31,3.4091,2.9,38.13,86151.77,BTC-26MAR27,BTC,BTC,11032.47,0.0405,1806048000000,call,104000.0,True,open,2026-09-30 18:00:39.948245+00:00,2027-03-26 08:00:00+00:00,0.4837886875873605,0.38130000000000003,86151.77,0.18828039081842143,BTC,True
,,0.574,BTC-26MAR27-104000-P,0.245,0.2505,0.1,0.24788864,0.0,1790791239364,84037.31,,0.0,38.13,86151.77,BTC-26MAR27,BTC,BTC,0.0,0.24775,1806048000000,put,104000.0,True,open,2026-09-30 18:00:39.948245+00:00,2027-03-26 08:00:00+00:00,0.4837886875873605,0.38130000000000003,86151.77,0.18828039081842143,BTC,True
0.039,0.039,0.039,BTC-26MAR27-105000-C,0.038,0.039,245.0,0.03865463,0.0,1790791239354,84037.31,0.0,0.2,38.21,86151.77,BTC-26MAR27,BTC,BTC,654.48,0.0385,1806048000000,call,105000.0,True,open,2026-09-30 18:00:39.948245+00:00,2027-03-26 08:00:00+00:00,0.4837886875873605,0.3821,86151.77,0.1978498418345721,BTC,True
,,0.2615,BTC-26MAR27-105000-P,0.2545,0.2605,2.4,0.25741702,0.0,1790791239367,84037.31,,0.0,38.21,86151.77,BTC-26MAR27,BTC,BTC,0.0,0.2575,1806048000000,put,105000.0,True,open,2026-09-30 18:00:39.948245+00:00,2027-03-26 08:00:00+00:00,0.4837886875873605,0.3821,86151.77,0.1978498418345721,BTC,True
,,0.037,BTC-26MAR27-106000-C,0.036,0.037,93.5,0.03665688,0.0,1790791239356,84037.31,,0.0,38.28,86151.77,BTC-26MAR27,BTC,BTC,0.0,0.0365,1806048000000,call,106000.0,True,open,2026-09-30 18:00:39.948245+00:00,2027-03-26 08:00:00+00:00,0.4837886875873605,0.38280000000000003,86151.77,0.20732858578911603,BTC,True
,,0.6,BTC-26MAR27-106000-P,0.264,0.2695,0.1,0.26702654,0.0,1790791239354,84037.31,,0.0,38.28,86151.77,BTC-26MAR27,BTC,BTC,0.0,0.26675,1806048000000,put,106000.0,True,open,2026-09-30 18:00:39.948245+00:00,2027-03-26 08:00:00+00:00,0.4837886875873605,0.38280000000000003,86151.77,0.20732858578911603,BTC,True
,,0.0316,BTC-26MAR27-108000-C,0.0325,0.0335,98.0,0.03309627,0.0,1790791239354,84037.31,,0.0,38.47,86152.07,BTC-26MAR27,BTC,BTC,0.0,0.033,1806048000000,call,108000.0,True,open,2026-09-30 18:00:39.948245+00:00,2027-03-26 08:00:00+00:00,0.4837886875873605,0.3847,86152.07,0.22601723658055883,BTC,True
,,0.6285,BTC-26MAR27-108000-P,0.2835,0.289,0.1,0.28668045,0.0,1790791239364,84037.31,,0.0,38.47,86151.77,BTC-26MAR27,BTC,BTC,0.0,0.28625,1806048000000,put,108000.0,True,open,2026-09-30 18:00:39.948245+00:00,2027-03-26 08:00:00+00:00,0.4837886875873605,0.3847,86151.77,0.2260207188012685,BTC,True
0.034,0.028,0.031,BTC-26MAR27-110000-C,0.029,0.0305,1208.6,0.02976298,0.0,1790791239357,84037.31,8.7719,7.7,38.61,86151.77,BTC-26MAR27,BTC,BTC,19819.19,0.02975,1806048000000,call,110000.0,True,open,2026-09-30 18:00:39.948245+00:00,2027-03-26 08:00:00+00:00,0.4837886875873605,0.3861,86151.77,0.244369857469465,BTC,True
,,0.3105,BTC-26MAR27-110000-P,0.3035,0.3095,5.1,0.30656167,0.0,1790791239358,84037.31,,0.0,38.61,86151.77,BTC-26MAR27,BTC,BTC,0.0,0.3065,1806048000000,put,110000.0,True,open,2026-09-30 18:00:39.948245+00:00,2027-03-26 08:00:00+00:00,0.4837886875873605,0.3861,86151.77,0.244369857469465,BTC,True
,,0.0295,BTC-26MAR27-112000-C,0.0265,0.0275,99.2,0.02704583,0.0,1790791239365,84037.31,,0.0,38.89,86151.77,BTC-26MAR27,BTC,BTC,0.0,0.027,1806048000000,call,112000.0,True,open,2026-09-30 18:00:39.948245+00:00,2027-03-26 08:00:00+00:00,0.4837886875873605,0.3889,86151.77,0.2623883629721434,BTC,True
,,0.686,BTC-26MAR27-112000-P,0.324,0.3295,0.1,0.32705905,0.0,1790791239367,84037.31,,0.0,38.89,86151.77,BTC-26MAR27,BTC,BTC,0.0,0.32675,1806048000000,put,112000.0,True,open,2026-09-30 18:00:39.948245+00:00,2027-03-26 08:00:00+00:00,0.4837886875873605,0.3889,86151.77,0.2623883629721434,BTC,True
,,0.0255,BTC-26MAR27-115000-C,0.0225,0.0235,695.7,0.02311615,0.0,1790791239363,84037.31,,0.0,39.11,86151.77,BTC-26MAR27,BTC,BTC,0.0,0.023,1806048000000,call,115000.0,True,open,2026-09-30 18:00:39.948245+00:00,2027-03-26 08:00:00+00:00,0.4837886875873605,0.3911,86151.77,0.2888216200402988,BTC,True
,,0.362,BTC-26MAR27-115000-P,0.3545,0.361,3.0,0.35795115,0.0,1790791239364,84037.31,,0.0,39.11,86151.77,BTC-26MAR27,BTC,BTC,0.0,0.35775,1806048000000,put,115000.0,True,open,2026-09-30 18:00:39.948245+00:00,2027-03-26 08:00:00+00:00,0.4837886875873605,0.3911,86151.77,0.2888216200402988,BTC,True
,,0.0195,BTC-26MAR27-120000-C,0.0175,0.0185,836.8,0.01816057,0.0,1790791239356,84037.31,,0.0,39.7,86151.77,BTC-26MAR27,BTC,BTC,0.0,0.018,1806048000000,call,120000.0,True,open,2026-09-30 18:00:39.948245+00:00,2027-03-26 08:00:00+00:00,0.4837886875873605,0.397,86151.77,0.3313812344590948,BTC,True
,,0.5505,BTC-26MAR27-120000-P,0.4075,0.414,9.9,0.41103188,0.0,1790791239364,84037.31,,0.0,39.7,86152.07,BTC-26MAR27,BTC,BTC,0.0,0.41075,1806048000000,put,120000.0,True,open,2026-09-30 18:00:39.948245+00:00,2027-03-26 08:00:00+00:00,0.4837886875873605,0.397,86152.07,0.3313777522383851,BTC,True
0.015,0.015,0.015,BTC-26MAR27-125000-C,0.014,0.015,430.0,0.0145438,0.0,1790791239357,84037.31,0.0,8.3,40.41,86151.77,BTC-26MAR27,BTC,BTC,10484.05,0.0145,1806048000000,call,125000.0,True,open,2026-09-30 18:00:39.948245+00:00,2027-03-26 08:00:00+00:00,0.4837886875873605,0.40409999999999996,86151.77,0.37220322897934993,BTC,True
,,0.8805,BTC-26MAR27-125000-P,0.4615,0.4685,0.1,0.46545141,0.0,1790791239363,84037.31,,0.0,40.41,86151.77,BTC-26MAR27,BTC,BTC,0.0,0.465,1806048000000,put,125000.0,True,open,2026-09-30 18:00:39.948245+00:00,2027-03-26 08:00:00+00:00,0.4837886875873605,0.40409999999999996,86151.77,0.37220322897934993,BTC,True
0.012,0.0115,0.0115,BTC-26MAR27-130000-C,0.011,0.012,1191.3,0.01154962,0.0,1790791239364,84037.31,-4.1667,20.0,40.96,86151.77,BTC-26MAR27,BTC,BTC,19655.98,0.0115,1806048000000,call,130000.0,True,open,2026-09-30 18:00:39.948245+00:00,2027-03-26 08:00:00+00:00,0.4837886875873605,0.4096,86151.77,0.4114239421326313,BTC,True
,,0.5155,BTC-26MAR27-130000-P,0.5165,0.524,0.5,0.52049354,0.0,1790791239365,84037.31,,0.0,40.96,86151.77,BTC-26MAR27,BTC,BTC,0.0,0.52025,1806048000000,put,130000.0,True,open,2026-09-30 18:00:39.948245+00:00,2027-03-26 08:00:00+00:00,0.4837886875873605,0.4096,86151.77,0.4114239421326313,BTC,True
0.0075,0.0075,0.0075,BTC-26MAR27-140000-C,0.0075,0.0085,902.0,0.00801812,0.0,1790791239354,84037.31,0.0,4.0,42.68,86151.77,BTC-26MAR27,BTC,BTC,2492.16,0.008,1806048000000,call,140000.0,True,open,2026-09-30 18:00:39.948245+00:00,2027-03-26 08:00:00+00:00,0.4837886875873605,0.4268,86151.77,0.4855319142863532,BTC,True
,,0.748,BTC-26MAR27-140000-P,0.629,0.6365,10.9,0.63303464,0.0,1790791239357,84037.31,,0.0,42.68,86151.77,BTC-26MAR27,BTC,BTC,0.0,0.63275,1806048000000,put,140000.0,True,open,2026-09-30 18:00:39.948245+00:00,2027-03-26 08:00:00+00:00,0.4837886875873605,0.4268,86151.77,0.4855319142863532,BTC,True
0.0055,0.0055,0.0055,BTC-26MAR27-150000-C,0.005,0.006,1865.8,0.00551379,0.0,1790791239356,84037.31,0.0,1.9,43.96,86151.77,BTC-26MAR27,BTC,BTC,872.94,0.0055,1806048000000,call,150000.0,True,open,2026-09-30 18:00:39.948245+00:00,2027-03-26 08:00:00+00:00,0.4837886875873605,0.4396,86151.77,0.5545247857733046,BTC,True
,,1.098,BTC-26MAR27-150000-P,0.742,0.7505,0.6,0.74660292,0.0,1790791239357,84037.31,,0.0,43.96,86152.07,BTC-26MAR27,BTC,BTC,0.0,0.74625,1806048000000,put,150000.0,True,open,2026-09-30 18:00:39.948245+00:00,2027-03-26 08:00:00+00:00,0.4837886875873605,0.4396,86152.07,0.5545213035525949,BTC,True
,,0.0055,BTC-26MAR27-160000-C,0.0039,0.0044,1034.3,0.0042087,0.0,1790791239365,84037.31,,0.0,45.74,86151.77,BTC-26MAR27,BTC,BTC,0.0,0.00415,1806048000000,call,160000.0,True,open,2026-09-30 18:00:39.948245+00:00,2027-03-26 08:00:00+00:00,0.4837886875873605,0.45740000000000003,86151.77,0.6190633069108757,BTC,True
,,1.0655,BTC-26MAR27-160000-P,0.8565,0.865,0.1,0.86137044,0.0,1790791239355,84037.31,,0.0,45.74,86152.07,BTC-26MAR27,BTC,BTC,0.0,0.86075,1806048000000,put,160000.0,True,open,2026-09-30 18:00:39.948245+00:00,2027-03-26 08:00:00+00:00,0.4837886875873605,0.45740000000000003,86152.07,0.6190598246901661,BTC,True
0.0035,0.003,0.0034,BTC-26MAR27-170000-C,0.003,0.0036,1006.2,0.0033022,0.0,1790791239364,84037.31,0.0,8.0,47.42,86151.77,BTC-26MAR27,BTC,BTC,2234.03,0.0033,1806048000000,call,170000.0,True,open,2026-09-30 18:00:39.948245+00:00,2027-03-26 08:00:00+00:00,0.4837886875873605,0.4742,86151.77,0.6796879287273105,BTC,True
,,0.9925,BTC-26MAR27-170000-P,0.971,0.9805,0.3,0.97653655,0.0,1790791239355,84037.31,,0.0,47.42,86151.77,BTC-26MAR27,BTC,BTC,0.0,0.97575,1806048000000,put,170000.0,True,open,2026-09-30 18:00:39.948245+00:00,2027-03-26 08:00:00+00:00,0.4837886875873605,0.4742,86151.77,0.6796879287273105,BTC,True
0.0025,0.0024,0.0024,BTC-26MAR27-180000-C,0.0024,0.003,689.4,0.0026958,0.0,1790791239364,84037.31,-4.0,50.0,49.12,86151.77,BTC-26MAR27,BTC,BTC,10132.32,0.0027,1806048000000,call,180000.0,True,open,2026-09-30 18:00:39.948245+00:00,2027-03-26 08:00:00+00:00,0.4837886875873605,0.49119999999999997,86151.77,0.7368463425672592,BTC,True
,,1.3205,BTC-26MAR27-180000-P,1.081,1.1075,0.1,1.09200276,0.0,1790791239354,84037.31,,0.0,49.12,86151.77,BTC-26MAR27,BTC,BTC,0.0,1.09425,1806048000000,put,180000.0,True,open,2026-09-30 18:00:39.948245+00:00,2027-03-26 08:00:00+00:00,0.4837886875873605,0.49119999999999997,86151.77,0.7368463425672592,BTC,True
0.0023,0.0022,0.0023,BTC-26MAR27-190000-C,0.0021,0.0025,692.4,0.00230199,0.0,1790791239357,84037.31,4.5455,5.0,50.9,86151.77,BTC-26MAR27,BTC,BTC,949.14,0.0023,1806048000000,call,190000.0,True,open,2026-09-30 18:00:39.948245+00:00,2027-03-26 08:00:00+00:00,0.4837886875873605,0.509,86151.77,0.790913563837535,BTC,True
,,1.3,BTC-26MAR27-190000-P,1.1955,1.2245,0.9,1.20768156,0.0,1790791239365,84037.31,,0.0,50.9,86151.77,BTC-26MAR27,BTC,BTC,0.0,1.21,1806048000000,put,190000.0,True,open,2026-09-30 18:00:39.948245+00:00,2027-03-26 08:00:00+00:00,0.4837886875873605,0.509,86151.77,0.790913563837535,BTC,True
0.0019,0.0019,0.0019,BTC-26MAR27-200000-C,0.0018,0.0021,483.6,0.00195287,0.0,1790791239357,84037.31,0.0,1.1,52.43,86151.77,BTC-26MAR27,BTC,BTC,174.62,0.00195,1806048000000,call,200000.0,True,open,2026-09-30 18:00:39.948245+00:00,2027-03-26 08:00:00+00:00,0.4837886875873605,0.5243,86151.77,0.8422068582250856,BTC,True
,,1.34,BTC-26MAR27-200000-P,1.3105,1.339,1.0,1.32340505,0.0,1790791239365,84037.31,,0.0,52.43,86151.77,BTC-26MAR27,BTC,BTC,0.0,1.32475,1806048000000,put,200000.0,True,open,2026-09-30 18:00:39.948245+00:00,2027-03-26 08:00:00+00:00,0.4837886875873605,0.5243,86151.77,0.8422068582250856,BTC,True
,,0.669,BTC-25JUN27-30000-C,0.6575,0.6595,87.2,0.65884974,0.0,1790791239364,84037.31,,0.0,61.28,87348.39,BTC-25JUN27,BTC,BTC,0.0,0.6585,1813910400000,call,30000.0,True,open,2026-09-30 18:00:39.948245+00:00,2027-06-25 08:00:00+00:00,0.7331037560805111,0.6128,87348.39,-1.0687072231510226,BTC,True
0.0021,0.0021,0.0021,BTC-25JUN27-30000-P,0.002,0.0026,530.1,0.00230127,0.0,1790791239364,84037.31,0.0,131.8,61.28,87348.39,BTC-25JUN27,BTC,BTC,23128.07,0.0023,1813910400000,put,30000.0,True,open,2026-09-30 18:00:39.948245+00:00,2027-06-25 08:00:00+00:00,0.7331037560805111,0.6128,87348.39,-1.0687072231510226,BTC,True
,,0.5605,BTC-25JUN27-40000-C,0.546,0.5485,19.1,0.54753518,0.0,1790791239358,84037.31,,0.0,53.46,87347.14,BTC-25JUN27,BTC,BTC,0.0,0.54725,1813910400000,call,40000.0,True,open,2026-09-30 18:00:39.948245+00:00,2027-06-25 08:00:00+00:00,0.7331037560805111,0.5346,87347.14,-0.7810108400869438,BTC,True
0.005,0.005,0.005,BTC-25JUN27-40000-P,0.005,0.006,1250.8,0.00547056,0.0,1790791239354,84037.31,0.0,60.0,53.46,87348.39,BTC-25JUN27,BTC,BTC,25068.94,0.0055,1813910400000,put,40000.0,True,open,2026-09-30 18:00:39.948245+00:00,2027-06-25 08:00:00+00:00,0.7331037560805111,0.5346,87348.39,-0.7810251506992418,BTC,True
0.492,0.492,0.492,BTC-25JUN27-45000-C,0.491,0.4935,15.5,0.4927702,0.0,1790791239366,84037.31,0.0,5.0,50.05,87348.39,BTC-25JUN27,BTC,BTC,206216.19,0.49225,1813910400000,call,45000.0,True,open,2026-09-30 18:00:39.948245+00:00,2027-06-25 08:00:00+00:00,0.7331037560805111,0.5005,87348.39,-0.6632421150428583,BTC,True
,,0.0085,BTC-25JUN27-45000-P,0.0075,0.0085,162.6,0.0079475,0.0,1790791239354,84037.31,,0.0,50.05,87348.39,BTC-25JUN27,BTC,BTC,0.0,0.008,1813910400000,put,45000.0,True,open,2026-09-30 18:00:39.948245+00:00,2027-06-25 08:00:00+00:00,0.7331037560805111,0.5005,87348.39,-0.6632421150428583,BTC,True
,,0.443,BTC-25JUN27-50000-C,0.437,0.441,20.2,0.43908069,0.0,1790791239364,84037.31,,0.0,47.16,87348.39,BTC-25JUN27,BTC,BTC,0.0,0.439,1813910400000,call,50000.0,True,open,2026-09-30 18:00:39.948245+00:00,2027-06-25 08:00:00+00:00,0.7331037560805111,0.47159999999999996,87348.39,-0.557881599385032,BTC,True
,,0.012,BTC-25JUN27-50000-P,0.011,0.012,342.9,0.01149991,0.0,1790791239358,84037.31,,0.0,47.16,87348.39,BTC-25JUN27,BTC,BTC,0.0,0.0115,1813910400000,put,50000.0,True,open,2026-09-30 18:00:39.948245+00:00,2027-06-25 08:00:00+00:00,0.7331037560805111,0.47159999999999996,87348.39,-0.557881599385032,BTC,True
,,0.2735,BTC-25JUN27-52000-C,0.416,0.42,1.1,0.41813475,0.0,1790791239365,84037.31,,0.0,46.26,87347.14,BTC-25JUN27,BTC,BTC,0.0,0.418,1813910400000,call,52000.0,True,open,2026-09-30 18:00:39.948245+00:00,2027-06-25 08:00:00+00:00,0.7331037560805111,0.46259999999999996,87347.14,-0.5186465756194526,BTC,True
,,0.0135,BTC-25JUN27-52000-P,0.013,0.014,46.0,0.01345074,0.0,1790791239363,84037.31,,0.0,46.26,87347.14,BTC-25JUN27,BTC,BTC,0.0,0.0135,1813910400000,put,52000.0,True,open,2026-09-30 18:00:39.948245+00:00,2027-06-25 08:00:00+00:00,0.7331037560805111,0.46259999999999996,87347.14,-0.5186465756194526,BTC,True
,,0.3465,BTC-25JUN27-54000-C,0.395,0.399,1.0,0.39727981,0.0,1790791239366,84037.31,,0.0,45.25,87348.39,BTC-25JUN27,BTC,BTC,0.0,0.397,1813910400000,call,54000.0,True,open,2026-09-30 18:00:39.948245+00:00,2027-06-25 08:00:00+00:00,0.7331037560805111,0.4525,87348.39,-0.4809205582489037,BTC,True
,,0.016,BTC-25JUN27-54000-P,0.015,0.016,50.5,0.01549257,0.0,1790791239364,84037.31,,0.0,45.25,87347.14,BTC-25JUN27,BTC,BTC,0.0,0.0155,1813910400000,put,54000.0,True,open,2026-09-30 18:00:39.948245+00:00,2027-06-25 08:00:00+00:00,0.7331037560805111,0.4525,87347.14,-0.48090624763660555,BTC,True
,,0.3815,BTC-25JUN27-55000-C,0.3855,0.389,3.7,0.38703045,0.0,1790791239356,84037.31,,0.0,44.82,87348.39,BTC-25JUN27,BTC,BTC,0.0,0.38725,1813910400000,call,55000.0,True,open,2026-09-30 18:00:39.948245+00:00,2027-06-25 08:00:00+00:00,0.7331037560805111,0.4482,87348.39,-0.46257141958070713,BTC,True
0.0175,0.0175,0.0175,BTC-25JUN27-55000-P,0.016,0.0175,36.9,0.01669159,0.0,1790791239353,84037.31,0.0,0.1,44.82,87348.39,BTC-25JUN27,BTC,BTC,146.72,0.01675,1813910400000,put,55000.0,True,open,2026-09-30 18:00:39.948245+00:00,2027-06-25 08:00:00+00:00,0.7331037560805111,0.4482,87348.39,-0.46257141958070713,BTC,True
,,0.3755,BTC-25JUN27-56000-C,0.3745,0.379,2.9,0.37693295,0.0,1790791239356,84037.31,,0.0,44.46,87348.39,BTC-25JUN27,BTC,BTC,0.0,0.37675,1813910400000,call,56000.0,True,open,2026-09-30 18:00:39.948245+00:00,2027-06-25 08:00:00+00:00,0.7331037560805111,0.4446,87348.39,-0.4445529140780288,BTC,True
,,0.0185,BTC-25JUN27-56000-P,0.0175,0.0185,85.5,0.01804247,0.0,1790791239367,84037.31,,0.0,44.46,87347.14,BTC-25JUN27,BTC,BTC,0.0,0.018,1813910400000,put,56000.0,True,open,2026-09-30 18:00:39.948245+00:00,2027-06-25 08:00:00+00:00,0.7331037560805111,0.4446,87347.14,-0.4445386034657307,BTC,True
,,0.3335,BTC-25JUN27-58000-C,0.3545,0.3585,13.8,0.35685219,0.0,1790791239365,84037.31,,0.0,43.66,87348.39,BTC-25JUN27,BTC,BTC,0.0,0.3565,1813910400000,call,58000.0,True,open,2026-09-30 18:00:39.948245+00:00,2027-06-25 08:00:00+00:00,0.7331037560805111,0.4366,87348.39,-0.4094615942667587,BTC,True
,,0.021,BTC-25JUN27-58000-P,0.0205,0.0215,100.6,0.02085848,0.0,1790791239355,84037.31,,0.0,43.66,87348.39,BTC-25JUN27,BTC,BTC,0.0,0.021,1813910400000,put,58000.0,True,open,2026-09-30 18:00:39.948245+00:00,2027-06-25 08:00:00+00:00,0.7331037560805111,0.4366,87348.39,-0.4094615942667587,BTC,True
,,0.338,BTC-25JUN27-60000-C,0.335,0.339,969.9,0.33726773,0.0,1790791239356,84037.31,,0.0,42.98,87348.39,BTC-25JUN27,BTC,BTC,0.0,0.337,1813910400000,call,60000.0,True,open,2026-09-30 18:00:39.948245+00:00,2027-06-25 08:00:00+00:00,0.7331037560805111,0.42979999999999996,87348.39,-0.3755600425910774,BTC,True
0.025,0.025,0.025,BTC-25JUN27-60000-P,0.0235,0.025,243.1,0.02417079,0.0,1790791239358,84037.31,0.0,0.3,42.98,87347.14,BTC-25JUN27,BTC,BTC,624.01,0.02425,1813910400000,put,60000.0,True,open,2026-09-30 18:00:39.948245+00:00,2027-06-25 08:00:00+00:00,0.7331037560805111,0.42979999999999996,87347.14,-0.3755457319787793,BTC,True
,,0.309,BTC-25JUN27-62000-C,0.3155,0.32,117.9,0.31804322,0.0,1790791239364,84037.31,,0.0,42.3,87348.39,BTC-25JUN27,BTC,BTC,0.0,0.31775,1813910400000,call,62000.0,True,open,2026-09-30 18:00:39.948245+00:00,2027-06-25 08:00:00+00:00,0.7331037560805111,0.423,87348.39,-0.3427702197680865,BTC,True
0.026,0.026,0.026,BTC-25JUN27-62000-P,0.0275,0.0285,115.8,0.02784305,0.0,1790791239365,84037.31,0.0,0.2,42.3,87347.14,BTC-25JUN27,BTC,BTC,443.98,0.028,1813910400000,put,62000.0,True,open,2026-09-30 18:00:39.948245+00:00,2027-06-25 08:00:00+00:00,0.7331037560805111,0.423,87347.14,-0.3427559091557885,BTC,True
,,0.2961,BTC-25JUN27-64000-C,0.297,0.301,33.5,0.2994582,0.0,1790791239365,84037.31,,0.0,41.76,87347.14,BTC-25JUN27,BTC,BTC,0.0,0.299,1813910400000,call,64000.0,True,open,2026-09-30 18:00:39.948245+00:00,2027-06-25 08:00:00+00:00,0.7331037560805111,0.41759999999999997,87347.14,-0.31100721084120825,BTC,True
0.0315,0.0315,0.0315,BTC-25JUN27-64000-P,0.0315,0.033,64.1,0.0321548,0.0,1790791239357,84037.31,0.0,0.1,41.76,87347.14,BTC-25JUN27,BTC,BTC,266.18,0.03225,1813910400000,put,64000.0,True,open,2026-09-30 18:00:39.948245+00:00,2027-06-25 08:00:00+00:00,0.7331037560805111,0.41759999999999997,87347.14,-0.31100721084120825,BTC,True
,,0.295,BTC-25JUN27-65000-C,0.288,0.291,9.1,0.29045518,0.0,1790791239357,84037.31,,0.0,41.55,87348.39,BTC-25JUN27,BTC,BTC,0.0,0.2895,1813910400000,call,65000.0,True,open,2026-09-30 18:00:39.948245+00:00,2027-06-25 08:00:00+00:00,0.7331037560805111,0.4155,87348.39,-0.29551733491754106,BTC,True
0.0325,0.0325,0.0325,BTC-25JUN27-65000-P,0.034,0.035,51.3,0.03460017,0.0,1790791239365,84037.31,0.0,6.0,41.55,87348.39,BTC-25JUN27,BTC,BTC,16579.28,0.0345,1813910400000,put,65000.0,True,open,2026-09-30 18:00:39.948245+00:00,2027-06-25 08:00:00+00:00,0.7331037560805111,0.4155,87348.39,-0.29551733491754106,BTC,True
,,0.2845,BTC-25JUN27-66000-C,0.2795,0.282,25.6,0.2814637,0.0,1790791239357,84037.31,,0.0,41.28,87347.14,BTC-25JUN27,BTC,BTC,0.0,0.28075,1813910400000,call,66000.0,True,open,2026-09-30 18:00:39.948245+00:00,2027-06-25 08:00:00+00:00,0.7331037560805111,0.4128,87347.14,-0.2802355521744545,BTC,True
0.036,0.034,0.034,BTC-25JUN27-66000-P,0.0365,0.0375,66.7,0.03705707,0.0,1790791239357,84037.31,-5.5556,0.2,41.28,87347.14,BTC-25JUN27,BTC,BTC,594.9,0.037,1813910400000,put,66000.0,True,open,2026-09-30 18:00:39.948245+00:00,2027-06-25 08:00:00+00:00,0.7331037560805111,0.4128,87347.14,-0.2802355521744545,BTC,True
,,0.27,BTC-25JUN27-68000-C,0.2615,0.2645,14.7,0.264017,0.0,1790791239355,84037.31,,0.0,40.83,87347.14,BTC-25JUN27,BTC,BTC,0.0,0.263,1813910400000,call,68000.0,True,open,2026-09-30 18:00:39.948245+00:00,2027-06-25 08:00:00+00:00,0.7331037560805111,0.4083,87347.14,-0.25038258902477334,BTC,True
0.04,0.04,0.04,BTC-25JUN27-68000-P,0.042,0.043,26.6,0.04250714,0.0,1790791239354,84037.31,0.0,6.0,40.83,87347.14,BTC-25JUN27,BTC,BTC,20405.27,0.0425,1813910400000,put,68000.0,True,open,2026-09-30 18:00:39.948245+00:00,2027-06-25 08:00:00+00:00,0.7331037560805111,0.4083,87347.14,-0.25038258902477334,BTC,True
0.256,0.2445,0.256,BTC-25JUN27-70000-C,0.245,0.248,207.4,0.2471353,0.0,1790791239355,84037.31,4.7035,4.2,40.41,87348.39,BTC-25JUN27,BTC,BTC,86098.84,0.2465,1813910400000,call,70000.0,True,open,2026-09-30 18:00:39.948245+00:00,2027-06-25 08:00:00+00:00,0.7331037560805111,0.40409999999999996,87348.39,-0.22140936276381917,BTC,True
0.052,0.052,0.052,BTC-25JUN27-70000-P,0.048,0.049,148.0,0.0485222,0.0,1790791239364,84037.31,0.0,0.1,40.41,87347.14,BTC-25JUN27,BTC,BTC,431.63,0.0485,1813910400000,put,70000.0,True,open,2026-09-30 18:00:39.948245+00:00,2027-06-25 08:00:00+00:00,0.7331037560805111,0.40409999999999996,87347.14,-0.22139505215152105,BTC,True
,,0.235,BTC-25JUN27-72000-C,0.229,0.2315,87.2,0.23085794,0.0,1790791239354,84037.31,,0.0,40.0,87347.14,BTC-25JUN27,BTC,BTC,0.0,0.23025,1813910400000,call,72000.0,True,open,2026-09-30 18:00:39.948245+00:00,2027-06-25 08:00:00+00:00,0.7331037560805111,0.4,87347.14,-0.19322417518482474,BTC,True
,,0.0545,BTC-25JUN27-72000-P,0.0545,0.056,54.0,0.05514161,0.0,1790791239355,84037.31,,0.0,40.0,87347.14,BTC-25JUN27,BTC,BTC,0.0,0.05525,1813910400000,put,72000.0,True,open,2026-09-30 18:00:39.948245+00:00,2027-06-25 08:00:00+00:00,0.7331037560805111,0.4,87347.14,-0.19322417518482474,BTC,True
,,0.2115,BTC-25JUN27-74000-C,0.2135,0.216,23.4,0.21546774,0.0,1790791239355,84037.31,,0.0,39.72,87347.14,BTC-25JUN27,BTC,BTC,0.0,0.21475,1813910400000,call,74000.0,True,open,2026-09-30 18:00:39.948245+00:00,2027-06-25 08:00:00+00:00,0.7331037560805111,0.3972,87347.14,-0.16582520099671028,BTC,True
,,0.067,BTC-25JUN27-74000-P,0.062,0.0635,25.5,0.06264818,0.0,1790791239357,84037.31,,0.0,39.72,87347.14,BTC-25JUN27,BTC,BTC,0.0,0.06275,1813910400000,put,74000.0,True,open,2026-09-30 18:00:39.948245+00:00,2027-06-25 08:00:00+00:00,0.7331037560805111,0.3972,87347.14,-0.16582520099671028,BTC,True
,,0.205,BTC-25JUN27-76000-C,0.1985,0.2015,73.2,0.20069357,0.0,1790791239357,84037.31,,0.0,39.43,87348.39,BTC-25JUN27,BTC,BTC,0.0,0.2,1813910400000,call,76000.0,True,open,2026-09-30 18:00:39.948245+00:00,2027-06-25 08:00:00+00:00,0.7331037560805111,0.3943,87348.39,-0.13917126452684708,BTC,True
,,0.076,BTC-25JUN27-76000-P,0.07,0.0715,73.7,0.07077078,0.0,1790791239364,84037.31,,0.0,39.43,87348.39,BTC-25JUN27,BTC,BTC,0.0,0.07075,1813910400000,put,76000.0,True,open,2026-09-30 18:00:39.948245+00:00,2027-06-25 08:00:00+00:00,0.7331037560805111,0.3943,87348.39,-0.13917126452684708,BTC,True
0.195,0.1825,0.195,BTC-25JUN27-78000-C,0.185,0.1875,104.3,0.18676596,0.0,1790791239364,84037.31,6.8493,0.2,39.23,87347.14,BTC-25JUN27,BTC,BTC,3185.78,0.18625,1813910400000,call,78000.0,True,open,2026-09-30 18:00:39.948245+00:00,2027-06-25 08:00:00+00:00,0.7331037560805111,0.3923,87347.14,-0.11318146751128828,BTC,True
,,0.082,BTC-25JUN27-78000-P,0.079,0.0805,106.5,0.07973994,0.0,1790791239355,84037.31,,0.0,39.23,87348.39,BTC-25JUN27,BTC,BTC,0.0,0.07975,1813910400000,put,78000.0,True,open,2026-09-30 18:00:39.948245+00:00,2027-06-25 08:00:00+00:00,0.7331037560805111,0.3923,87348.39,-0.11319577812358642,BTC,True
0.173,0.173,0.173,BTC-25JUN27-80000-C,0.172,0.174,169.8,0.17347397,0.0,1790791239354,84037.31,0.0,3.5,39.02,87347.14,BTC-25JUN27,BTC,BTC,50770.87,0.173,1813910400000,call,80000.0,True,open,2026-09-30 18:00:39.948245+00:00,2027-06-25 08:00:00+00:00,0.7331037560805111,0.39020000000000005,87347.14,-0.08786365952699841,BTC,True
0.0835,0.0835,0.0835,BTC-25JUN27-80000-P,0.0885,0.0905,55.3,0.08934472,0.0,1790791239364,84037.31,0.0,0.4,39.02,87347.14,BTC-25JUN27,BTC,BTC,2851.03,0.0895,1813910400000,put,80000.0,True,open,2026-09-30 18:00:39.948245+00:00,2027-06-25 08:00:00+00:00,0.7331037560805111,0.39020000000000005,87347.14,-0.08786365952699841,BTC,True
,,0.162,BTC-25JUN27-82000-C,0.1595,0.162,70.8,0.1610102,0.0,1790791239354,84037.31,,0.0,38.87,87347.14,BTC-25JUN27,BTC,BTC,0.0,0.16075,1813910400000,call,82000.0,True,open,2026-09-30 18:00:39.948245+00:00,2027-06-25 08:00:00+00:00,0.7331037560805111,0.3887,87347.14,-0.0631710469366269,BTC,True
,,0.1005,BTC-25JUN27-82000-P,0.099,0.101,25.9,0.09977771,0.0,1790791239357,84037.31,,0.0,38.87,87347.14,BTC-25JUN27,BTC,BTC,0.0,0.1,1813910400000,put,82000.0,True,open,2026-09-30 18:00:39.948245+00:00,2027-06-25 08:00:00+00:00,0.7331037560805111,0.3887,87347.14,-0.0631710469366269,BTC,True
,,0.1497,BTC-25JUN27-84000-C,0.148,0.15,378.8,0.14917767,0.0,1790791239356,84037.31,,0.0,38.72,87347.14,BTC-25JUN27,BTC,BTC,0.0,0.149,1813910400000,call,84000.0,True,open,2026-09-30 18:00:39.948245+00:00,2027-06-25 08:00:00+00:00,0.7331037560805111,0.3872,87347.14,-0.03907349535756639,BTC,True
0.1105,0.1075,0.1105,BTC-25JUN27-84000-P,0.1105,0.1125,367.4,0.11084195,0.0,1790791239364,84037.31,0.9132,0.5,38.72,87348.39,BTC-25JUN27,BTC,BTC,4617.99,0.1115,1813910400000,put,84000.0,True,open,2026-09-30 18:00:39.948245+00:00,2027-06-25 08:00:00+00:00,0.7331037560805111,0.3872,87348.39,-0.03908780596986451,BTC,True
0.1525,0.141,0.1525,BTC-25JUN27-85000-C,0.1425,0.1445,163.1,0.14365269,0.0,1790791239354,84037.31,8.156,1.2,38.69,87347.14,BTC-25JUN27,BTC,BTC,14280.89,0.1435,1813910400000,call,85000.0,True,open,2026-09-30 18:00:39.948245+00:00,2027-06-25 08:00:00+00:00,0.7331037560805111,0.38689999999999997,87347.14,-0.02723903771056361,BTC,True
,,0.1185,BTC-25JUN27-85000-P,0.116,0.118,16.5,0.11676536,0.0,1790791239354,84037.31,,0.0,38.69,87347.14,BTC-25JUN27,BTC,BTC,0.0,0.117,1813910400000,put,85000.0,True,open,2026-09-30 18:00:39.948245+00:00,2027-06-25 08:00:00+00:00,0.7331037560805111,0.38689999999999997,87347.14,-0.02723903771056361,BTC,True
0.1465,0.1365,0.1465,BTC-25JUN27-86000-C,0.137,0.139,45.7,0.13824274,0.0,1790791239357,84037.31,7.326,0.2,38.64,87348.39,BTC-25JUN27,BTC,BTC,2393.2,0.138,1813910400000,call,86000.0,True,open,2026-09-30 18:00:39.948245+00:00,2027-06-25 08:00:00+00:00,0.7331037560805111,0.3864,87348.39,-0.01555730855967039,BTC,True
,,0.129,BTC-25JUN27-86000-P,0.122,0.1245,3.1,0.12280379,0.0,1790791239366,84037.31,,0.0,38.64,87347.14,BTC-25JUN27,BTC,BTC,0.0,0.12325,1813910400000,put,86000.0,True,open,2026-09-30 18:00:39.948245+00:00,2027-06-25 08:00:00+00:00,0.7331037560805111,0.3864,87347.14,-0.01554299794737227,BTC,True
,,0.1305,BTC-25JUN27-88000-C,0.127,0.129,32.4,0.12790299,0.0,1790791239366,84037.31,,0.0,38.56,87347.14,BTC-25JUN27,BTC,BTC,0.0,0.128,1813910400000,call,88000.0,True,open,2026-09-30 18:00:39.948245+00:00,2027-06-25 08:00:00+00:00,0.7331037560805111,0.3856,87347.14,0.007446520277326474,BTC,True
0.135,0.1275,0.135,BTC-25JUN27-88000-P,0.1345,0.137,10.5,0.13536081,0.0,1790791239356,84037.31,3.8462,0.5,38.56,87348.39,BTC-25JUN27,BTC,BTC,5519.38,0.13575,1813910400000,put,88000.0,True,open,2026-09-30 18:00:39.948245+00:00,2027-06-25 08:00:00+00:00,0.7331037560805111,0.3856,87348.39,0.007432209665028354,BTC,True
0.117,0.117,0.117,BTC-25JUN27-90000-C,0.1175,0.1195,764.1,0.11833422,0.0,1790791239367,84037.31,0.0,5.0,38.52,87347.14,BTC-25JUN27,BTC,BTC,49013.22,0.1185,1813910400000,call,90000.0,True,open,2026-09-30 18:00:39.948245+00:00,2027-06-25 08:00:00+00:00,0.7331037560805111,0.38520000000000004,87347.14,0.029919376129384966,BTC,True
,,0.158,BTC-25JUN27-90000-P,0.148,0.1505,86.9,0.14868881,0.0,1790791239355,84037.31,,0.0,38.52,87347.14,BTC-25JUN27,BTC,BTC,0.0,0.14925,1813910400000,put,90000.0,True,open,2026-09-30 18:00:39.948245+00:00,2027-06-25 08:00:00+00:00,0.7331037560805111,0.38520000000000004,87347.14,0.029919376129384966,BTC,True
,,0.1075,BTC-25JUN27-92000-C,0.1085,0.1105,19.4,0.10936928,0.0,1790791239364,84037.31,,0.0,38.48,87348.39,BTC-25JUN27,BTC,BTC,0.0,0.1095,1813910400000,call,92000.0,True,open,2026-09-30 18:00:39.948245+00:00,2027-06-25 08:00:00+00:00,0.7331037560805111,0.3848,87348.39,0.0518839722358622,BTC,True
,,0.1585,BTC-25JUN27-92000-P,0.1615,0.1645,0.3,0.16262064,0.0,1790791239366,84037.31,,0.0,38.48,87347.14,BTC-25JUN27,BTC,BTC,0.0,0.163,1813910400000,put,92000.0,True,open,2026-09-30 18:00:39.948245+00:00,2027-06-25 08:00:00+00:00,0.7331037560805111,0.3848,87347.14,0.051898282848160324,BTC,True
,,0.1,BTC-25JUN27-94000-C,0.1,0.102,29.7,0.10115647,0.0,1790791239356,84037.31,,0.0,38.5,87347.14,BTC-25JUN27,BTC,BTC,0.0,0.101,1813910400000,call,94000.0,True,open,2026-09-30 18:00:39.948245+00:00,2027-06-25 08:00:00+00:00,0.7331037560805111,0.385,87347.14,0.07340448806912381,BTC,True
,,0.2925,BTC-25JUN27-94000-P,0.1765,0.179,0.1,0.17730459,0.0,1790791239354,84037.31,,0.0,38.5,87347.14,BTC-25JUN27,BTC,BTC,0.0,0.17775,1813910400000,put,94000.0,True,open,2026-09-30 18:00:39.948245+00:00,2027-06-25 08:00:00+00:00,0.7331037560805111,0.385,87347.14,0.07340448806912381,BTC,True
,,0.0945,BTC-25JUN27-95000-C,0.096,0.098,57.1,0.09720548,0.0,1790791239357,84037.31,,0.0,38.5,87348.39,BTC-25JUN27,BTC,BTC,0.0,0.097,1813910400000,call,95000.0,True,open,2026-09-30 18:00:39.948245+00:00,2027-06-25 08:00:00+00:00,0.7331037560805111,0.385,87348.39,0.08397228678736263,BTC,True
,,0.198,BTC-25JUN27-95000-P,0.184,0.1865,40.2,0.18480199,0.0,1790791239357,84037.31,,0.0,38.5,87348.39,BTC-25JUN27,BTC,BTC,0.0,0.18525,1813910400000,put,95000.0,True,open,2026-09-30 18:00:39.948245+00:00,2027-06-25 08:00:00+00:00,0.7331037560805111,0.385,87348.39,0.08397228678736263,BTC,True
,,0.112,BTC-25JUN27-96000-C,0.0925,0.094,151.5,0.09343311,0.0,1790791239357,84037.31,,0.0,38.5,87347.14,BTC-25JUN27,BTC,BTC,0.0,0.09325,1813910400000,call,96000.0,True,open,2026-09-30 18:00:39.948245+00:00,2027-06-25 08:00:00+00:00,0.7331037560805111,0.385,87347.14,0.09445789726695626,BTC,True
,,0.289,BTC-25JUN27-96000-P,0.1915,0.1945,0.1,0.19247801,0.0,1790791239364,84037.31,,0.0,38.5,87348.39,BTC-25JUN27,BTC,BTC,0.0,0.193,1813910400000,put,96000.0,True,open,2026-09-30 18:00:39.948245+00:00,2027-06-25 08:00:00+00:00,0.7331037560805111,0.385,87348.39,0.09444358665465814,BTC,True
,,0.089,BTC-25JUN27-98000-C,0.0855,0.087,118.4,0.08635916,0.0,1790791239365,84037.31,,0.0,38.54,87348.39,BTC-25JUN27,BTC,BTC,0.0,0.08625,1813910400000,call,98000.0,True,open,2026-09-30 18:00:39.948245+00:00,2027-06-25 08:00:00+00:00,0.7331037560805111,0.38539999999999996,87348.39,0.11506287385739382,BTC,True
,,0.27,BTC-25JUN27-98000-P,0.207,0.2105,0.1,0.20830082,0.0,1790791239357,84037.31,,0.0,38.54,87347.14,BTC-25JUN27,BTC,BTC,0.0,0.20875,1813910400000,put,98000.0,True,open,2026-09-30 18:00:39.948245+00:00,2027-06-25 08:00:00+00:00,0.7331037560805111,0.38539999999999996,87347.14,0.11507718446969184,BTC,True
0.0845,0.0845,0.0845,BTC-25JUN27-100000-C,0.079,0.0805,202.1,0.07983012,0.0,1790791239365,84037.31,0.0,0.1,38.6,87348.39,BTC-25JUN27,BTC,BTC,718.55,0.07975,1813910400000,call,100000.0,True,open,2026-09-30 18:00:39.948245+00:00,2027-06-25 08:00:00+00:00,0.7331037560805111,0.386,87348.39,0.13526558117491327,BTC,True
,,0.2255,BTC-25JUN27-100000-P,0.2235,0.227,2.4,0.22466855,0.0,1790791239357,84037.31,,0.0,38.6,87347.14,BTC-25JUN27,BTC,BTC,0.0,0.22525,1813910400000,put,100000.0,True,open,2026-09-30 18:00:39.948245+00:00,2027-06-25 08:00:00+00:00,0.7331037560805111,0.386,87347.14,0.1352798917872114,BTC,True
,,0.075,BTC-25JUN27-102000-C,0.073,0.0745,53.1,0.07380085,0.0,1790791239358,84037.31,,0.0,38.66,87348.39,BTC-25JUN27,BTC,BTC,0.0,0.07375,1813910400000,call,102000.0,True,open,2026-09-30 18:00:39.948245+00:00,2027-06-25 08:00:00+00:00,0.7331037560805111,0.38659999999999994,87348.39,0.15506820847109298,BTC,True
,,,BTC-25JUN27-102000-P,0.2405,0.2445,0.0,0.24153605,0.0,1790791239357,84037.31,,0.0,38.66,87347.14,BTC-25JUN27,BTC,BTC,0.0,0.2425,1813910400000,put,102000.0,True,open,2026-09-30 18:00:39.948245+00:00,2027-06-25 08:00:00+00:00,0.7331037560805111,0.38659999999999994,87347.14,0.15508251908339102,BTC,True
,,0.0705,BTC-25JUN27-104000-C,0.0675,0.069,185.9,0.06821723,0.0,1790791239354,84037.31,,0.0,38.73,87347.14,BTC-25JUN27,BTC,BTC,0.0,0.06825,1813910400000,call,104000.0,True,open,2026-09-30 18:00:39.948245+00:00,2027-06-25 08:00:00+00:00,0.7331037560805111,0.3873,87347.14,0.1745006049404927,BTC,True
,,,BTC-25JUN27-104000-P,0.2575,0.262,0.0,0.2588492,0.0,1790791239357,84037.31,,0.0,38.73,87347.14,BTC-25JUN27,BTC,BTC,0.0,0.25975,1813910400000,put,104000.0,True,open,2026-09-30 18:00:39.948245+00:00,2027-06-25 08:00:00+00:00,0.7331037560805111,0.3873,87347.14,0.1745006049404927,BTC,True
,,0.0695,BTC-25JUN27-105000-C,0.065,0.0665,163.5,0.06554382,0.0,1790791239357,84037.31,,0.0,38.76,87347.14,BTC-25JUN27,BTC,BTC,0.0,0.06575,1813910400000,call,105000.0,True,open,2026-09-30 18:00:39.948245+00:00,2027-06-25 08:00:00+00:00,0.7331037560805111,0.3876,87347.14,0.18407005595664327,BTC,True
,,0.259,BTC-25JUN27-105000-P,0.2665,0.271,2.1,0.26762417,0.0,1790791239367,84037.31,,0.0,38.76,87347.14,BTC-25JUN27,BTC,BTC,0.0,0.26875,1813910400000,put,105000.0,True,open,2026-09-30 18:00:39.948245+00:00,2027-06-25 08:00:00+00:00,0.7331037560805111,0.3876,87347.14,0.18407005595664327,BTC,True
,,0.059,BTC-25JUN27-106000-C,0.0625,0.064,18.7,0.06304243,0.0,1790791239354,84037.31,,0.0,38.8,87348.39,BTC-25JUN27,BTC,BTC,0.0,0.06325,1813910400000,call,106000.0,True,open,2026-09-30 18:00:39.948245+00:00,2027-06-25 08:00:00+00:00,0.7331037560805111,0.38799999999999996,87348.39,0.19353448929888906,BTC,True
,,,BTC-25JUN27-106000-P,0.275,0.28,0.0,0.27657117,0.0,1790791239355,84037.31,,0.0,38.8,87348.39,BTC-25JUN27,BTC,BTC,0.0,0.2775,1813910400000,put,106000.0,True,open,2026-09-30 18:00:39.948245+00:00,2027-06-25 08:00:00+00:00,0.7331037560805111,0.38799999999999996,87348.39,0.19353448929888906,BTC,True
,,0.0695,BTC-25JUN27-108000-C,0.0575,0.059,35.2,0.05840074,0.0,1790791239354,84037.31,,0.0,38.92,87347.14,BTC-25JUN27,BTC,BTC,0.0,0.05825,1813910400000,call,108000.0,True,open,2026-09-30 18:00:39.948245+00:00,2027-06-25 08:00:00+00:00,0.7331037560805111,0.3892,87347.14,0.21224093292333973,BTC,True
,,0.288,BTC-25JUN27-108000-P,0.2935,0.2985,0.2,0.29482624,0.0,1790791239357,84037.31,,0.0,38.92,87347.14,BTC-25JUN27,BTC,BTC,0.0,0.296,1813910400000,put,108000.0,True,open,2026-09-30 18:00:39.948245+00:00,2027-06-25 08:00:00+00:00,0.7331037560805111,0.3892,87347.14,0.21224093292333973,BTC,True
,,0.055,BTC-25JUN27-110000-C,0.0535,0.055,293.3,0.05406231,0.0,1790791239354,84037.31,,0.0,39.03,87348.39,BTC-25JUN27,BTC,BTC,0.0,0.05425,1813910400000,call,110000.0,True,open,2026-09-30 18:00:39.948245+00:00,2027-06-25 08:00:00+00:00,0.7331037560805111,0.39030000000000004,87348.39,0.23057576097923815,BTC,True
,,0.291,BTC-25JUN27-110000-P,0.312,0.317,5.3,0.31338459,0.0,1790791239355,84037.31,,0.0,39.03,87347.14,BTC-25JUN27,BTC,BTC,0.0,0.3145,1813910400000,put,110000.0,True,open,2026-09-30 18:00:39.948245+00:00,2027-06-25 08:00:00+00:00,0.7331037560805111,0.39030000000000004,87347.14,0.2305900715915362,BTC,True
,,,BTC-25JUN27-112000-C,0.0495,0.051,0.0,0.05009767,0.0,1790791239358,84037.31,,0.0,39.15,87348.39,BTC-25JUN27,BTC,BTC,0.0,0.05025,1813910400000,call,112000.0,True,open,2026-09-30 18:00:39.948245+00:00,2027-06-25 08:00:00+00:00,0.7331037560805111,0.39149999999999996,87348.39,0.24859426648191646,BTC,True
,,,BTC-25JUN27-112000-P,0.3305,0.3355,0.0,0.33231671,0.0,1790791239355,84037.31,,0.0,39.15,87347.14,BTC-25JUN27,BTC,BTC,0.0,0.333,1813910400000,put,112000.0,True,open,2026-09-30 18:00:39.948245+00:00,2027-06-25 08:00:00+00:00,0.7331037560805111,0.39149999999999996,87347.14,0.24860857709421458,BTC,True
,,0.057,BTC-25JUN27-114000-C,0.0455,0.047,6.0,0.04648519,0.0,1790791239364,84037.31,,0.0,39.28,87347.14,BTC-25JUN27,BTC,BTC,0.0,0.04625,1813910400000,call,114000.0,True,open,2026-09-30 18:00:39.948245+00:00,2027-06-25 08:00:00+00:00,0.7331037560805111,0.39280000000000004,87347.14,0.2663081541936154,BTC,True
,,,BTC-25JUN27-114000-P,0.3495,0.355,0.0,0.351601,0.0,1790791239357,84037.31,,0.0,39.28,87347.14,BTC-25JUN27,BTC,BTC,0.0,0.35225,1813910400000,put,114000.0,True,open,2026-09-30 18:00:39.948245+00:00,2027-06-25 08:00:00+00:00,0.7331037560805111,0.39280000000000004,87347.14,0.2663081541936154,BTC,True
,,0.049,BTC-25JUN27-115000-C,0.044,0.0455,149.9,0.04487078,0.0,1790791239356,84037.31,,0.0,39.39,87348.39,BTC-25JUN27,BTC,BTC,0.0,0.04475,1813910400000,call,115000.0,True,open,2026-09-30 18:00:39.948245+00:00,2027-06-25 08:00:00+00:00,0.7331037560805111,0.39390000000000003,87348.39,0.27502752355007193,BTC,True
,,0.355,BTC-25JUN27-115000-P,0.359,0.365,1.0,0.36143498,0.0,1790791239354,84037.31,,0.0,39.39,87347.14,BTC-25JUN27,BTC,BTC,0.0,0.362,1813910400000,put,115000.0,True,open,2026-09-30 18:00:39.948245+00:00,2027-06-25 08:00:00+00:00,0.7331037560805111,0.39390000000000003,87347.14,0.2750418341623701,BTC,True
,,,BTC-25JUN27-116000-C,0.0425,0.044,0.0,0.04323813,0.0,1790791239357,84037.31,,0.0,39.46,87347.14,BTC-25JUN27,BTC,BTC,0.0,0.04325,1813910400000,call,116000.0,True,open,2026-09-30 18:00:39.948245+00:00,2027-06-25 08:00:00+00:00,0.7331037560805111,0.3946,87347.14,0.2836998969054847,BTC,True
,,,BTC-25JUN27-116000-P,0.369,0.3745,0.0,0.37125071,0.0,1790791239356,84037.31,,0.0,39.46,87347.14,BTC-25JUN27,BTC,BTC,0.0,0.37175,1813910400000,put,116000.0,True,open,2026-09-30 18:00:39.948245+00:00,2027-06-25 08:00:00+00:00,0.7331037560805111,0.3946,87347.14,0.2836998969054847,BTC,True
,,0.0375,BTC-25JUN27-120000-C,0.0365,0.038,352.3,0.03736156,0.0,1790791239355,84037.31,,0.0,39.75,87348.39,BTC-25JUN27,BTC,BTC,0.0,0.03725,1813910400000,call,120000.0,True,open,2026-09-30 18:00:39.948245+00:00,2027-06-25 08:00:00+00:00,0.7331037560805111,0.3975,87348.39,0.31758713796886795,BTC,True
,,0.5065,BTC-25JUN27-120000-P,0.4085,0.4145,0.9,0.41116768,0.0,1790791239357,84037.31,,0.0,39.75,87348.39,BTC-25JUN27,BTC,BTC,0.0,0.4115,1813910400000,put,120000.0,True,open,2026-09-30 18:00:39.948245+00:00,2027-06-25 08:00:00+00:00,0.7331037560805111,0.3975,87348.39,0.31758713796886795,BTC,True
,,0.0345,BTC-25JUN27-125000-C,0.0305,0.032,640.0,0.03135153,0.0,1790791239356,84037.31,,0.0,40.18,87348.39,BTC-25JUN27,BTC,BTC,0.0,0.03125,1813910400000,call,125000.0,True,open,2026-09-30 18:00:39.948245+00:00,2027-06-25 08:00:00+00:00,0.7331037560805111,0.4018,87348.39,0.358409132489123,BTC,True
,,,BTC-25JUN27-125000-P,0.4595,0.466,0.0,0.46239957,0.0,1790791239365,84037.31,,0.0,40.18,87347.14,BTC-25JUN27,BTC,BTC,0.0,0.46275,1813910400000,put,125000.0,True,open,2026-09-30 18:00:39.948245+00:00,2027-06-25 08:00:00+00:00,0.7331037560805111,0.4018,87347.14,0.35842344310142105,BTC,True
,,0.0265,BTC-25JUN27-130000-C,0.026,0.027,772.7,0.02661032,0.0,1790791239354,84037.31,,0.0,40.7,87348.39,BTC-25JUN27,BTC,BTC,0.0,0.0265,1813910400000,call,130000.0,True,open,2026-09-30 18:00:39.948245+00:00,2027-06-25 08:00:00+00:00,0.7331037560805111,0.40700000000000003,87348.39,0.3976298456424042,BTC,True
,,0.62,BTC-25JUN27-130000-P,0.512,0.5185,3.9,0.51490028,0.0,1790791239354,84037.31,,0.0,40.7,87348.39,BTC-25JUN27,BTC,BTC,0.0,0.51525,1813910400000,put,130000.0,True,open,2026-09-30 18:00:39.948245+00:00,2027-06-25 08:00:00+00:00,0.7331037560805111,0.40700000000000003,87348.39,0.3976298456424042,BTC,True
,,0.025,BTC-25JUN27-135000-C,0.022,0.023,0.5,0.0226067,0.0,1790791239354,84037.31,,0.0,41.16,87347.14,BTC-25JUN27,BTC,BTC,0.0,0.0225,1813910400000,call,135000.0,True,open,2026-09-30 18:00:39.948245+00:00,2027-06-25 08:00:00+00:00,0.7331037560805111,0.41159999999999997,87347.14,0.4353844842375495,BTC,True
,,,BTC-25JUN27-135000-P,0.565,0.572,0.0,0.56813859,0.0,1790791239354,84037.31,,0.0,41.16,87347.14,BTC-25JUN27,BTC,BTC,0.0,0.5685,1813910400000,put,135000.0,True,open,2026-09-30 18:00:39.948245+00:00,2027-06-25 08:00:00+00:00,0.7331037560805111,0.41159999999999997,87347.14,0.4353844842375495,BTC,True
,,0.021,BTC-25JUN27-140000-C,0.0185,0.02,378.4,0.01925384,0.0,1790791239356,84037.31,,0.0,41.59,87347.14,BTC-25JUN27,BTC,BTC,0.0,0.01925,1813910400000,call,140000.0,True,open,2026-09-30 18:00:39.948245+00:00,2027-06-25 08:00:00+00:00,0.7331037560805111,0.41590000000000005,87347.14,0.47175212840842423,BTC,True
,,0.735,BTC-25JUN27-140000-P,0.619,0.6265,3.4,0.62202765,0.0,1790791239357,84037.31,,0.0,41.59,87347.14,BTC-25JUN27,BTC,BTC,0.0,0.62275,1813910400000,put,140000.0,True,open,2026-09-30 18:00:39.948245+00:00,2027-06-25 08:00:00+00:00,0.7331037560805111,0.41590000000000005,87347.14,0.47175212840842423,BTC,True
,,0.016,BTC-25JUN27-150000-C,0.014,0.015,219.3,0.01454969,0.0,1790791239354,84037.31,,0.0,42.7,87347.14,BTC-25JUN27,BTC,BTC,0.0,0.0145,1813910400000,call,150000.0,True,open,2026-09-30 18:00:39.948245+00:00,2027-06-25 08:00:00+00:00,0.7331037560805111,0.42700000000000005,87347.14,0.5407449998953758,BTC,True
,,0.848,BTC-25JUN27-150000-P,0.7285,0.7365,1.1,0.73180734,0.0,1790791239365,84037.31,,0.0,42.7,87348.39,BTC-25JUN27,BTC,BTC,0.0,0.7325,1813910400000,put,150000.0,True,open,2026-09-30 18:00:39.948245+00:00,2027-06-25 08:00:00+00:00,0.7331037560805111,0.42700000000000005,87348.39,0.5407306892830775,BTC,True
,,0.0115,BTC-25JUN27-160000-C,0.0105,0.0115,698.4,0.01108743,0.0,1790791239365,84037.31,,0.0,43.65,87347.14,BTC-25JUN27,BTC,BTC,0.0,0.011,1813910400000,call,160000.0,True,open,2026-09-30 18:00:39.948245+00:00,2027-06-25 08:00:00+00:00,0.7331037560805111,0.4365,87347.14,0.6052835210329469,BTC,True
,,0.954,BTC-25JUN27-160000-P,0.8395,0.848,0.2,0.84282892,0.0,1790791239358,84037.31,,0.0,43.65,87347.14,BTC-25JUN27,BTC,BTC,0.0,0.84375,1813910400000,put,160000.0,True,open,2026-09-30 18:00:39.948245+00:00,2027-06-25 08:00:00+00:00,0.7331037560805111,0.4365,87347.14,0.6052835210329469,BTC,True
,,0.01,BTC-25JUN27-170000-C,0.008,0.0095,153.0,0.00877364,0.0,1790791239358,84037.31,,0.0,44.74,87347.14,BTC-25JUN27,BTC,BTC,0.0,0.00875,1813910400000,call,170000.0,True,open,2026-09-30 18:00:39.948245+00:00,2027-06-25 08:00:00+00:00,0.7331037560805111,0.4474,87347.14,0.6659081428493817,BTC,True
,,1.1705,BTC-25JUN27-170000-P,0.951,0.9605,14.7,0.95499898,0.0,1790791239365,84037.31,,0.0,44.74,87347.14,BTC-25JUN27,BTC,BTC,0.0,0.95575,1813910400000,put,170000.0,True,open,2026-09-30 18:00:39.948245+00:00,2027-06-25 08:00:00+00:00,0.7331037560805111,0.4474,87347.14,0.6659081428493817,BTC,True
,,0.007,BTC-25JUN27-180000-C,0.0065,0.0075,66.7,0.00706614,0.0,1790791239365,84037.31,,0.0,45.78,87348.39,BTC-25JUN27,BTC,BTC,0.0,0.007,1813910400000,call,180000.0,True,open,2026-09-30 18:00:39.948245+00:00,2027-06-25 08:00:00+00:00,0.7331037560805111,0.4578,87348.39,0.7230522460770322,BTC,True
,,,BTC-25JUN27-180000-P,1.051,1.085,0.0,1.06777532,0.0,1790791239365,84037.31,,0.0,45.78,87347.14,BTC-25JUN27,BTC,BTC,0.0,1.068,1813910400000,put,180000.0,True,open,2026-09-30 18:00:39.948245+00:00,2027-06-25 08:00:00+00:00,0.7331037560805111,0.4578,87347.14,0.7230665566893303,BTC,True
,,0.0065,BTC-25JUN27-190000-C,0.0055,0.0065,67.0,0.00600223,0.0,1790791239365,84037.31,,0.0,47.06,87348.39,BTC-25JUN27,BTC,BTC,0.0,0.006,1813910400000,call,190000.0,True,open,2026-09-30 18:00:39.948245+00:00,2027-06-25 08:00:00+00:00,0.7331037560805111,0.4706,87348.39,0.777119467347308,BTC,True
,,1.335,BTC-25JUN27-190000-P,1.163,1.2,0.6,1.18119526,0.0,1790791239357,84037.31,,0.0,47.06,87347.14,BTC-25JUN27,BTC,BTC,0.0,1.1815,1813910400000,put,190000.0,True,open,2026-09-30 18:00:39.948245+00:00,2027-06-25 08:00:00+00:00,0.7331037560805111,0.4706,87347.14,0.7771337779596061,BTC,True
0.005,0.0045,0.005,BTC-25JUN27-200000-C,0.0046,0.0055,234.3,0.00506056,0.0,1790791239357,84037.31,6.383,51.9,48.12,87347.14,BTC-25JUN27,BTC,BTC,20354.09,0.00505,1813910400000,call,200000.0,True,open,2026-09-30 18:00:39.948245+00:00,2027-06-25 08:00:00+00:00,0.7331037560805111,0.48119999999999996,87347.14,0.8284270723471567,BTC,True
,,1.3705,BTC-25JUN27-200000-P,1.28,1.315,2.1,1.29473742,0.0,1790791239356,84037.31,,0.0,48.12,87348.39,BTC-25JUN27,BTC,BTC,0.0,1.2975,1813910400000,put,200000.0,True,open,2026-09-30 18:00:39.948245+00:00,2027-06-25 08:00:00+00:00,0.7331037560805111,0.48119999999999996,87348.39,0.8284127617348586,BTC,True
,,0.4524,BTC-24SEP27-50000-C,0.4495,0.454,1.5,0.45205265,0.0,1790791239364,84037.31,,0.0,46.15,88475.19,BTC-24SEP27,BTC,BTC,0.0,0.45175,1821772800000,call,50000.0,True,open,2026-09-30 18:00:39.948245+00:00,2027-09-24 08:00:00+00:00,0.9824188245736618,0.46149999999999997,88475.19,-0.5706991683003687,BTC,True
0.018,0.016,0.016,BTC-24SEP27-50000-P,0.0165,0.018,236.0,0.01717421,0.0,1790791239357,84037.31,-8.5714,1.4,46.15,88476.42,BTC-24SEP27,BTC,BTC,1940.6,0.01725,1821772800000,put,50000.0,True,open,2026-09-30 18:00:39.948245+00:00,2027-09-24 08:00:00+00:00,0.9824188245736618,0.46149999999999997,88476.42,-0.570713070406148,BTC,True
,,,BTC-24SEP27-60000-C,0.3525,0.3575,0.0,0.35524331,0.0,1790791239367,84037.31,,0.0,42.69,88476.42,BTC-24SEP27,BTC,BTC,0.0,0.355,1821772800000,call,60000.0,True,open,2026-09-30 18:00:39.948245+00:00,2027-09-24 08:00:00+00:00,0.9824188245736618,0.4269,88476.42,-0.38839151361219343,BTC,True
0.033,0.033,0.033,BTC-24SEP27-60000-P,0.0325,0.0345,18.3,0.03338918,0.0,1790791239365,84037.31,0.0,0.1,42.69,88476.42,BTC-24SEP27,BTC,BTC,276.02,0.0335,1821772800000,put,60000.0,True,open,2026-09-30 18:00:39.948245+00:00,2027-09-24 08:00:00+00:00,0.9824188245736618,0.4269,88476.42,-0.38839151361219343,BTC,True
0.308,0.308,0.308,BTC-24SEP27-65000-C,0.309,0.3125,2.0,0.31081193,0.0,1790791239365,84037.31,0.0,1.5,41.4,88476.42,BTC-24SEP27,BTC,BTC,38523.75,0.31075,1821772800000,call,65000.0,True,open,2026-09-30 18:00:39.948245+00:00,2027-09-24 08:00:00+00:00,0.9824188245736618,0.414,88476.42,-0.30834880593865693,BTC,True
0.045,0.045,0.045,BTC-24SEP27-65000-P,0.0445,0.047,2.1,0.04546995,0.0,1790791239357,84037.31,0.0,0.1,41.4,88475.19,BTC-24SEP27,BTC,BTC,377.45,0.04575,1821772800000,put,65000.0,True,open,2026-09-30 18:00:39.948245+00:00,2027-09-24 08:00:00+00:00,0.9824188245736618,0.414,88475.19,-0.30833490383287765,BTC,True
0.267,0.267,0.267,BTC-24SEP27-70000-C,0.2685,0.272,4.9,0.27018349,0.0,1790791239357,84037.31,0.0,1.5,40.55,88475.19,BTC-24SEP27,BTC,BTC,33411.1,0.27025,1821772800000,call,70000.0,True,open,2026-09-30 18:00:39.948245+00:00,2027-09-24 08:00:00+00:00,0.9824188245736618,0.40549999999999997,88475.19,-0.23422693167915576,BTC,True
,,0.062,BTC-24SEP27-70000-P,0.0605,0.0625,3.1,0.06135367,0.0,1790791239354,84037.31,,0.0,40.55,88475.19,BTC-24SEP27,BTC,BTC,0.0,0.0615,1821772800000,put,70000.0,True,open,2026-09-30 18:00:39.948245+00:00,2027-09-24 08:00:00+00:00,0.9824188245736618,0.40549999999999997,88475.19,-0.23422693167915576,BTC,True
,,,BTC-24SEP27-72000-C,0.253,0.257,0.0,0.25495011,0.0,1790791239356,84037.31,,0.0,40.27,88475.19,BTC-24SEP27,BTC,BTC,0.0,0.255,1821772800000,call,72000.0,True,open,2026-09-30 18:00:39.948245+00:00,2027-09-24 08:00:00+00:00,0.9824188245736618,0.40270000000000006,88475.19,-0.2060560547124595,BTC,True
,,0.0665,BTC-24SEP27-72000-P,0.0675,0.07,1.0,0.06872515,0.0,1790791239357,84037.31,,0.0,40.27,88475.19,BTC-24SEP27,BTC,BTC,0.0,0.06875,1821772800000,put,72000.0,True,open,2026-09-30 18:00:39.948245+00:00,2027-09-24 08:00:00+00:00,0.9824188245736618,0.40270000000000006,88475.19,-0.2060560547124595,BTC,True
,,0.2459,BTC-24SEP27-74000-C,0.2385,0.2425,1.4,0.24027566,0.0,1790791239356,84037.31,,0.0,40.0,88475.19,BTC-24SEP27,BTC,BTC,0.0,0.2405,1821772800000,call,74000.0,True,open,2026-09-30 18:00:39.948245+00:00,2027-09-24 08:00:00+00:00,0.9824188245736618,0.4,88475.19,-0.17865708052434512,BTC,True
,,0.0811,BTC-24SEP27-74000-P,0.0755,0.078,25.0,0.07665556,0.0,1790791239354,84037.31,,0.0,40.0,88475.19,BTC-24SEP27,BTC,BTC,0.0,0.07675,1821772800000,put,74000.0,True,open,2026-09-30 18:00:39.948245+00:00,2027-09-24 08:00:00+00:00,0.9824188245736618,0.4,88475.19,-0.17865708052434512,BTC,True
0.2235,0.2235,0.2235,BTC-24SEP27-76000-C,0.2245,0.2285,7.6,0.22646223,0.0,1790791239358,84037.31,0.0,0.1,39.84,88476.42,BTC-24SEP27,BTC,BTC,1863.61,0.2265,1821772800000,call,76000.0,True,open,2026-09-30 18:00:39.948245+00:00,2027-09-24 08:00:00+00:00,0.9824188245736618,0.39840000000000003,88476.42,-0.15200273554796298,BTC,True
,,0.0855,BTC-24SEP27-76000-P,0.0845,0.087,1.0,0.08544699,0.0,1790791239355,84037.31,,0.0,39.84,88475.19,BTC-24SEP27,BTC,BTC,0.0,0.08575,1821772800000,put,76000.0,True,open,2026-09-30 18:00:39.948245+00:00,2027-09-24 08:00:00+00:00,0.9824188245736618,0.39840000000000003,88475.19,-0.1519888334421837,BTC,True
0.2185,0.2185,0.2185,BTC-24SEP27-78000-C,0.2115,0.2155,12.0,0.21316997,0.0,1790791239365,84037.31,0.0,0.2,39.66,88476.42,BTC-24SEP27,BTC,BTC,3690.98,0.2135,1821772800000,call,78000.0,True,open,2026-09-30 18:00:39.948245+00:00,2027-09-24 08:00:00+00:00,0.9824188245736618,0.39659999999999995,88476.42,-0.12602724914470237,BTC,True
,,,BTC-24SEP27-78000-P,0.0935,0.0965,0.0,0.0947596,0.0,1790791239364,84037.31,,0.0,39.66,88475.19,BTC-24SEP27,BTC,BTC,0.0,0.095,1821772800000,put,78000.0,True,open,2026-09-30 18:00:39.948245+00:00,2027-09-24 08:00:00+00:00,0.9824188245736618,0.39659999999999995,88475.19,-0.12601334703892308,BTC,True
0.2105,0.2105,0.2105,BTC-24SEP27-80000-C,0.199,0.2025,15.2,0.20053205,0.0,1790791239358,84037.31,0.0,3.5,39.52,88475.19,BTC-24SEP27,BTC,BTC,62865.67,0.20075,1821772800000,call,80000.0,True,open,2026-09-30 18:00:39.948245+00:00,2027-09-24 08:00:00+00:00,0.9824188245736618,0.39520000000000005,88475.19,-0.10069553905463315,BTC,True
,,0.105,BTC-24SEP27-80000-P,0.1035,0.1065,300.3,0.10472654,0.0,1790791239354,84037.31,,0.0,39.52,88475.19,BTC-24SEP27,BTC,BTC,0.0,0.105,1821772800000,put,80000.0,True,open,2026-09-30 18:00:39.948245+00:00,2027-09-24 08:00:00+00:00,0.9824188245736618,0.39520000000000005,88475.19,-0.10069553905463315,BTC,True
0.184,0.184,0.184,BTC-24SEP27-82000-C,0.1865,0.1905,0.3,0.18844102,0.0,1790791239364,84037.31,0.0,0.1,39.38,88475.19,BTC-24SEP27,BTC,BTC,1528.43,0.1885,1821772800000,call,82000.0,True,open,2026-09-30 18:00:39.948245+00:00,2027-09-24 08:00:00+00:00,0.9824188245736618,0.39380000000000004,88475.19,-0.0760029264642617,BTC,True
,,0.114,BTC-24SEP27-82000-P,0.114,0.117,0.8,0.11524037,0.0,1790791239358,84037.31,,0.0,39.38,88475.19,BTC-24SEP27,BTC,BTC,0.0,0.1155,1821772800000,put,82000.0,True,open,2026-09-30 18:00:39.948245+00:00,2027-09-24 08:00:00+00:00,0.9824188245736618,0.39380000000000004,88475.19,-0.0760029264642617,BTC,True
0.1825,0.1775,0.1775,BTC-24SEP27-84000-C,0.1755,0.1795,351.8,0.17716379,0.0,1790791239354,84037.31,-2.7397,0.2,39.31,88475.19,BTC-24SEP27,BTC,BTC,3039.64,0.1775,1821772800000,call,84000.0,True,open,2026-09-30 18:00:39.948245+00:00,2027-09-24 08:00:00+00:00,0.9824188245736618,0.3931,88475.19,-0.051905374885201236,BTC,True
0.132,0.1315,0.132,BTC-24SEP27-84000-P,0.125,0.1285,351.2,0.126568,0.0,1790791239355,84037.31,0.3802,0.3,39.31,88475.19,BTC-24SEP27,BTC,BTC,3282.11,0.12675,1821772800000,put,84000.0,True,open,2026-09-30 18:00:39.948245+00:00,2027-09-24 08:00:00+00:00,0.9824188245736618,0.3931,88475.19,-0.051905374885201236,BTC,True
,,0.168,BTC-24SEP27-86000-C,0.1645,0.168,0.1,0.16623162,0.0,1790791239356,84037.31,,0.0,39.19,88475.19,BTC-24SEP27,BTC,BTC,0.0,0.16625,1821772800000,call,86000.0,True,open,2026-09-30 18:00:39.948245+00:00,2027-09-24 08:00:00+00:00,0.9824188245736618,0.39189999999999997,88475.19,-0.02837487747500705,BTC,True
,,0.1345,BTC-24SEP27-86000-P,0.137,0.14,0.7,0.1382407,0.0,1790791239355,84037.31,,0.0,39.19,88475.19,BTC-24SEP27,BTC,BTC,0.0,0.1385,1821772800000,put,86000.0,True,open,2026-09-30 18:00:39.948245+00:00,2027-09-24 08:00:00+00:00,0.9824188245736618,0.39189999999999997,88475.19,-0.02837487747500705,BTC,True
0.16,0.16,0.16,BTC-24SEP27-88000-C,0.1545,0.1575,12.0,0.15614975,0.0,1790791239363,84037.31,0.0,0.5,39.15,88475.19,BTC-24SEP27,BTC,BTC,6765.36,0.156,1821772800000,call,88000.0,True,open,2026-09-30 18:00:39.948245+00:00,2027-09-24 08:00:00+00:00,0.9824188245736618,0.39149999999999996,88475.19,-0.005385359250308354,BTC,True
,,0.1475,BTC-24SEP27-88000-P,0.1495,0.1525,0.9,0.15076369,0.0,1790791239365,84037.31,,0.0,39.15,88475.19,BTC-24SEP27,BTC,BTC,0.0,0.151,1821772800000,put,88000.0,True,open,2026-09-30 18:00:39.948245+00:00,2027-09-24 08:00:00+00:00,0.9824188245736618,0.39149999999999996,88475.19,-0.005385359250308354,BTC,True
0.15,0.147,0.147,BTC-24SEP27-90000-C,0.145,0.148,10.7,0.14660665,0.0,1790791239357,84037.31,-2.0,0.6,39.13,88476.42,BTC-24SEP27,BTC,BTC,7572.03,0.1465,1821772800000,call,90000.0,True,open,2026-09-30 18:00:39.948245+00:00,2027-09-24 08:00:00+00:00,0.9824188245736618,0.39130000000000004,88476.42,0.01707359449597092,BTC,True
,,0.1635,BTC-24SEP27-90000-P,0.162,0.1655,1.0,0.16382545,0.0,1790791239364,84037.31,,0.0,39.13,88475.19,BTC-24SEP27,BTC,BTC,0.0,0.16375,1821772800000,put,90000.0,True,open,2026-09-30 18:00:39.948245+00:00,2027-09-24 08:00:00+00:00,0.9824188245736618,0.39130000000000004,88475.19,0.017087496601750306,BTC,True
,,0.1355,BTC-24SEP27-92000-C,0.136,0.139,1.0,0.13762754,0.0,1790791239354,84037.31,,0.0,39.11,88475.19,BTC-24SEP27,BTC,BTC,0.0,0.1375,1821772800000,call,92000.0,True,open,2026-09-30 18:00:39.948245+00:00,2027-09-24 08:00:00+00:00,0.9824188245736618,0.3911,88475.19,0.03906640332052551,BTC,True
,,,BTC-24SEP27-92000-P,0.1755,0.179,0.0,0.1774512,0.0,1790791239357,84037.31,,0.0,39.11,88475.19,BTC-24SEP27,BTC,BTC,0.0,0.17725,1821772800000,put,92000.0,True,open,2026-09-30 18:00:39.948245+00:00,2027-09-24 08:00:00+00:00,0.9824188245736618,0.3911,88475.19,0.03906640332052551,BTC,True
,,0.126,BTC-24SEP27-94000-C,0.1275,0.13,1.1,0.1289465,0.0,1790791239364,84037.31,,0.0,39.05,88475.19,BTC-24SEP27,BTC,BTC,0.0,0.12875,1821772800000,call,94000.0,True,open,2026-09-30 18:00:39.948245+00:00,2027-09-24 08:00:00+00:00,0.9824188245736618,0.39049999999999996,88475.19,0.060572608541489055,BTC,True
,,,BTC-24SEP27-94000-P,0.1895,0.1935,0.0,0.19137503,0.0,1790791239364,84037.31,,0.0,39.05,88475.19,BTC-24SEP27,BTC,BTC,0.0,0.1915,1821772800000,put,94000.0,True,open,2026-09-30 18:00:39.948245+00:00,2027-09-24 08:00:00+00:00,0.9824188245736618,0.39049999999999996,88475.19,0.060572608541489055,BTC,True
,,0.12,BTC-24SEP27-96000-C,0.1195,0.122,0.2,0.12093771,0.0,1790791239355,84037.31,,0.0,39.05,88475.19,BTC-24SEP27,BTC,BTC,0.0,0.12075,1821772800000,call,96000.0,True,open,2026-09-30 18:00:39.948245+00:00,2027-09-24 08:00:00+00:00,0.9824188245736618,0.39049999999999996,88475.19,0.08162601773932135,BTC,True
,,,BTC-24SEP27-96000-P,0.204,0.208,0.0,0.2059711,0.0,1790791239364,84037.31,,0.0,39.05,88475.19,BTC-24SEP27,BTC,BTC,0.0,0.206,1821772800000,put,96000.0,True,open,2026-09-30 18:00:39.948245+00:00,2027-09-24 08:00:00+00:00,0.9824188245736618,0.39049999999999996,88475.19,0.08162601773932135,BTC,True
,,0.112,BTC-24SEP27-98000-C,0.112,0.1145,0.3,0.11343662,0.0,1790791239365,84037.31,,0.0,39.05,88475.19,BTC-24SEP27,BTC,BTC,0.0,0.11325,1821772800000,call,98000.0,True,open,2026-09-30 18:00:39.948245+00:00,2027-09-24 08:00:00+00:00,0.9824188245736618,0.39049999999999996,88475.19,0.1022453049420572,BTC,True
,,,BTC-24SEP27-98000-P,0.219,0.2235,0.0,0.22107487,0.0,1790791239357,84037.31,,0.0,39.05,88475.19,BTC-24SEP27,BTC,BTC,0.0,0.22125,1821772800000,put,98000.0,True,open,2026-09-30 18:00:39.948245+00:00,2027-09-24 08:00:00+00:00,0.9824188245736618,0.39049999999999996,88475.19,0.1022453049420572,BTC,True
,,0.104,BTC-24SEP27-100000-C,0.105,0.1075,11.4,0.10642381,0.0,1790791239364,84037.31,,0.0,39.08,88475.19,BTC-24SEP27,BTC,BTC,0.0,0.10625,1821772800000,call,100000.0,True,open,2026-09-30 18:00:39.948245+00:00,2027-09-24 08:00:00+00:00,0.9824188245736618,0.3908,88475.19,0.1224480122595766,BTC,True
,,,BTC-24SEP27-100000-P,0.2345,0.239,0.0,0.23666692,0.0,1790791239357,84037.31,,0.0,39.08,88475.19,BTC-24SEP27,BTC,BTC,0.0,0.23675,1821772800000,put,100000.0,True,open,2026-09-30 18:00:39.948245+00:00,2027-09-24 08:00:00+00:00,0.9824188245736618,0.3908,88475.19,0.1224480122595766,BTC,True
0.098,0.098,0.098,BTC-24SEP27-102000-C,0.0985,0.101,2.4,0.09988172,0.0,1790791239357,84037.31,0.0,0.3,39.12,88475.19,BTC-24SEP27,BTC,BTC,2462.53,0.09975,1821772800000,call,102000.0,True,open,2026-09-30 18:00:39.948245+00:00,2027-09-24 08:00:00+00:00,0.9824188245736618,0.3912,88475.19,0.1422506395557563,BTC,True
,,,BTC-24SEP27-102000-P,0.2505,0.2555,0.0,0.25272969,0.0,1790791239354,84037.31,,0.0,39.12,88476.42,BTC-24SEP27,BTC,BTC,0.0,0.253,1821772800000,put,102000.0,True,open,2026-09-30 18:00:39.948245+00:00,2027-09-24 08:00:00+00:00,0.9824188245736618,0.3912,88476.42,0.142236737449977,BTC,True
,,0.096,BTC-24SEP27-104000-C,0.092,0.095,5.1,0.09361429,0.0,1790791239356,84037.31,,0.0,39.13,88476.42,BTC-24SEP27,BTC,BTC,0.0,0.0935,1821772800000,call,104000.0,True,open,2026-09-30 18:00:39.948245+00:00,2027-09-24 08:00:00+00:00,0.9824188245736618,0.39130000000000004,88476.42,0.16165482330707856,BTC,True
,,,BTC-24SEP27-104000-P,0.2665,0.272,0.0,0.26906713,0.0,1790791239354,84037.31,,0.0,39.13,88476.42,BTC-24SEP27,BTC,BTC,0.0,0.26925,1821772800000,put,104000.0,True,open,2026-09-30 18:00:39.948245+00:00,2027-09-24 08:00:00+00:00,0.9824188245736618,0.39130000000000004,88476.42,0.16165482330707856,BTC,True
,,0.0925,BTC-24SEP27-106000-C,0.0865,0.089,0.1,0.08787185,0.0,1790791239357,84037.31,,0.0,39.18,88475.19,BTC-24SEP27,BTC,BTC,0.0,0.08775,1821772800000,call,106000.0,True,open,2026-09-30 18:00:39.948245+00:00,2027-09-24 08:00:00+00:00,0.9824188245736618,0.3918,88475.19,0.18071692038355228,BTC,True
,,,BTC-24SEP27-106000-P,0.2835,0.289,0.0,0.28592955,0.0,1790791239365,84037.31,,0.0,39.18,88475.19,BTC-24SEP27,BTC,BTC,0.0,0.28625,1821772800000,put,106000.0,True,open,2026-09-30 18:00:39.948245+00:00,2027-09-24 08:00:00+00:00,0.9824188245736618,0.3918,88475.19,0.18071692038355228,BTC,True
,,,BTC-24SEP27-108000-C,0.081,0.0835,0.0,0.08243331,0.0,1790791239353,84037.31,,0.0,39.22,88476.42,BTC-24SEP27,BTC,BTC,0.0,0.08225,1821772800000,call,108000.0,True,open,2026-09-30 18:00:39.948245+00:00,2027-09-24 08:00:00+00:00,0.9824188245736618,0.3922,88476.42,0.19939515128992555,BTC,True
,,,BTC-24SEP27-108000-P,0.3005,0.3065,0.0,0.30309588,0.0,1790791239355,84037.31,,0.0,39.22,88475.19,BTC-24SEP27,BTC,BTC,0.0,0.3035,1821772800000,put,108000.0,True,open,2026-09-30 18:00:39.948245+00:00,2027-09-24 08:00:00+00:00,0.9824188245736618,0.3922,88475.19,0.19940905339570478,BTC,True
0.079,0.0765,0.079,BTC-24SEP27-110000-C,0.076,0.0785,200.4,0.07737874,0.0,1790791239357,84037.31,3.268,0.2,39.27,88475.19,BTC-24SEP27,BTC,BTC,1301.95,0.07725,1821772800000,call,110000.0,True,open,2026-09-30 18:00:39.948245+00:00,2027-09-24 08:00:00+00:00,0.9824188245736618,0.39270000000000005,88475.19,0.21775819206390146,BTC,True
0.3275,0.3275,0.3275,BTC-24SEP27-110000-P,0.318,0.3245,0.2,0.32064617,0.0,1790791239363,84037.31,0.0,0.2,39.27,88475.19,BTC-24SEP27,BTC,BTC,5461.2,0.32125,1821772800000,put,110000.0,True,open,2026-09-30 18:00:39.948245+00:00,2027-09-24 08:00:00+00:00,0.9824188245736618,0.39270000000000005,88475.19,0.21775819206390146,BTC,True
,,,BTC-24SEP27-112000-C,0.0715,0.074,0.0,0.07282632,0.0,1790791239355,84037.31,,0.0,39.38,88475.19,BTC-24SEP27,BTC,BTC,0.0,0.07275,1821772800000,call,112000.0,True,open,2026-09-30 18:00:39.948245+00:00,2027-09-24 08:00:00+00:00,0.9824188245736618,0.39380000000000004,88475.19,0.23577669756657973,BTC,True
,,,BTC-24SEP27-112000-P,0.336,0.3425,0.0,0.33869861,0.0,1790791239357,84037.31,,0.0,39.38,88476.42,BTC-24SEP27,BTC,BTC,0.0,0.33925,1821772800000,put,112000.0,True,open,2026-09-30 18:00:39.948245+00:00,2027-09-24 08:00:00+00:00,0.9824188245736618,0.39380000000000004,88476.42,0.23576279546080053,BTC,True
,,,BTC-24SEP27-114000-C,0.067,0.0695,0.0,0.06836437,0.0,1790791239365,84037.31,,0.0,39.43,88475.19,BTC-24SEP27,BTC,BTC,0.0,0.06825,1821772800000,call,114000.0,True,open,2026-09-30 18:00:39.948245+00:00,2027-09-24 08:00:00+00:00,0.9824188245736618,0.3943,88475.19,0.2534762746659806,BTC,True
,,,BTC-24SEP27-114000-P,0.354,0.36,0.0,0.35684151,0.0,1790791239363,84037.31,,0.0,39.43,88475.19,BTC-24SEP27,BTC,BTC,0.0,0.357,1821772800000,put,114000.0,True,open,2026-09-30 18:00:39.948245+00:00,2027-09-24 08:00:00+00:00,0.9824188245736618,0.3943,88475.19,0.2534762746659806,BTC,True
,,0.065,BTC-24SEP27-116000-C,0.063,0.0655,0.1,0.06431976,0.0,1790791239357,84037.31,,0.0,39.52,88476.42,BTC-24SEP27,BTC,BTC,0.0,0.06425,1821772800000,call,116000.0,True,open,2026-09-30 18:00:39.948245+00:00,2027-09-24 08:00:00+00:00,0.9824188245736618,0.39520000000000005,88476.42,0.2708541152720706,BTC,True
,,,BTC-24SEP27-116000-P,0.3725,0.379,0.0,0.37540177,0.0,1790791239357,84037.31,,0.0,39.52,88475.19,BTC-24SEP27,BTC,BTC,0.0,0.37575,1821772800000,put,116000.0,True,open,2026-09-30 18:00:39.948245+00:00,2027-09-24 08:00:00+00:00,0.9824188245736618,0.39520000000000005,88475.19,0.27086801737784977,BTC,True
,,0.06,BTC-24SEP27-118000-C,0.0595,0.0615,0.1,0.06059591,0.0,1790791239365,84037.31,,0.0,39.63,88475.19,BTC-24SEP27,BTC,BTC,0.0,0.0605,1821772800000,call,118000.0,True,open,2026-09-30 18:00:39.948245+00:00,2027-09-24 08:00:00+00:00,0.9824188245736618,0.39630000000000004,88475.19,0.2879624507371499,BTC,True
,,,BTC-24SEP27-118000-P,0.3915,0.3975,0.0,0.39428278,0.0,1790791239356,84037.31,,0.0,39.63,88475.19,BTC-24SEP27,BTC,BTC,0.0,0.3945,1821772800000,put,118000.0,True,open,2026-09-30 18:00:39.948245+00:00,2027-09-24 08:00:00+00:00,0.9824188245736618,0.39630000000000004,88475.19,0.2879624507371499,BTC,True
0.058,0.0555,0.058,BTC-24SEP27-120000-C,0.0555,0.058,12.1,0.05688059,0.0,1790791239354,84037.31,1.7544,9.1,39.68,88475.19,BTC-24SEP27,BTC,BTC,43372.13,0.05675,1821772800000,call,120000.0,True,open,2026-09-30 18:00:39.948245+00:00,2027-09-24 08:00:00+00:00,0.9824188245736618,0.3968,88475.19,0.30476956905353125,BTC,True
,,0.42,BTC-24SEP27-120000-P,0.41,0.417,0.0,0.41317233,0.0,1790791239363,84037.31,,0.0,39.68,88475.19,BTC-24SEP27,BTC,BTC,0.0,0.4135,1821772800000,put,120000.0,True,open,2026-09-30 18:00:39.948245+00:00,2027-09-24 08:00:00+00:00,0.9824188245736618,0.3968,88475.19,0.30476956905353125,BTC,True
,,0.0505,BTC-24SEP27-125000-C,0.048,0.0505,3.6,0.0493272,0.0,1790791239358,84037.31,,0.0,40.02,88476.42,BTC-24SEP27,BTC,BTC,0.0,0.04925,1821772800000,call,125000.0,True,open,2026-09-30 18:00:39.948245+00:00,2027-09-24 08:00:00+00:00,0.9824188245736618,0.40020000000000006,88476.42,0.345577661468007,BTC,True
,,,BTC-24SEP27-125000-P,0.459,0.4665,0.0,0.4621311,0.0,1790791239365,84037.31,,0.0,40.02,88475.19,BTC-24SEP27,BTC,BTC,0.0,0.46275,1821772800000,put,125000.0,True,open,2026-09-30 18:00:39.948245+00:00,2027-09-24 08:00:00+00:00,0.9824188245736618,0.40020000000000006,88475.19,0.34559156357378634,BTC,True
,,0.0425,BTC-24SEP27-130000-C,0.0415,0.044,43.3,0.04282516,0.0,1790791239357,84037.31,,0.0,40.34,88476.42,BTC-24SEP27,BTC,BTC,0.0,0.04275,1821772800000,call,130000.0,True,open,2026-09-30 18:00:39.948245+00:00,2027-09-24 08:00:00+00:00,0.9824188245736618,0.40340000000000004,88476.42,0.3847983746212884,BTC,True
,,0.5285,BTC-24SEP27-130000-P,0.509,0.5195,4.0,0.51214121,0.0,1790791239367,84037.31,,0.0,40.34,88475.19,BTC-24SEP27,BTC,BTC,0.0,0.51425,1821772800000,put,130000.0,True,open,2026-09-30 18:00:39.948245+00:00,2027-09-24 08:00:00+00:00,0.9824188245736618,0.40340000000000004,88475.19,0.38481227672706764,BTC,True
,,0.04,BTC-24SEP27-135000-C,0.036,0.0385,100.0,0.03735172,0.0,1790791239354,84037.31,,0.0,40.68,88476.42,BTC-24SEP27,BTC,BTC,0.0,0.03725,1821772800000,call,135000.0,True,open,2026-09-30 18:00:39.948245+00:00,2027-09-24 08:00:00+00:00,0.9824188245736618,0.4068,88476.42,0.4225387026041354,BTC,True
,,,BTC-24SEP27-135000-P,0.5595,0.5675,0.0,0.56317993,0.0,1790791239355,84037.31,,0.0,40.68,88475.19,BTC-24SEP27,BTC,BTC,0.0,0.5635,1821772800000,put,135000.0,True,open,2026-09-30 18:00:39.948245+00:00,2027-09-24 08:00:00+00:00,0.9824188245736618,0.4068,88475.19,0.4225526047099147,BTC,True
,,0.0335,BTC-24SEP27-140000-C,0.032,0.034,6.4,0.03304243,0.0,1790791239357,84037.31,,0.0,41.15,88476.42,BTC-24SEP27,BTC,BTC,0.0,0.033,1821772800000,call,140000.0,True,open,2026-09-30 18:00:39.948245+00:00,2027-09-24 08:00:00+00:00,0.9824188245736618,0.4115,88476.42,0.4589063467750102,BTC,True
,,,BTC-24SEP27-140000-P,0.6115,0.6195,0.0,0.61538278,0.0,1790791239355,84037.31,,0.0,41.15,88476.42,BTC-24SEP27,BTC,BTC,0.0,0.6155,1821772800000,put,140000.0,True,open,2026-09-30 18:00:39.948245+00:00,2027-09-24 08:00:00+00:00,0.9824188245736618,0.4115,88476.42,0.4589063467750102,BTC,True
0.025,0.025,0.025,BTC-24SEP27-150000-C,0.0245,0.0265,23.7,0.02557299,0.0,1790791239355,84037.31,0.0,0.1,41.81,88475.19,BTC-24SEP27,BTC,BTC,209.05,0.0255,1821772800000,call,150000.0,True,open,2026-09-30 18:00:39.948245+00:00,2027-09-24 08:00:00+00:00,0.9824188245736618,0.4181,88475.19,0.527913120367741,BTC,True
,,,BTC-24SEP27-150000-P,0.717,0.726,0.0,0.72093766,0.0,1790791239355,84037.31,,0.0,41.81,88475.19,BTC-24SEP27,BTC,BTC,0.0,0.7215,1821772800000,put,150000.0,True,open,2026-09-30 18:00:39.948245+00:00,2027-09-24 08:00:00+00:00,0.9824188245736618,0.4181,88475.19,0.527913120367741,BTC,True
0.02,0.02,0.02,BTC-24SEP27-160000-C,0.0195,0.0215,0.1,0.02055284,0.0,1790791239357,84037.31,0.0,0.1,42.7,88475.19,BTC-24SEP27,BTC,BTC,167.24,0.0205,1821772800000,call,160000.0,True,open,2026-09-30 18:00:39.948245+00:00,2027-09-24 08:00:00+00:00,0.9824188245736618,0.42700000000000005,88475.19,0.5924516415053122,BTC,True
,,,BTC-24SEP27-160000-P,0.8245,0.835,0.0,0.82894182,0.0,1790791239354,84037.31,,0.0,42.7,88475.19,BTC-24SEP27,BTC,BTC,0.0,0.82975,1821772800000,put,160000.0,True,open,2026-09-30 18:00:39.948245+00:00,2027-09-24 08:00:00+00:00,0.9824188245736618,0.42700000000000005,88475.19,0.5924516415053122,BTC,True
,,0.0165,BTC-24SEP27-170000-C,0.016,0.0175,1.7,0.01679049,0.0,1790791239357,84037.31,,0.0,43.58,88475.19,BTC-24SEP27,BTC,BTC,0.0,0.01675,1821772800000,call,170000.0,True,open,2026-09-30 18:00:39.948245+00:00,2027-09-24 08:00:00+00:00,0.9824188245736618,0.43579999999999997,88475.19,0.653076263321747,BTC,True
,,0.9545,BTC-24SEP27-170000-P,0.9335,0.944,4.3,0.93820379,0.0,1790791239356,84037.31,,0.0,43.58,88475.19,BTC-24SEP27,BTC,BTC,0.0,0.93875,1821772800000,put,170000.0,True,open,2026-09-30 18:00:39.948245+00:00,2027-09-24 08:00:00+00:00,0.9824188245736618,0.43579999999999997,88475.19,0.653076263321747,BTC,True
0.015,0.014,0.014,BTC-24SEP27-180000-C,0.013,0.0145,51.7,0.01378553,0.0,1790791239357,84037.31,-6.6667,46.1,44.34,88475.19,BTC-24SEP27,BTC,BTC,58959.77,0.01375,1821772800000,call,180000.0,True,open,2026-09-30 18:00:39.948245+00:00,2027-09-24 08:00:00+00:00,0.9824188245736618,0.4434,88475.19,0.7102346771616956,BTC,True
,,1.05,BTC-24SEP27-180000-P,1.033,1.068,0.1,1.04822313,0.0,1790791239365,84037.31,,0.0,44.34,88475.19,BTC-24SEP27,BTC,BTC,0.0,1.0505,1821772800000,put,180000.0,True,open,2026-09-30 18:00:39.948245+00:00,2027-09-24 08:00:00+00:00,0.9824188245736618,0.4434,88475.19,0.7102346771616956,BTC,True
,,0.012,BTC-24SEP27-190000-C,0.011,0.0125,1.9,0.01176454,0.0,1790791239356,84037.31,,0.0,45.32,88475.19,BTC-24SEP27,BTC,BTC,0.0,0.01175,1821772800000,call,190000.0,True,open,2026-09-30 18:00:39.948245+00:00,2027-09-24 08:00:00+00:00,0.9824188245736618,0.4532,88475.19,0.7643018984319714,BTC,True
,,,BTC-24SEP27-190000-P,1.143,1.1805,0.0,1.15922646,0.0,1790791239364,84037.31,,0.0,45.32,88475.19,BTC-24SEP27,BTC,BTC,0.0,1.16175,1821772800000,put,190000.0,True,open,2026-09-30 18:00:39.948245+00:00,2027-09-24 08:00:00+00:00,0.9824188245736618,0.4532,88475.19,0.7643018984319714,BTC,True
0.01,0.01,0.01,BTC-24SEP27-200000-C,0.0095,0.0105,27.5,0.01001683,0.0,1790791239356,84037.31,0.0,0.3,46.13,88475.19,BTC-24SEP27,BTC,BTC,256.03,0.01,1821772800000,call,200000.0,True,open,2026-09-30 18:00:39.948245+00:00,2027-09-24 08:00:00+00:00,0.9824188245736618,0.46130000000000004,88475.19,0.8155951928195219,BTC,True
,,,BTC-24SEP27-200000-P,1.253,1.293,0.0,1.27050305,0.0,1790791239354,84037.31,,0.0,46.13,88475.19,BTC-24SEP27,BTC,BTC,0.0,1.273,1821772800000,put,200000.0,True,open,2026-09-30 18:00:39.948245+00:00,2027-09-24 08:00:00+00:00,0.9824188245736618,0.46130000000000004,88475.19,0.8155951928195219,BTC,True
0.009,0.0085,0.0085,BTC-24SEP27-210000-C,0.008,0.009,19.5,0.00855395,0.0,1790791239364,84037.31,-5.5556,2.3,46.85,88476.42,BTC-24SEP27,BTC,BTC,1663.14,0.0085,1821772800000,call,210000.0,True,open,2026-09-30 18:00:39.948245+00:00,2027-09-24 08:00:00+00:00,0.9824188245736618,0.4685,88476.42,0.8643714548831746,BTC,True
,,,BTC-24SEP27-210000-P,1.3635,1.406,0.0,1.38206449,0.0,1790791239355,84037.31,,0.0,46.85,88475.19,BTC-24SEP27,BTC,BTC,0.0,1.38475,1821772800000,put,210000.0,True,open,2026-09-30 18:00:39.948245+00:00,2027-09-24 08:00:00+00:00,0.9824188245736618,0.4685,88475.19,0.8643853569889539,BTC,True
0.0085,0.0085,0.0085,BTC-24SEP27-220000-C,0.0065,0.008,17.2,0.00725628,0.0,1790791239367,84037.31,0.0,1.0,47.42,88476.42,BTC-24SEP27,BTC,BTC,714.65,0.00725,1821772800000,call,220000.0,True,open,2026-09-30 18:00:39.948245+00:00,2027-09-24 08:00:00+00:00,0.9824188245736618,0.4742,88476.42,0.9108914705180674,BTC,True
,,,BTC-24SEP27-220000-P,1.474,1.5195,0.0,1.49379113,0.0,1790791239358,84037.31,,0.0,47.42,88475.19,BTC-24SEP27,BTC,BTC,0.0,1.49675,1821772800000,put,220000.0,True,open,2026-09-30 18:00:39.948245+00:00,2027-09-24 08:00:00+00:00,0.9824188245736618,0.4742,88475.19,0.9109053726238467,BTC,True
